nombre,club_actual,Posicion,nacido,partidos_jugados,titularidades,minutos_jugados,goles,asistencias,amarillas,rojas,carreras_progresivas,pases_progresivos,Pases_progresivos_recibidos,temporada,liga
max aarons,bournemouth,DF,2000,20,13,1237,0,1,1,0,22,43,26,2023-2024,premier-league
joshua acheampong,chelsea,DF,2006,1,0,6,0,0,0,0,0,0,0,2023-2024,premier-league
tyler adams,bournemouth,MF,1999,3,1,121,0,0,0,0,4,5,1,2023-2024,premier-league
tosin adarabioyo,fulham,DF,1997,20,18,1617,2,0,2,0,10,62,5,2023-2024,premier-league
elijah adebayo,luton town,FW,1998,27,16,1419,10,0,1,0,16,23,110,2023-2024,premier-league
simon adingra,brighton,FW,2002,31,25,2222,6,1,3,0,111,50,278,2023-2024,premier-league
nayef aguerd,west ham,DF,1996,21,21,1857,1,0,3,1,10,68,3,2023-2024,premier-league
brandon aguilera,nottham forest,FW,2003,1,0,5,0,0,0,0,0,0,1,2023-2024,premier-league
naouirou ahamada,crystal palace,"MF,FW",2002,20,0,349,0,0,4,1,19,25,20,2023-2024,premier-league
anel ahmedhodzic,sheffield utd,DF,1999,31,29,2649,2,0,11,1,15,43,21,2023-2024,premier-league
ola aina,nottham forest,DF,1996,22,20,1692,1,1,3,0,52,69,37,2023-2024,premier-league
rayan aitnouri,wolves,"DF,MF",2001,33,29,2329,2,1,7,0,67,99,99,2023-2024,premier-league
kristoffer ajer,brentford,DF,1998,28,21,1832,2,1,5,0,22,61,31,2023-2024,premier-league
manuel akanji,manchester city,"DF,MF",1995,30,28,2511,2,0,4,1,46,148,36,2023-2024,premier-league
nathan ake,manchester city,DF,1995,29,24,2042,2,2,0,0,24,116,18,2023-2024,premier-league
thiago alcantara,liverpool,MF,1991,1,0,6,0,0,0,0,0,0,0,2023-2024,premier-league
trent alexanderarnold,liverpool,DF,1998,28,25,2155,3,4,6,0,45,205,97,2023-2024,premier-league
alisson,liverpool,GK,1992,28,28,2520,0,0,1,0,0,5,0,2023-2024,premier-league
miguel almiron,newcastle utd,FW,1994,33,23,1937,3,1,2,0,78,78,162,2023-2024,premier-league
edson alvarez,west ham,MF,1997,31,28,2377,1,1,11,0,20,91,26,2023-2024,premier-league
julian alvarez,manchester city,"MF,FW",2000,36,31,2647,11,8,2,0,64,103,180,2023-2024,premier-league
zeki amdouni,burnley,FW,2000,34,27,1953,5,1,2,0,63,49,93,2023-2024,premier-league
sofyan amrabat,manchester utd,"MF,DF",1996,21,10,938,0,0,6,0,6,66,10,2023-2024,premier-league
joachim andersen,crystal palace,DF,1996,38,38,3415,2,3,7,0,21,147,10,2023-2024,premier-league
elliot anderson,newcastle utd,"MF,FW",2002,21,10,1027,0,2,3,0,37,57,70,2023-2024,premier-league
jaidon anthony,bournemouth,FW,1999,3,2,152,0,0,1,0,2,8,9,2023-2024,premier-league
michail antonio,west ham,FW,1990,26,21,1695,6,2,6,0,48,22,104,2023-2024,premier-league
antony,manchester utd,FW,2000,29,15,1324,1,1,5,0,53,64,149,2023-2024,premier-league
oliver arblaster,sheffield utd,MF,2004,12,11,943,0,0,2,0,14,43,4,2023-2024,premier-league
cameron archer,sheffield utd,"FW,MF",2001,29,21,1832,4,1,1,0,33,15,114,2023-2024,premier-league
cameron archer,aston villa,MF,2001,1,0,6,0,0,1,0,1,0,0,2023-2024,premier-league
alphonse areola,west ham,GK,1993,31,31,2699,0,0,1,0,0,1,0,2023-2024,premier-league
lorenz assignon,burnley,DF,2000,15,15,1234,1,2,5,1,38,34,57,2023-2024,premier-league
serge aurier,nottham forest,"DF,MF",1992,12,10,833,0,2,2,0,10,47,29,2023-2024,premier-league
taiwo awoniyi,nottham forest,FW,1997,20,12,1042,6,3,2,0,8,14,45,2023-2024,premier-league
jordan ayew,crystal palace,"FW,MF",1991,35,30,2543,4,7,9,1,74,63,173,2023-2024,premier-league
benoit badiashile,chelsea,DF,2001,18,15,1338,0,1,3,0,3,46,3,2023-2024,premier-league
leon bailey,aston villa,"MF,FW",1997,35,22,2068,10,9,5,0,102,82,226,2023-2024,premier-league
stefan bajcetic,liverpool,MF,2004,1,0,26,0,0,0,0,0,1,0,2023-2024,premier-league
george baldock,sheffield utd,DF,1993,13,11,969,0,1,4,0,9,31,24,2023-2024,premier-league
carlos baleba,brighton,MF,2004,27,15,1325,0,0,7,0,19,50,9,2023-2024,premier-league
fode ballotoure,fulham,"DF,MF",1997,6,0,71,0,0,1,0,5,0,4,2023-2024,premier-league
shandon baptiste,brentford,MF,1998,10,2,229,1,1,1,0,3,5,1,2023-2024,premier-league
valentin barco,brighton,"DF,FW",2004,6,3,307,0,0,1,0,8,14,20,2023-2024,premier-league
ross barkley,luton town,MF,1993,32,30,2618,5,4,6,0,48,163,39,2023-2024,premier-league
harvey barnes,newcastle utd,"FW,MF",1997,21,7,802,5,3,2,0,45,34,79,2023-2024,premier-league
chris basham,sheffield utd,"DF,MF",1988,8,3,321,0,0,1,0,1,7,6,2023-2024,premier-league
calvin bassey,fulham,DF,1999,29,25,2303,1,0,6,1,15,62,4,2023-2024,premier-league
owen beck,liverpool,DF,2002,1,0,8,0,0,0,0,0,0,1,2023-2024,premier-league
donny van de beek,manchester utd,DF,1997,1,0,3,0,0,0,0,0,0,1,2023-2024,premier-league
amarii bell,luton town,DF,1994,21,21,1720,0,0,0,0,32,76,10,2023-2024,premier-league
jeanricner bellegarde,wolves,"MF,FW",1998,22,10,958,2,1,0,1,30,39,49,2023-2024,premier-league
anis ben slimane,sheffield utd,MF,2001,15,4,419,0,0,2,0,3,12,21,2023-2024,premier-league
said benrahma,west ham,"FW,MF",1995,13,5,620,0,1,1,0,28,28,70,2023-2024,premier-league
rodrigo bentancur,tottenham,MF,1997,23,13,1005,1,1,7,0,16,72,31,2023-2024,premier-league
daniel bentley,wolves,GK,1993,5,3,383,0,0,0,0,0,0,0,2023-2024,premier-league
johann berg gumundsson,burnley,"MF,FW",1990,26,12,1192,1,3,2,0,13,59,69,2023-2024,premier-league
sander berge,burnley,MF,1998,37,34,3005,1,2,10,1,64,164,29,2023-2024,premier-league
luke berry,luton town,"MF,DF",1992,17,2,323,2,1,1,0,1,8,7,2023-2024,premier-league
beto,everton,FW,1998,30,9,951,3,0,2,0,14,14,58,2023-2024,premier-league
jordan beyer,burnley,DF,2000,15,15,1234,0,1,6,0,9,25,1,2023-2024,premier-league
philip billing,bournemouth,MF,1996,29,13,1398,2,2,3,1,22,53,63,2023-2024,premier-league
yves bissouma,tottenham,MF,1996,28,26,2068,0,0,10,2,43,169,13,2023-2024,premier-league
benicio boaitey,brighton,"FW,DF",2004,5,0,40,0,0,1,0,1,2,2,2023-2024,premier-league
oscar bobb,manchester city,"FW,MF",2003,14,2,302,1,1,0,0,13,25,38,2023-2024,premier-league
jayden bogle,sheffield utd,DF,2000,34,32,2788,3,0,9,0,38,60,92,2023-2024,premier-league
willy boly,nottham forest,DF,1991,20,18,1438,2,1,3,1,4,32,3,2023-2024,premier-league
sven botman,newcastle utd,DF,2000,17,15,1377,2,2,2,0,0,35,5,2023-2024,premier-league
jarrod bowen,west ham,FW,1996,34,34,3019,16,6,2,0,90,52,186,2023-2024,premier-league
conor bradley,liverpool,DF,2003,11,10,753,1,3,2,0,35,29,64,2023-2024,premier-league
jarrad branthwaite,everton,DF,2002,35,35,3116,3,0,8,0,2,74,6,2023-2024,premier-league
ben brereton,sheffield utd,"FW,MF",1999,14,14,1105,6,1,3,0,23,37,78,2023-2024,premier-league
rhian brewster,sheffield utd,"FW,MF",2000,13,3,346,0,0,0,1,1,3,21,2023-2024,premier-league
armando broja,chelsea,FW,2001,13,6,454,1,0,0,0,11,6,37,2023-2024,premier-league
armando broja,fulham,FW,2001,8,0,88,0,1,0,0,2,2,7,2023-2024,premier-league
andre brooks,sheffield utd,"MF,DF",2003,20,12,938,0,0,1,0,12,18,22,2023-2024,premier-league
david brooks,bournemouth,"FW,MF",1997,13,2,282,1,1,1,0,8,21,27,2023-2024,premier-league
jacob brown,luton town,"MF,FW",1998,19,12,1019,2,0,4,0,25,19,53,2023-2024,premier-league
josh brownhill,burnley,MF,1995,33,23,2252,4,2,4,1,19,90,36,2023-2024,premier-league
jacob bruun larsen,burnley,"MF,FW",1998,32,16,1249,6,0,1,0,61,38,146,2023-2024,premier-league
hugo bueno,wolves,"DF,MF",2002,22,7,741,0,0,1,0,22,8,40,2023-2024,premier-league
santiago bueno,wolves,DF,1998,12,9,822,0,0,1,0,3,11,2,2023-2024,premier-league
facundo buonanotte,brighton,"FW,MF",2004,27,17,1364,3,1,7,0,23,42,69,2023-2024,premier-league
reece burke,luton town,DF,1996,22,20,1660,0,4,5,0,11,67,14,2023-2024,premier-league
dan burn,newcastle utd,DF,1992,33,32,2726,2,2,4,0,14,75,25,2023-2024,premier-league
mason burstow,chelsea,FW,2003,2,0,9,0,0,0,0,0,0,1,2023-2024,premier-league
moises caicedo,chelsea,MF,2001,35,33,2866,1,3,11,0,27,173,27,2023-2024,premier-league
tom cairney,fulham,MF,1991,34,14,1488,1,4,3,0,35,145,72,2023-2024,premier-league
dominic calvertlewin,everton,FW,1997,32,26,2171,7,2,2,0,36,31,122,2023-2024,premier-league
thomas cannon,everton,FW,2002,1,0,1,0,0,0,0,0,0,0,2023-2024,premier-league
diego carlos,aston villa,DF,1993,27,20,1816,0,0,4,0,4,59,1,2023-2024,premier-league
cesare casadei,chelsea,"FW,MF",2003,11,0,79,0,0,0,0,1,3,3,2023-2024,premier-league
casemiro,manchester utd,"MF,DF",1992,25,24,1982,1,2,7,0,12,112,36,2023-2024,premier-league
kaelan casey,west ham,DF,2004,1,0,1,0,0,0,0,0,0,0,2023-2024,premier-league
matty cash,aston villa,DF,1997,29,23,2142,2,2,8,0,62,88,101,2023-2024,premier-league
timothy castagne,fulham,DF,1995,34,29,2634,1,3,3,0,48,77,113,2023-2024,premier-league
jonny castro,wolves,MF,1994,1,0,5,0,0,0,0,0,0,0,2023-2024,premier-league
trevoh chalobah,chelsea,DF,1999,13,10,952,1,0,1,0,5,31,9,2023-2024,premier-league
calum chambers,aston villa,"MF,DF",1995,5,1,152,0,1,1,0,0,5,1,2023-2024,premier-league
youssef chermiti,everton,FW,2004,18,1,208,0,0,3,0,5,5,15,2023-2024,premier-league
ben chilwell,chelsea,DF,1996,13,9,756,0,1,5,0,22,25,59,2023-2024,premier-league
tawanda chirewa,wolves,"MF,FW",2003,8,1,145,0,0,1,0,1,7,8,2023-2024,premier-league
leon chiwome,wolves,FW,2006,3,2,174,0,0,0,0,1,2,7,2023-2024,premier-league
tahith chong,luton town,"MF,FW",1999,33,20,1982,4,0,4,0,57,72,101,2023-2024,premier-league
ryan christie,bournemouth,MF,1995,37,35,2907,0,5,6,0,60,167,78,2023-2024,premier-league
carney chukwuemeka,chelsea,"MF,FW",2003,9,2,227,1,1,2,0,4,12,19,2023-2024,premier-league
bobby clark,liverpool,MF,2005,5,1,89,0,0,0,0,3,3,7,2023-2024,premier-league
jordan clark,luton town,MF,1993,23,14,1304,1,1,4,0,21,51,39,2023-2024,premier-league
nathaniel clyne,crystal palace,DF,1991,19,14,1338,0,0,0,0,10,33,18,2023-2024,premier-league
seamus coleman,everton,DF,1988,12,7,665,0,0,0,0,5,22,16,2023-2024,premier-league
nathan collins,brentford,DF,2001,32,29,2652,1,1,3,0,11,97,18,2023-2024,premier-league
levi colwill,chelsea,DF,2003,23,20,1797,1,1,2,0,23,73,27,2023-2024,premier-league
lewis cook,bournemouth,MF,1997,33,32,2786,0,3,5,1,22,142,15,2023-2024,premier-league
jack cork,burnley,MF,1989,4,0,27,0,0,0,0,4,4,1,2023-2024,premier-league
maxwel cornet,west ham,"MF,FW",1996,7,1,112,1,0,0,0,3,2,8,2023-2024,premier-league
vladimir coufal,west ham,DF,1992,36,36,3132,0,7,7,1,68,119,126,2023-2024,premier-league
philippe coutinho,aston villa,"MF,FW",1992,2,0,25,0,0,0,0,5,5,2,2023-2024,premier-league
aaron cresswell,west ham,"DF,FW",1989,11,4,436,0,0,1,0,4,26,6,2023-2024,premier-league
marc cucurella,chelsea,DF,1998,21,20,1782,0,2,10,0,31,50,73,2023-2024,premier-league
josh cullen,burnley,MF,1996,25,23,2057,2,3,9,0,22,123,22,2023-2024,premier-league
matheus cunha,wolves,"FW,MF",1999,32,29,2440,12,7,9,0,107,87,139,2023-2024,premier-league
sam curtis,sheffield utd,DF,2005,1,0,28,0,0,0,0,0,1,1,2023-2024,premier-league
mahmoud dahoud,brighton,MF,1996,9,6,452,0,1,1,1,4,11,6,2023-2024,premier-league
ameen aldakhil,burnley,DF,2002,13,12,1056,1,0,1,0,7,35,9,2023-2024,premier-league
diogo dalot,manchester utd,DF,1999,36,35,3174,2,3,6,1,52,124,111,2023-2024,premier-league
mikkel damsgaard,brentford,MF,2000,23,7,842,0,2,2,0,16,61,32,2023-2024,premier-league
danilo,nottham forest,MF,2001,29,20,1792,2,2,4,0,22,82,28,2023-2024,premier-league
arnaut danjuma,everton,"MF,FW",1997,14,5,595,1,0,0,0,24,9,44,2023-2024,premier-league
jayden danns,liverpool,FW,2006,2,0,9,0,0,1,0,0,1,2,2023-2024,premier-league
josh dasilva,brentford,"DF,FW",1998,3,0,24,0,0,0,0,2,2,5,2023-2024,premier-league
david datro fofana,burnley,FW,2002,15,10,879,4,1,1,0,21,15,39,2023-2024,premier-league
ben davies,tottenham,DF,1993,17,12,1090,1,0,2,0,13,71,20,2023-2024,premier-league
tom davies,sheffield utd,MF,1998,9,2,221,0,0,2,0,3,8,3,2023-2024,premier-league
craig dawson,wolves,DF,1990,25,25,2209,1,1,7,0,1,49,4,2023-2024,premier-league
kevin de bruyne,manchester city,MF,1991,18,15,1221,4,10,2,0,47,111,133,2023-2024,premier-league
bobby de cordovareid,fulham,FW,1993,33,17,1423,6,2,4,0,35,47,95,2023-2024,premier-league
hannes delcroix,burnley,DF,1999,12,5,589,0,0,2,0,2,18,6,2023-2024,premier-league
leander dendoncker,aston villa,MF,1995,8,1,119,1,0,0,0,0,3,2,2023-2024,premier-league
moussa diaby,aston villa,"FW,MF",1999,38,25,2174,6,8,1,0,94,72,183,2023-2024,premier-league
amad diallo,manchester utd,"FW,MF",2002,9,3,390,1,1,1,0,11,10,31,2023-2024,premier-league
amadou diallo,newcastle utd,MF,2003,1,0,1,0,0,0,0,0,0,0,2023-2024,premier-league
ruben dias,manchester city,DF,1997,30,28,2559,0,0,0,0,34,173,16,2023-2024,premier-league
luis diaz,liverpool,FW,1997,37,32,2629,8,5,3,0,137,113,302,2023-2024,premier-league
eric dier,tottenham,DF,1994,4,1,201,0,0,0,0,0,3,0,2023-2024,premier-league
lucas digne,aston villa,DF,1993,33,27,2410,1,3,7,0,42,77,200,2023-2024,premier-league
issa diop,fulham,DF,1997,18,16,1424,0,0,4,1,11,66,1,2023-2024,premier-league
axel disasi,chelsea,DF,1998,31,29,2579,2,0,6,0,30,112,21,2023-2024,premier-league
ben doak,liverpool,FW,2005,1,0,14,0,0,0,0,0,0,0,2023-2024,premier-league
lewis dobbin,everton,MF,2003,12,1,232,1,0,1,0,6,3,20,2023-2024,premier-league
matt doherty,wolves,"DF,MF",1992,30,9,1150,1,0,2,0,12,31,64,2023-2024,premier-league
jeremy doku,manchester city,"FW,MF",2002,29,18,1595,3,8,3,0,218,57,295,2023-2024,premier-league
nicolas dominguez,nottham forest,"MF,FW",1998,26,19,1495,2,2,4,0,14,91,43,2023-2024,premier-league
jamie donley,tottenham,FW,2005,3,0,3,0,0,1,0,0,0,0,2023-2024,premier-league
abdoulaye doucoure,everton,"FW,MF",1993,32,32,2629,7,1,7,0,55,97,140,2023-2024,premier-league
cheick doucoure,crystal palace,MF,2000,11,11,919,0,0,2,0,9,49,5,2023-2024,premier-league
alfie doughty,luton town,DF,1999,37,34,2925,2,8,5,0,94,106,164,2023-2024,premier-league
tommy doyle,wolves,MF,2001,26,11,1222,0,0,2,0,21,81,17,2023-2024,premier-league
radu dragusin,tottenham,DF,2002,9,4,429,0,0,1,0,5,8,1,2023-2024,premier-league
martin dubravka,newcastle utd,GK,1989,23,22,1985,0,0,1,0,0,0,0,2023-2024,premier-league
paul dummett,newcastle utd,DF,1991,5,0,20,0,0,0,0,1,1,0,2023-2024,premier-league
lewis dunk,brighton,DF,1991,33,33,2869,3,1,7,1,33,152,13,2023-2024,premier-league
jader duran,aston villa,"FW,MF",2003,23,3,475,5,0,5,0,9,9,25,2023-2024,premier-league
george earthy,west ham,FW,2004,3,0,34,1,0,0,0,0,1,3,2023-2024,premier-league
ederson,manchester city,GK,1993,33,33,2785,0,0,5,0,0,4,0,2023-2024,premier-league
odsonne edouard,crystal palace,"FW,MF",1998,30,17,1555,7,0,4,0,33,36,100,2023-2024,premier-league
john egan,sheffield utd,DF,1992,6,6,482,0,0,2,0,0,5,1,2023-2024,premier-league
hjalmar ekdal,burnley,DF,1998,8,5,437,0,0,2,0,5,11,1,2023-2024,premier-league
anthony elanga,nottham forest,"FW,MF",2002,36,25,2433,5,9,1,0,98,49,196,2023-2024,premier-league
harvey elliott,liverpool,"MF,FW",2003,34,11,1352,3,6,2,0,44,128,122,2023-2024,premier-league
mohamed elneny,arsenal,MF,1992,3,0,28,0,0,0,0,1,1,0,2023-2024,premier-league
emerson,tottenham,DF,1999,22,11,1161,1,0,4,0,21,57,35,2023-2024,premier-league
julio enciso,brighton,"MF,FW",2004,12,5,475,0,2,2,0,28,21,29,2023-2024,premier-league
wataru endo,liverpool,MF,1993,29,20,1722,1,0,10,0,10,101,21,2023-2024,premier-league
christian eriksen,manchester utd,MF,1992,22,12,1141,1,2,1,0,20,68,23,2023-2024,premier-league
maxime esteve,burnley,DF,2002,16,15,1309,0,0,6,0,15,40,3,2023-2024,premier-league
pervis estupinan,brighton,DF,1998,19,15,1243,2,3,4,0,47,83,88,2023-2024,premier-league
jonny evans,manchester utd,DF,1988,23,15,1392,0,1,2,0,7,37,1,2023-2024,premier-league
eberechi eze,crystal palace,"MF,FW",1998,27,24,2055,11,4,3,0,68,93,139,2023-2024,premier-league
ukasz fabianski,west ham,GK,1985,10,7,721,0,0,0,0,0,1,0,2023-2024,premier-league
romain faivre,bournemouth,"MF,FW",1998,5,0,41,0,0,1,0,4,5,4,2023-2024,premier-league
ansu fati,brighton,"MF,FW",2002,19,3,521,2,0,2,0,16,28,50,2023-2024,premier-league
felipe,nottham forest,DF,1989,7,4,375,0,0,4,0,1,6,0,2023-2024,premier-league
evan ferguson,brighton,FW,2004,27,15,1367,6,0,1,0,13,15,62,2023-2024,premier-league
bruno fernandes,manchester utd,"MF,FW",1994,35,35,3118,10,8,9,0,86,297,182,2023-2024,premier-league
enzo fernandez,chelsea,MF,2001,28,26,2209,3,2,7,0,52,210,54,2023-2024,premier-league
john fleck,sheffield utd,"MF,DF",1991,4,1,92,0,0,1,0,2,3,0,2023-2024,premier-league
mark flekken,brentford,GK,1993,37,37,3285,0,1,3,0,0,5,0,2023-2024,premier-league
phil foden,manchester city,"FW,MF",2000,35,33,2857,19,8,2,0,93,168,269,2023-2024,premier-league
wes foderingham,sheffield utd,GK,1991,30,29,2649,0,0,2,0,0,0,0,2023-2024,premier-league
pablo fornals,west ham,"MF,FW",1996,15,4,426,0,0,0,0,4,29,27,2023-2024,premier-league
omari forson,manchester utd,FW,2004,4,1,70,0,1,0,0,1,2,2,2023-2024,premier-league
lyle foster,burnley,"FW,MF",2000,24,22,1899,5,3,0,1,55,37,104,2023-2024,premier-league
matheus franca,crystal palace,"MF,FW",2004,10,1,232,0,1,1,0,12,8,12,2023-2024,premier-league
nathan fraser,wolves,FW,2005,7,1,186,0,0,1,0,1,2,21,2023-2024,premier-league
cody gakpo,liverpool,"FW,MF",1999,35,17,1649,8,5,1,0,43,83,130,2023-2024,premier-league
conor gallagher,chelsea,MF,2000,37,37,3128,5,7,9,1,62,172,122,2023-2024,premier-league
idrissa gana gueye,everton,MF,1989,25,24,1884,4,0,8,0,29,83,41,2023-2024,premier-league
alejandro garnacho,manchester utd,FW,2004,36,30,2565,7,4,4,0,178,62,281,2023-2024,premier-league
james garner,everton,MF,2001,37,34,3004,1,2,7,0,36,100,76,2023-2024,premier-league
saman ghoddos,brentford,DF,1993,19,7,739,1,0,5,0,22,36,31,2023-2024,premier-league
morgan gibbswhite,nottham forest,"MF,FW",2000,37,35,3156,5,10,9,0,79,171,181,2023-2024,premier-league
bryan gil,tottenham,"FW,MF",2001,11,2,209,0,0,0,0,11,16,49,2023-2024,premier-league
alfie gilchrist,chelsea,DF,2003,11,2,207,1,0,1,0,1,7,4,2023-2024,premier-league
ryan giles,luton town,"DF,MF",2000,11,5,503,0,0,0,0,9,17,30,2023-2024,premier-league
billy gilmour,brighton,MF,2001,30,24,2120,0,1,8,1,39,193,33,2023-2024,premier-league
ben godfrey,everton,DF,1998,15,13,1120,0,0,2,0,11,43,26,2023-2024,premier-league
andre gomes,everton,"MF,FW",1993,12,3,508,1,0,4,0,8,36,29,2023-2024,premier-league
joao gomes,wolves,MF,2001,34,32,2649,2,1,11,0,28,101,44,2023-2024,premier-league
toti gomes,wolves,DF,1999,35,31,2772,1,3,7,0,22,79,11,2023-2024,premier-league
joe gomez,liverpool,DF,1997,32,17,1786,0,1,5,0,44,100,105,2023-2024,premier-league
sergio gomez,manchester city,"FW,MF",2000,6,0,53,0,1,0,0,4,2,4,2023-2024,premier-league
enso gonzalez,wolves,"MF,DF",2005,1,0,1,0,0,0,0,0,0,2,2023-2024,premier-league
anthony gordon,newcastle utd,FW,2001,35,34,2890,11,10,12,1,138,101,232,2023-2024,premier-league
kaide gordon,liverpool,FW,2004,1,0,1,0,0,0,0,0,1,0,2023-2024,premier-league
daniel gore,manchester utd,MF,2004,1,0,1,0,0,0,0,0,0,0,2023-2024,premier-league
ryan gravenberch,liverpool,MF,2002,26,12,1121,1,0,0,0,39,78,71,2023-2024,premier-league
ivo grbic,sheffield utd,GK,1996,9,9,771,0,0,1,0,0,0,0,2023-2024,premier-league
jack grealish,manchester city,"FW,MF",1995,20,10,1009,3,1,6,0,87,50,146,2023-2024,premier-league
pascal gro,brighton,"MF,DF",1991,36,34,3114,4,10,6,0,83,302,180,2023-2024,premier-league
marc guehi,crystal palace,DF,2000,25,23,2021,0,1,2,0,15,67,7,2023-2024,premier-league
bruno guimaraes,newcastle utd,MF,1997,37,37,3263,7,8,9,0,65,283,73,2023-2024,premier-league
malo gusto,chelsea,DF,2003,27,19,1751,0,6,7,1,78,86,135,2023-2024,premier-league
josko gvardiol,manchester city,DF,2002,28,26,2328,4,1,3,0,63,136,115,2023-2024,premier-league
erling haaland,manchester city,FW,2000,31,29,2552,27,5,1,0,35,26,126,2023-2024,premier-league
antwoine hackford,sheffield utd,FW,2004,2,0,13,0,0,0,0,0,0,0,2023-2024,premier-league
lewis hall,newcastle utd,DF,2004,18,8,781,1,0,2,0,19,46,27,2023-2024,premier-league
gustavo hamer,sheffield utd,MF,1997,36,34,2910,4,6,9,0,36,135,86,2023-2024,premier-league
luke harris,fulham,MF,2005,1,0,75,0,0,0,0,0,1,0,2023-2024,premier-league
jack harrison,everton,"MF,FW",1996,29,25,2214,3,3,1,0,65,62,135,2023-2024,premier-league
daiki hashioka,luton town,DF,1999,10,6,595,0,0,0,0,3,21,16,2023-2024,premier-league
kai havertz,arsenal,"MF,FW",1999,37,30,2634,13,7,11,0,55,99,191,2023-2024,premier-league
jan paul van hecke,brighton,DF,2000,28,26,2369,0,0,4,0,25,147,7,2023-2024,premier-league
hwang heechan,wolves,"FW,MF",1996,29,25,2119,12,3,6,0,37,37,120,2023-2024,premier-league
dean henderson,crystal palace,GK,1997,18,18,1620,0,0,2,0,0,0,0,2023-2024,premier-league
rico henry,brentford,DF,1997,5,5,401,0,1,1,0,13,20,12,2023-2024,premier-league
son heungmin,tottenham,FW,1992,35,34,2934,17,10,1,0,119,139,325,2023-2024,premier-league
aaron hickey,brentford,DF,2002,9,9,713,0,0,5,0,9,21,13,2023-2024,premier-league
james hill,bournemouth,DF,2002,5,1,76,0,0,0,0,0,5,1,2023-2024,premier-league
jack hinshelwood,brighton,DF,2005,12,8,869,3,0,1,0,16,19,38,2023-2024,premier-league
mason holgate,sheffield utd,DF,1996,10,9,710,0,0,3,1,0,13,0,2023-2024,premier-league
callum hudsonodoi,nottham forest,"FW,MF",2000,29,20,1854,8,1,0,0,111,58,173,2023-2024,premier-league
will hughes,crystal palace,MF,1995,30,23,1891,0,1,6,0,14,76,17,2023-2024,premier-league
pierre hjbjerg,tottenham,MF,1995,36,8,1311,0,0,4,0,17,134,29,2023-2024,premier-league
rasmus hjlund,manchester utd,FW,2003,30,25,2158,10,2,2,0,35,33,111,2023-2024,premier-league
igor,brighton,DF,1998,24,17,1637,0,0,4,0,30,107,12,2023-2024,premier-league
danny ings,west ham,FW,1992,20,3,404,1,0,1,0,7,8,29,2023-2024,premier-league
tim iroegbunam,aston villa,MF,2003,9,1,164,0,0,0,0,3,1,0,2023-2024,premier-league
alexander isak,newcastle utd,FW,1999,30,27,2255,21,2,1,0,68,71,129,2023-2024,premier-league
alex iwobi,everton,MF,1996,2,2,140,0,0,0,0,6,4,8,2023-2024,premier-league
alex iwobi,fulham,"FW,MF",1996,30,25,2192,5,2,2,0,109,147,175,2023-2024,premier-league
nicolas jackson,chelsea,FW,2001,35,31,2799,14,5,10,0,70,67,200,2023-2024,premier-league
reece james,chelsea,DF,1999,10,5,419,0,2,2,2,19,21,35,2023-2024,premier-league
vitaly janelt,brentford,"MF,DF",1998,38,37,3054,1,3,8,0,25,123,81,2023-2024,premier-league
daniel jebbison,sheffield utd,FW,2003,1,0,21,0,0,0,0,0,0,1,2023-2024,premier-league
mathias jensen,brentford,MF,1996,32,27,2204,3,3,5,0,19,123,66,2023-2024,premier-league
gabriel jesus,arsenal,FW,1997,27,17,1478,4,5,6,0,38,42,155,2023-2024,premier-league
raul jimenez,fulham,FW,1991,24,18,1395,7,0,3,1,11,24,87,2023-2024,premier-league
joao pedro,brighton,"FW,MF",2001,31,19,2045,9,3,2,0,83,92,205,2023-2024,premier-league
joelinton,newcastle utd,"MF,FW",1996,20,15,1279,2,1,6,0,29,56,60,2023-2024,premier-league
ben johnson,west ham,"DF,FW",2000,14,4,544,0,0,1,0,17,22,33,2023-2024,premier-league
brennan johnson,tottenham,FW,2001,32,23,2085,5,10,3,0,97,72,293,2023-2024,premier-league
brennan johnson,nottham forest,"FW,MF",2001,3,3,237,0,0,0,0,8,1,14,2023-2024,premier-league
joseph johnson,luton town,DF,2006,2,0,77,0,0,1,0,0,2,1,2023-2024,premier-league
sam johnstone,crystal palace,GK,1993,20,20,1796,0,0,1,0,0,0,0,2023-2024,premier-league
curtis jones,liverpool,MF,2001,23,14,1167,1,1,3,1,31,74,88,2023-2024,premier-league
jorginho,arsenal,MF,1991,24,10,921,0,2,1,0,8,101,8,2023-2024,premier-league
diogo jota,liverpool,FW,1996,21,14,1145,10,3,3,1,54,34,111,2023-2024,premier-league
mads juel andersen,luton town,DF,1997,8,4,400,1,0,1,0,0,7,1,2023-2024,premier-league
hamed junior traore,bournemouth,MF,2000,3,0,47,0,0,0,0,2,3,4,2023-2024,premier-league
mathias jrgensen,brentford,DF,1990,14,12,1087,1,0,4,0,5,50,4,2023-2024,premier-league
issa kabore,luton town,DF,2001,24,21,1729,0,2,7,0,60,54,85,2023-2024,premier-league
sasa kalajdzic,wolves,FW,1997,11,1,166,2,0,0,0,1,5,9,2023-2024,premier-league
boubacar kamara,aston villa,MF,1999,20,20,1652,0,1,7,1,19,83,10,2023-2024,premier-league
willy kambwala,manchester utd,DF,2004,8,3,330,0,0,1,0,2,8,1,2023-2024,premier-league
thomas kaminski,luton town,GK,1992,38,38,3405,0,0,3,0,0,1,0,2023-2024,premier-league
loris karius,newcastle utd,GK,1993,1,1,90,0,0,0,0,0,0,0,2023-2024,premier-league
michael keane,everton,DF,1993,9,4,439,1,0,2,0,4,14,3,2023-2024,premier-league
thilo kehrer,west ham,"DF,MF",1996,4,0,22,0,0,2,0,0,1,1,2023-2024,premier-league
caoimhin kelleher,liverpool,GK,1998,10,10,900,0,0,0,0,0,1,0,2023-2024,premier-league
lloyd kelly,bournemouth,DF,1998,23,17,1559,0,1,2,0,15,56,28,2023-2024,premier-league
omari kellyman,aston villa,FW,2005,2,0,37,0,0,0,0,1,0,0,2023-2024,premier-league
milos kerkez,bournemouth,DF,2003,28,22,1970,0,1,4,1,46,44,93,2023-2024,premier-league
kaine keslerhayden,aston villa,"MF,DF",2002,3,0,6,0,0,0,0,0,0,0,2023-2024,premier-league
max kilman,wolves,DF,1997,38,38,3420,2,0,7,0,22,117,5,2023-2024,premier-league
jakub kiwior,arsenal,DF,2000,20,11,946,1,3,1,0,4,55,16,2023-2024,premier-league
justin kluivert,bournemouth,"MF,FW",1999,32,26,1916,7,1,5,0,65,50,114,2023-2024,premier-league
luca koleosho,burnley,"MF,FW",2004,15,13,974,1,1,0,0,53,19,82,2023-2024,premier-league
ibrahima konate,liverpool,DF,1999,22,17,1574,0,0,5,1,24,118,3,2023-2024,premier-league
ezri konsa,aston villa,DF,1997,35,35,3069,1,0,5,0,37,136,33,2023-2024,premier-league
cheikhou kouyate,nottham forest,MF,1989,12,2,212,0,0,2,0,0,5,5,2023-2024,premier-league
mateo kovacic,manchester city,MF,1994,30,16,1551,1,0,4,0,37,100,38,2023-2024,premier-league
emil krafth,newcastle utd,DF,1994,17,8,913,0,0,2,0,12,29,33,2023-2024,premier-league
mohammed kudus,west ham,"FW,MF",2000,33,27,2484,8,6,6,0,117,80,216,2023-2024,premier-league
dejan kulusevski,tottenham,"FW,MF",2000,36,31,2762,8,3,7,0,151,144,388,2023-2024,premier-league
adam lallana,brighton,"MF,FW",1988,25,13,850,0,1,2,0,9,39,55,2023-2024,premier-league
tariq lamptey,brighton,"DF,FW",2000,19,10,914,0,3,3,0,39,17,64,2023-2024,premier-league
aymeric laporte,manchester city,DF,1994,1,0,12,0,0,0,0,0,0,0,2023-2024,premier-league
yasser larouci,sheffield utd,DF,2001,11,6,531,0,0,1,0,18,14,12,2023-2024,premier-league
jamaal lascelles,newcastle utd,DF,1993,16,13,1080,1,0,4,0,8,31,3,2023-2024,premier-league
romeo lavia,chelsea,MF,2004,1,0,33,0,0,0,0,0,1,0,2023-2024,premier-league
mario lemina,wolves,MF,1993,35,34,2968,4,1,12,1,32,76,49,2023-2024,premier-league
clement lenglet,aston villa,DF,1995,14,14,1153,0,1,3,0,26,51,1,2023-2024,premier-league
bernd leno,fulham,GK,1992,38,38,3420,0,0,3,0,0,0,0,2023-2024,premier-league
jefferson lerma,crystal palace,"MF,DF",1994,28,27,2400,1,1,8,0,14,106,51,2023-2024,premier-league
rico lewis,manchester city,"DF,MF",2004,16,8,809,2,0,1,0,21,33,46,2023-2024,premier-league
keane lewispotter,brentford,"FW,DF",2001,30,15,1441,3,1,0,0,56,32,135,2023-2024,premier-league
victor lindelof,manchester utd,DF,1994,19,14,1328,1,1,2,0,17,40,17,2023-2024,premier-league
valentino livramento,newcastle utd,DF,2002,26,12,1314,1,0,1,0,44,61,76,2023-2024,premier-league
giovani lo celso,tottenham,MF,1996,22,4,506,2,2,2,0,25,68,29,2023-2024,premier-league
tom lockyer,luton town,DF,1994,14,14,1169,1,1,4,0,6,37,2,2023-2024,premier-league
sean longstaff,newcastle utd,MF,1997,35,30,2747,6,2,7,0,24,145,116,2023-2024,premier-league
max lowe,sheffield utd,"DF,MF",1997,10,4,503,0,0,1,0,5,12,11,2023-2024,premier-league
douglas luiz,aston villa,MF,1998,35,35,2993,9,5,12,0,60,168,50,2023-2024,premier-league
sasa lukic,fulham,MF,1996,24,13,1122,1,0,3,0,12,43,27,2023-2024,premier-league
ian maatsen,chelsea,"FW,MF",2002,12,1,209,0,0,1,0,9,8,15,2023-2024,premier-league
alexis mac allister,liverpool,MF,1998,33,31,2599,5,5,7,1,44,209,48,2023-2024,premier-league
james maddison,tottenham,MF,1996,28,26,2135,4,9,5,0,58,224,156,2023-2024,premier-league
noni madueke,chelsea,FW,2002,23,13,1053,5,2,2,0,76,52,136,2023-2024,premier-league
gabriel magalhaes,arsenal,DF,1997,36,34,3044,4,0,4,0,13,117,8,2023-2024,premier-league
harry maguire,manchester utd,DF,1993,22,18,1653,2,2,4,0,20,73,2,2023-2024,premier-league
kobbie mainoo,manchester utd,MF,2005,24,24,1924,3,1,3,0,25,64,36,2023-2024,premier-league
orel mangala,nottham forest,MF,1998,20,19,1563,1,0,6,0,13,45,14,2023-2024,premier-league
benson manuel,burnley,"MF,FW",1997,8,1,116,0,0,0,0,5,2,14,2023-2024,premier-league
solly march,brighton,"FW,DF",1994,7,7,554,3,1,1,0,14,24,44,2023-2024,premier-league
anthony martial,manchester utd,FW,1995,13,5,448,1,0,0,0,6,12,36,2023-2024,premier-league
gabriel martinelli,arsenal,FW,2001,35,24,2019,6,4,1,0,127,65,345,2023-2024,premier-league
emiliano martinez,aston villa,GK,1992,34,34,3015,0,0,4,0,0,2,0,2023-2024,premier-league
lisandro martinez,manchester utd,DF,1998,11,8,646,0,1,3,0,8,28,1,2023-2024,premier-league
hannoah massengo,burnley,"MF,DF",2001,3,0,16,0,0,0,0,2,0,0,2023-2024,premier-league
pape matar sarr,tottenham,MF,2002,34,27,2069,3,3,9,0,43,150,90,2023-2024,premier-league
jeanphilippe mateta,crystal palace,FW,1997,35,25,2282,16,5,3,0,29,25,135,2023-2024,premier-league
joel matip,liverpool,DF,1991,10,9,781,0,0,2,0,8,34,1,2023-2024,premier-league
alex matos,chelsea,MF,2004,1,0,1,0,0,0,0,0,0,0,2023-2024,premier-league
remi matthews,crystal palace,GK,1994,1,0,4,0,0,0,0,0,0,0,2023-2024,premier-league
neal maupay,brentford,FW,1996,29,13,1321,6,3,8,0,21,37,91,2023-2024,premier-league
neal maupay,everton,FW,1996,2,1,111,0,0,0,0,1,0,6,2023-2024,premier-league
konstantinos mavropanos,west ham,DF,1997,19,16,1500,1,0,2,0,10,38,2,2023-2024,premier-league
bryan mbeumo,brentford,FW,1999,25,22,1960,9,6,2,0,74,88,195,2023-2024,premier-league
james mcatee,sheffield utd,"MF,FW",2002,30,20,1822,3,3,2,0,56,51,110,2023-2024,premier-league
james mcatee,manchester city,MF,2002,1,0,1,0,0,0,0,0,0,0,2023-2024,premier-league
oliver mcburnie,sheffield utd,FW,1996,21,15,1280,6,3,7,2,6,30,60,2023-2024,premier-league
james mcconnell,liverpool,MF,2004,3,0,4,0,0,0,0,0,1,0,2023-2024,premier-league
john mcginn,aston villa,"MF,FW",1994,35,35,2999,6,4,9,1,59,189,84,2023-2024,premier-league
scott mckenna,nottham forest,DF,1996,5,5,416,0,0,0,0,1,10,0,2023-2024,premier-league
dwight mcneil,everton,"MF,FW",1999,35,33,2892,3,6,2,0,80,114,147,2023-2024,premier-league
scott mctominay,manchester utd,"MF,FW",1996,32,18,1901,7,1,2,0,29,64,47,2023-2024,premier-league
ben mee,brentford,DF,1989,16,15,1272,2,0,1,1,11,49,9,2023-2024,premier-league
hannibal mejbri,manchester utd,"MF,FW",2003,5,1,133,1,0,1,0,2,6,10,2023-2024,premier-league
teden mengi,luton town,DF,2002,30,28,2469,1,0,3,0,15,54,1,2023-2024,premier-league
chris mepham,bournemouth,DF,1997,10,6,617,0,1,2,0,4,25,1,2023-2024,premier-league
lewis miley,newcastle utd,MF,2006,17,14,1202,1,3,1,0,14,53,54,2023-2024,premier-league
james milner,brighton,"DF,MF",1986,15,11,773,0,2,3,0,11,69,73,2023-2024,premier-league
tyrone mings,aston villa,DF,1993,1,1,30,0,0,0,0,0,0,0,2023-2024,premier-league
tyrick mitchell,crystal palace,"DF,MF",1999,37,37,3204,2,3,6,0,32,94,159,2023-2024,premier-league
kaoru mitoma,brighton,FW,1997,19,15,1486,3,4,4,0,121,64,239,2023-2024,premier-league
aleksandar mitrovic,fulham,FW,1994,1,0,33,0,0,0,0,0,1,0,2023-2024,premier-league
jakub moder,brighton,"MF,DF",1999,17,6,618,0,0,2,0,10,23,26,2023-2024,premier-league
gonzalo montiel,nottham forest,DF,1997,14,8,801,0,2,5,0,9,28,32,2023-2024,premier-league
kieffer moore,bournemouth,"FW,MF",1992,8,0,108,1,0,0,0,2,4,15,2023-2024,premier-league
mikey moore,tottenham,MF,2007,2,0,4,0,0,0,0,2,1,2,2023-2024,premier-league
alex moreno,aston villa,DF,1993,21,11,1031,2,0,2,0,32,24,83,2023-2024,premier-league
carlton morris,luton town,"FW,MF",1995,38,32,2862,11,4,4,0,37,56,120,2023-2024,premier-league
mason mount,manchester utd,"MF,FW",1999,14,5,516,1,0,2,0,9,21,34,2023-2024,premier-league
divin mubama,west ham,FW,2004,5,0,80,0,0,0,0,0,0,5,2023-2024,premier-league
mykhailo mudryk,chelsea,FW,2001,31,18,1576,5,2,5,0,92,45,139,2023-2024,premier-league
rodrigo muniz,fulham,FW,2001,26,18,1593,9,1,1,0,8,19,76,2023-2024,premier-league
daniel munoz,crystal palace,"DF,MF",1996,16,16,1439,0,4,4,0,25,38,80,2023-2024,premier-league
finley munroe,aston villa,MF,2005,1,0,4,0,0,0,0,0,0,0,2023-2024,premier-league
arijanet muric,burnley,GK,1998,10,10,900,0,0,0,0,0,1,0,2023-2024,premier-league
murillo,nottham forest,DF,2002,32,32,2789,0,2,5,0,22,89,7,2023-2024,premier-league
alex murphy,newcastle utd,"DF,FW",2004,2,0,13,0,0,0,0,0,1,0,2023-2024,premier-league
jacob murphy,newcastle utd,"FW,DF",1995,21,14,1189,3,7,1,0,33,52,113,2023-2024,premier-league
vitaliy mykolenko,everton,DF,1999,28,28,2469,2,0,1,0,14,55,68,2023-2024,premier-league
marvelous nakamba,luton town,MF,1994,13,13,1130,0,0,5,0,1,36,5,2023-2024,premier-league
michael ndiweni,newcastle utd,FW,2003,1,0,1,0,0,0,0,0,0,0,2023-2024,premier-league
reiss nelson,arsenal,FW,1999,15,1,268,0,0,1,0,9,5,26,2023-2024,premier-league
zack nelson,luton town,"MF,DF",2004,2,0,7,0,0,0,0,0,0,0,2023-2024,premier-league
neto,bournemouth,GK,1989,32,32,2880,0,0,5,0,0,0,0,2023-2024,premier-league
pedro neto,wolves,"FW,MF",2000,20,18,1516,2,9,4,0,98,54,149,2023-2024,premier-league
moussa niakhate,nottham forest,DF,1996,21,15,1460,1,0,5,1,13,39,6,2023-2024,premier-league
eddie nketiah,arsenal,FW,1999,27,10,1082,5,2,3,0,22,20,77,2023-2024,premier-league
christopher nkunku,chelsea,"FW,MF",1997,11,2,443,3,0,0,0,10,19,35,2023-2024,premier-league
rhys norringtondavies,sheffield utd,DF,1999,5,2,110,0,0,1,0,3,2,6,2023-2024,premier-league
oliver norwood,sheffield utd,MF,1991,27,16,1440,1,0,8,0,3,73,10,2023-2024,premier-league
matheus nunes,wolves,MF,1998,2,2,179,0,0,2,1,7,8,9,2023-2024,premier-league
matheus nunes,manchester city,MF,1998,17,7,661,0,2,0,0,28,34,58,2023-2024,premier-league
darwin nunez,liverpool,FW,1999,36,22,2047,11,8,9,0,58,54,206,2023-2024,premier-league
ethan nwaneri,arsenal,FW,2007,1,0,14,0,0,0,0,2,2,1,2023-2024,premier-league
christian nrgaard,brentford,MF,1994,31,30,2505,2,1,8,0,15,161,42,2023-2024,premier-league
mark omahony,brighton,FW,2005,3,1,63,0,0,1,0,0,0,0,2023-2024,premier-league
dara oshea,burnley,DF,1999,33,32,2892,3,4,5,1,32,122,10,2023-2024,premier-league
michael obafemi,burnley,"FW,MF",2000,2,0,20,0,0,0,0,0,0,3,2023-2024,premier-league
wilson odobert,burnley,"MF,FW",2004,29,25,2098,3,2,3,0,102,58,123,2023-2024,premier-league
odeluga offiah,brighton,DF,2002,4,1,128,0,0,0,0,9,4,9,2023-2024,premier-league
chiedozie ogbene,luton town,"MF,DF",1997,30,20,1995,4,1,1,0,127,53,150,2023-2024,premier-league
angelo ogbonna,west ham,DF,1988,11,7,635,0,0,1,0,2,4,0,2023-2024,premier-league
michael olakigbe,brentford,"DF,FW",2004,8,0,59,0,0,0,0,10,4,17,2023-2024,premier-league
michael olise,crystal palace,"FW,MF",2001,19,14,1275,10,6,0,0,68,78,134,2023-2024,premier-league
robin olsen,aston villa,GK,1990,5,4,405,0,0,0,0,0,0,0,2023-2024,premier-league
andrew omobamidele,nottham forest,DF,2002,11,8,783,0,0,2,0,1,8,0,2023-2024,premier-league
amadou onana,everton,MF,2001,30,23,2091,2,0,5,0,21,107,39,2023-2024,premier-league
andre onana,manchester utd,GK,1996,38,38,3420,0,0,5,0,1,5,0,2023-2024,premier-league
ryan one,sheffield utd,FW,2006,1,0,8,0,0,0,0,1,0,0,2023-2024,premier-league
tyler onyango,everton,MF,2003,1,0,1,0,0,0,0,0,0,0,2023-2024,premier-league
fred onyedinma,luton town,"DF,MF",1996,8,4,407,0,0,1,0,9,6,21,2023-2024,premier-league
frank onyeka,brentford,MF,1998,26,11,1161,1,2,8,0,17,33,39,2023-2024,premier-league
divock origi,nottham forest,FW,1995,20,6,606,0,1,1,0,19,14,41,2023-2024,premier-league
stefan ortega,manchester city,GK,1992,9,5,635,0,0,0,0,0,0,0,2023-2024,premier-league
ben osborn,sheffield utd,"DF,MF",1994,24,14,1367,0,2,3,0,16,55,44,2023-2024,premier-league
gabriel osho,luton town,DF,1998,21,21,1846,2,0,3,0,10,37,4,2023-2024,premier-league
william osula,sheffield utd,FW,2003,21,9,786,0,0,4,0,7,2,41,2023-2024,premier-league
dango ouattara,bournemouth,"FW,DF",2002,30,12,1229,1,2,3,0,47,35,90,2023-2024,premier-league
david ozoh,crystal palace,"MF,DF",2005,9,0,156,0,0,1,0,2,4,3,2023-2024,premier-league
joao palhinha,fulham,MF,1995,33,31,2699,4,1,13,0,8,97,14,2023-2024,premier-league
cole palmer,chelsea,"FW,MF",2002,33,29,2607,22,11,7,0,117,197,195,2023-2024,premier-league
cole palmer,manchester city,MF,2002,1,0,11,0,0,0,0,0,0,0,2023-2024,premier-league
emerson palmieri,west ham,DF,1994,36,35,3137,1,2,10,0,59,125,124,2023-2024,premier-league
lucas paqueta,west ham,"FW,MF",1997,31,31,2622,4,6,10,0,34,187,116,2023-2024,premier-league
ben parkinson,newcastle utd,FW,2005,1,0,25,0,0,0,0,0,0,0,2023-2024,premier-league
thomas partey,arsenal,"MF,DF",1993,14,9,788,0,0,3,0,15,72,10,2023-2024,premier-league
nathan patterson,everton,DF,2001,20,9,1005,0,2,4,0,17,38,39,2023-2024,premier-league
myles peartharris,brentford,"DF,MF",2002,3,0,13,0,0,0,0,2,1,1,2023-2024,premier-league
sydie peck,sheffield utd,MF,2004,1,0,10,0,0,0,0,0,0,0,2023-2024,premier-league
facundo pellistri,manchester utd,"FW,MF",2001,9,1,172,0,1,0,0,6,6,31,2023-2024,premier-league
andreas pereira,fulham,MF,1996,37,34,2613,3,7,6,0,56,138,125,2023-2024,premier-league
ivan perisic,tottenham,FW,1989,5,0,103,0,1,2,0,15,9,17,2023-2024,premier-league
ore petrovic,chelsea,GK,1999,23,22,1987,0,0,2,0,0,1,0,2023-2024,premier-league
kalvin phillips,west ham,MF,1995,8,3,309,0,0,3,1,3,19,4,2023-2024,premier-league
kalvin phillips,manchester city,MF,1995,4,0,93,0,0,0,0,7,7,3,2023-2024,premier-league
jaden philogene bidace,aston villa,FW,2002,1,0,4,0,0,0,0,2,0,1,2023-2024,premier-league
jordan pickford,everton,GK,1994,38,38,3420,0,0,5,0,1,6,0,2023-2024,premier-league
ethan pinnock,brentford,DF,1993,29,28,2521,2,0,1,0,11,61,16,2023-2024,premier-league
nick pope,newcastle utd,GK,1992,15,15,1345,0,0,1,0,0,0,0,2023-2024,premier-league
pedro porro,tottenham,DF,1999,35,35,3089,3,7,3,0,57,194,158,2023-2024,premier-league
jarell quansah,liverpool,DF,2003,17,13,1190,2,0,1,0,13,67,1,2023-2024,premier-league
ionut radu,bournemouth,GK,1997,2,2,180,0,0,0,0,0,0,0,2023-2024,premier-league
jesurun rak sakyi,crystal palace,"MF,FW",2002,6,0,136,0,0,0,0,7,2,18,2023-2024,premier-league
aaron ramsdale,arsenal,GK,1998,6,6,540,0,0,0,0,0,2,0,2023-2024,premier-league
aaron ramsey,burnley,"MF,FW",2003,14,5,527,0,0,1,0,8,8,17,2023-2024,premier-league
jacob ramsey,aston villa,"FW,MF",2001,16,8,853,1,1,2,0,33,28,69,2023-2024,premier-league
marcus rashford,manchester utd,FW,1997,33,26,2271,7,2,2,0,95,65,185,2023-2024,premier-league
david raya,arsenal,GK,1995,32,32,2880,0,0,2,0,0,2,0,2023-2024,premier-league
tim ream,fulham,DF,1987,18,17,1503,1,0,4,1,11,65,3,2023-2024,premier-league
nathan redmond,burnley,"FW,MF",1994,12,0,142,0,0,1,0,7,8,22,2023-2024,premier-league
harrison reed,fulham,MF,1995,27,15,1325,0,2,6,0,10,56,40,2023-2024,premier-league
sergio reguilon,manchester utd,DF,1996,9,4,412,0,0,3,0,11,27,38,2023-2024,premier-league
sergio reguilon,brentford,DF,1996,16,14,1118,0,4,4,1,34,38,40,2023-2024,premier-league
gio reyna,nottham forest,"FW,MF",2002,9,2,235,0,1,0,0,3,12,14,2023-2024,premier-league
rodrigo ribeiro,nottham forest,"MF,FW",2005,4,0,17,0,0,0,0,2,2,1,2023-2024,premier-league
declan rice,arsenal,MF,1999,38,37,3225,7,8,5,0,75,278,64,2023-2024,premier-league
chris richards,crystal palace,"DF,MF",2000,26,23,2094,1,1,3,0,1,43,1,2023-2024,premier-league
richarlison,tottenham,FW,1997,28,18,1491,11,4,3,0,26,38,106,2023-2024,premier-league
jairo riedewald,crystal palace,"MF,FW",1996,9,2,235,0,0,0,0,3,10,3,2023-2024,premier-league
matt ritchie,newcastle utd,"FW,MF",1989,13,0,128,1,0,1,0,5,8,13,2023-2024,premier-league
connor roberts,burnley,DF,1995,14,8,823,0,1,5,1,6,38,13,2023-2024,premier-league
andrew robertson,liverpool,DF,1994,23,18,1693,3,2,2,0,63,140,130,2023-2024,premier-league
antonee robinson,fulham,DF,1997,37,37,3265,0,6,6,0,99,129,194,2023-2024,premier-league
jack robinson,sheffield utd,DF,1993,34,31,2885,1,1,10,0,8,63,14,2023-2024,premier-league
rodri,manchester city,MF,1996,34,34,2931,8,9,8,1,76,376,55,2023-2024,premier-league
jay rodriguez,burnley,FW,1989,21,7,822,2,1,0,0,2,17,28,2023-2024,premier-league
mads roerslev,brentford,DF,1999,34,22,1985,1,2,1,0,18,43,90,2023-2024,premier-league
morgan rogers,aston villa,"MF,FW",2002,11,8,638,3,1,3,0,22,28,30,2023-2024,premier-league
cristian romero,tottenham,DF,1998,33,33,2790,5,0,7,1,32,179,8,2023-2024,premier-league
joe rothwell,bournemouth,MF,1995,11,3,386,0,0,0,0,6,20,3,2023-2024,premier-league
pelly ruddock mpanzu,luton town,MF,1993,27,11,1101,0,0,1,0,10,34,15,2023-2024,premier-league
jose sa,wolves,GK,1993,35,35,3037,0,1,1,0,0,1,0,2023-2024,premier-league
dominic sadi,bournemouth,FW,2003,1,0,1,0,0,0,0,0,0,0,2023-2024,premier-league
bukayo saka,arsenal,FW,2001,35,35,2919,16,9,4,0,155,126,508,2023-2024,premier-league
mohamed salah,liverpool,FW,1992,32,28,2534,18,10,2,0,98,147,341,2023-2024,premier-league
william saliba,arsenal,DF,2001,38,38,3420,2,1,4,0,16,157,6,2023-2024,premier-league
albert sambi lokonga,luton town,MF,1999,17,16,1303,1,3,4,0,29,72,13,2023-2024,premier-league
davinson sanchez,tottenham,DF,1996,1,0,77,0,0,1,0,0,2,0,2023-2024,premier-league
robert sanchez,chelsea,GK,1997,16,16,1433,0,0,2,0,0,1,0,2023-2024,premier-league
jadon sancho,manchester utd,"FW,MF",2000,3,0,79,0,0,0,0,10,4,5,2023-2024,premier-league
ibrahim sangare,nottham forest,MF,1997,17,13,1035,0,0,6,0,5,44,7,2023-2024,premier-league
andrey santos,nottham forest,MF,2004,1,0,8,0,0,0,0,0,0,0,2023-2024,premier-league
pablo sarabia,wolves,"MF,FW",1992,30,20,1745,4,7,5,0,41,109,137,2023-2024,premier-league
dane scarlett,tottenham,FW,2004,4,0,22,0,0,0,0,0,1,4,2023-2024,premier-league
kevin schade,brentford,"FW,MF",2001,11,3,333,2,1,0,0,8,9,23,2023-2024,premier-league
fabian schar,newcastle utd,DF,1991,36,35,3054,4,1,5,0,28,133,20,2023-2024,premier-league
jeffrey schlupp,crystal palace,"FW,MF",1992,29,17,1352,2,2,1,0,20,33,52,2023-2024,premier-league
alex scott,bournemouth,MF,2003,23,11,1014,1,1,3,0,24,50,35,2023-2024,premier-league
matz sels,nottham forest,GK,1992,16,16,1440,0,0,1,0,0,0,0,2023-2024,premier-league
nelson semedo,wolves,"DF,MF",1993,36,36,3084,0,1,10,1,103,138,150,2023-2024,premier-league
antoine semenyo,bournemouth,FW,2000,33,25,2105,8,2,6,0,89,64,188,2023-2024,premier-league
marcos senesi,bournemouth,DF,1997,31,26,2242,4,5,13,0,31,127,4,2023-2024,premier-league
luke shaw,manchester utd,DF,1995,12,12,959,0,0,6,0,10,45,30,2023-2024,premier-league
james shea,luton town,GK,1991,1,0,15,0,0,0,0,0,0,0,2023-2024,premier-league
bernardo silva,manchester city,"MF,FW",1994,33,29,2578,6,9,8,0,140,177,260,2023-2024,premier-league
fabio silva,wolves,FW,2002,8,3,264,0,0,2,0,5,10,13,2023-2024,premier-league
thiago silva,chelsea,DF,1984,31,28,2527,3,1,4,0,2,102,5,2023-2024,premier-league
luis sinisterra,bournemouth,"FW,MF",1999,20,7,699,2,2,0,0,51,38,85,2023-2024,premier-league
oliver skipp,tottenham,"MF,DF",2000,21,5,707,0,0,3,0,8,37,25,2023-2024,premier-league
adam smith,bournemouth,DF,1991,28,25,2150,0,2,6,0,24,89,28,2023-2024,premier-league
emile smith rowe,arsenal,MF,2000,13,3,353,0,1,0,0,11,23,18,2023-2024,premier-league
cedric soares,arsenal,DF,1991,3,0,62,0,0,0,0,0,3,6,2023-2024,premier-league
dominic solanke,bournemouth,FW,1997,38,37,3325,19,3,3,0,52,60,184,2023-2024,premier-league
manor solomon,tottenham,FW,1999,5,2,199,0,2,1,0,17,11,44,2023-2024,premier-league
tomas soucek,west ham,MF,1995,37,34,2870,7,2,7,0,7,86,39,2023-2024,premier-league
vinicius souza,sheffield utd,MF,1999,36,29,2668,1,0,3,0,8,66,21,2023-2024,premier-league
jason steele,brighton,GK,1990,17,17,1530,0,0,0,0,0,0,0,2023-2024,premier-league
raheem sterling,chelsea,"FW,MF",1994,31,22,1978,8,4,7,0,120,78,242,2023-2024,premier-league
john stones,manchester city,"DF,MF",1994,16,12,1064,1,0,2,0,16,57,24,2023-2024,premier-league
thomas strakosha,brentford,GK,1995,2,1,135,0,0,0,0,0,0,0,2023-2024,premier-league
dominik szoboszlai,liverpool,MF,2000,33,25,2104,3,2,1,0,75,152,160,2023-2024,premier-league
matt targett,newcastle utd,DF,1995,3,1,78,0,0,1,0,1,2,0,2023-2024,premier-league
james tarkowski,everton,DF,1992,38,38,3419,1,1,11,0,15,130,20,2023-2024,premier-league
jimi tauriainen,chelsea,FW,2004,1,0,1,0,0,0,0,0,0,0,2023-2024,premier-league
nuno tavares,nottham forest,DF,2000,8,5,457,0,0,2,0,14,24,12,2023-2024,premier-league
marcus tavernier,bournemouth,FW,1999,30,25,2118,3,4,3,0,79,84,171,2023-2024,premier-league
charlie taylor,burnley,DF,1993,28,25,2331,1,1,8,0,36,82,81,2023-2024,premier-league
kenny tete,fulham,DF,1995,14,10,867,1,0,2,0,20,54,38,2023-2024,premier-league
luke thomas,sheffield utd,DF,2001,12,11,917,0,0,3,0,8,33,22,2023-2024,premier-league
youri tielemans,aston villa,"MF,FW",1997,32,17,1622,2,6,3,0,23,128,46,2023-2024,premier-league
jurrien timber,arsenal,DF,2001,2,1,71,0,0,2,0,0,8,5,2023-2024,premier-league
harry toffolo,nottham forest,DF,1995,23,15,1459,1,3,3,0,10,42,34,2023-2024,premier-league
takehiro tomiyasu,arsenal,DF,1998,22,10,1149,2,1,2,1,17,72,37,2023-2024,premier-league
james tomkins,crystal palace,DF,1989,4,0,10,0,0,0,0,0,1,0,2023-2024,premier-league
sandro tonali,newcastle utd,MF,2000,8,5,438,1,0,2,0,11,19,21,2023-2024,premier-league
ivan toney,brentford,FW,1996,17,16,1450,4,2,5,0,23,40,98,2023-2024,premier-league
pau torres,aston villa,DF,1997,29,27,2464,2,0,1,0,42,128,16,2023-2024,premier-league
andros townsend,luton town,"MF,FW",1991,27,14,1210,1,3,1,0,47,35,71,2023-2024,premier-league
james trafford,burnley,GK,2002,28,28,2520,0,0,2,0,0,6,0,2023-2024,premier-league
adama traore,fulham,"FW,MF",1996,17,1,377,2,3,2,0,29,16,48,2023-2024,premier-league
benie traore,sheffield utd,"FW,MF",2002,8,3,387,0,0,0,0,7,9,14,2023-2024,premier-league
bertrand traore,aston villa,"DF,FW",1995,2,0,11,0,0,0,0,0,0,0,2023-2024,premier-league
boubacar traore,wolves,MF,2001,24,7,819,0,0,4,0,9,29,15,2023-2024,premier-league
mark travers,bournemouth,GK,1999,4,4,360,0,0,0,0,0,0,0,2023-2024,premier-league
mike tresor,burnley,"FW,MF",1999,16,3,420,0,0,0,0,15,10,31,2023-2024,premier-league
kieran trippier,newcastle utd,DF,1990,28,26,2236,1,10,5,0,34,157,128,2023-2024,premier-league
leandro trossard,arsenal,"FW,MF",1994,34,18,1649,12,1,2,0,66,76,155,2023-2024,premier-league
auston trusty,sheffield utd,DF,1998,32,28,2572,0,0,4,0,10,40,15,2023-2024,premier-league
kostas tsimikas,liverpool,DF,1996,13,8,679,0,3,0,0,24,31,73,2023-2024,premier-league
matt turner,nottham forest,GK,1994,17,17,1530,0,0,2,0,0,0,0,2023-2024,premier-league
destiny udogie,tottenham,DF,2002,28,28,2391,2,3,7,1,83,155,138,2023-2024,premier-league
lesley ugochukwu,chelsea,MF,2004,12,3,301,0,0,2,0,8,17,3,2023-2024,premier-league
enes unal,bournemouth,"FW,MF",1997,16,2,328,2,2,1,0,4,7,28,2023-2024,premier-league
virgil van dijk,liverpool,DF,1991,36,36,3177,2,2,3,1,32,200,7,2023-2024,premier-league
raphael varane,manchester utd,DF,1993,22,16,1375,1,0,2,0,16,59,2,2023-2024,premier-league
alejo veliz,tottenham,FW,2003,8,0,50,1,0,1,0,0,1,3,2023-2024,premier-league
joel veltman,brighton,DF,1992,27,17,1588,1,1,4,0,24,85,54,2023-2024,premier-league
micky van de ven,tottenham,DF,2001,27,27,2339,3,0,5,0,19,108,9,2023-2024,premier-league
bart verbruggen,brighton,GK,2002,21,21,1890,0,0,3,0,0,3,0,2023-2024,premier-league
guglielmo vicario,tottenham,GK,1996,38,38,3420,0,0,2,0,0,3,0,2023-2024,premier-league
fabio vieira,arsenal,"MF,FW",2000,11,2,297,1,2,0,1,12,15,30,2023-2024,premier-league
carlos vinicius,fulham,FW,1995,13,2,315,2,0,2,0,3,3,13,2023-2024,premier-league
vitinho,burnley,"DF,MF",1999,32,26,2314,0,2,1,0,59,66,110,2023-2024,premier-league
odysseas vlachodimos,nottham forest,GK,1994,5,5,450,0,0,0,0,0,1,0,2023-2024,premier-league
kyle walker,manchester city,DF,1990,32,30,2767,0,4,2,0,74,157,172,2023-2024,premier-league
aaron wanbissaka,manchester utd,DF,1997,22,20,1780,0,2,4,0,30,77,54,2023-2024,premier-league
joel ward,crystal palace,DF,1989,26,23,1980,0,1,4,0,16,66,14,2023-2024,premier-league
james wardprowse,west ham,MF,1994,37,34,3001,7,7,4,0,18,144,63,2023-2024,premier-league
lewis warrington,everton,FW,2002,1,0,1,0,0,0,0,0,0,0,2023-2024,premier-league
deivid washington,chelsea,"DF,FW",2005,2,0,13,0,0,0,0,0,0,1,2023-2024,premier-league
ollie watkins,aston villa,FW,1995,37,37,3217,19,13,4,0,62,55,214,2023-2024,premier-league
adam webster,brighton,DF,1995,15,13,1144,0,0,2,0,16,80,2,2023-2024,premier-league
danny welbeck,brighton,"FW,MF",1990,29,21,1693,5,1,4,0,32,44,100,2023-2024,premier-league
timo werner,tottenham,FW,1996,13,10,809,2,3,1,0,79,41,124,2023-2024,premier-league
adam wharton,crystal palace,MF,2004,16,15,1297,0,3,2,0,14,79,10,2023-2024,premier-league
ethan wheatley,manchester utd,FW,2006,3,0,16,0,0,0,0,0,0,1,2023-2024,premier-league
ben white,arsenal,DF,1997,37,35,2988,4,4,8,0,44,192,162,2023-2024,premier-league
joe white,newcastle utd,MF,2002,4,0,13,0,0,1,0,2,3,3,2023-2024,premier-league
neco williams,nottham forest,DF,2001,26,18,1637,0,1,4,0,48,47,86,2023-2024,premier-league
willian,fulham,FW,1988,31,24,2053,4,2,1,0,92,153,181,2023-2024,premier-league
joe willock,newcastle utd,MF,1999,9,5,419,1,0,0,0,16,17,26,2023-2024,premier-league
callum wilson,newcastle utd,FW,1992,20,9,991,9,1,3,0,11,9,77,2023-2024,premier-league
harry wilson,fulham,FW,1997,35,16,1620,4,6,6,0,41,60,130,2023-2024,premier-league
yoane wissa,brentford,FW,1996,34,29,2493,12,3,7,0,45,48,150,2023-2024,premier-league
chris wood,nottham forest,FW,1991,31,20,1812,14,1,0,0,16,30,76,2023-2024,premier-league
cauley woodrow,luton town,"FW,MF",1994,24,2,427,1,1,2,0,7,6,22,2023-2024,premier-league
joe worrall,nottham forest,DF,1997,7,5,439,0,0,0,1,0,8,1,2023-2024,premier-league
yehor yarmoliuk,brentford,MF,2004,27,6,688,0,0,2,0,13,35,36,2023-2024,premier-league
ryan yates,nottham forest,MF,1997,35,21,1992,1,1,6,0,18,73,37,2023-2024,premier-league
ashley young,everton,"DF,MF",1985,31,27,2280,0,0,7,1,40,82,61,2023-2024,premier-league
illia zabarnyi,bournemouth,DF,2002,37,37,3330,1,0,5,0,24,109,1,2023-2024,premier-league
nicolo zaniolo,aston villa,"FW,MF",1999,25,9,839,2,0,7,0,35,30,60,2023-2024,premier-league
anass zaroury,burnley,"FW,MF",2000,6,1,152,0,0,0,1,2,2,12,2023-2024,premier-league
oleksandr zinchenko,arsenal,DF,1996,27,20,1722,1,2,2,0,40,229,58,2023-2024,premier-league
kurt zouma,west ham,DF,1994,33,32,2838,3,0,3,0,7,53,1,2023-2024,premier-league
martin degaard,arsenal,MF,1998,35,35,3091,8,10,2,0,91,344,202,2023-2024,premier-league
