nombre,club_actual,entradas_1/3,entradas_2/3,entradas_3/3,duelos_ganados,entradas,entradas_ganadas,bloqueos,bloqueos_tiro,bloqueos_pase,temporada,liga
brenden aaronson,union berlin,13,13,6,50.0,32,18,26,1,25,2023-2024,bundesliga
paxten aaronson,eint frankfurt,1,1,0,100.0,2,2,2,0,2,2023-2024,bundesliga
junior adamu,freiburg,1,2,2,50.0,5,1,1,0,1,2023-2024,bundesliga
sargis adamyan,koln,2,9,3,54.5,14,9,16,1,15,2023-2024,bundesliga
karim adeyemi,dortmund,9,4,3,40.0,16,14,11,0,11,2023-2024,bundesliga
amine adli,leverkusen,2,10,4,41.2,16,7,10,2,8,2023-2024,bundesliga
felix agu,werder bremen,28,13,4,70.7,45,29,27,7,20,2023-2024,bundesliga
ludovic ajorque,mainz,1,2,0,18.2,3,2,6,2,4,2023-2024,bundesliga
kevin akpoguma,hoffenheim,22,12,1,74.3,35,18,28,8,20,2023-2024,bundesliga
faride alidou,koln,3,6,1,22.2,10,4,23,2,21,2023-2024,bundesliga
skelly alvero,werder bremen,1,5,0,100.0,6,4,3,1,2,2023-2024,bundesliga
nadiem amiri,mainz,8,10,4,68.4,22,14,16,2,14,2023-2024,bundesliga
nadiem amiri,leverkusen,0,3,1,0.0,4,2,0,0,0,2023-2024,bundesliga
kofi amoako,wolfsburg,0,0,0,,0,0,0,0,0,2023-2024,bundesliga
robert andrich,leverkusen,8,14,8,54.2,30,18,15,4,11,2023-2024,bundesliga
waldemar anton,stuttgart,21,16,2,54.8,39,25,33,20,13,2023-2024,bundesliga
christopher antwiadjei,bochum,10,6,5,54.5,21,12,13,2,11,2023-2024,bundesliga
asaf arania,darmstadt,0,0,0,,0,0,0,0,0,2023-2024,bundesliga
maximilian arnold,wolfsburg,15,27,9,49.1,51,31,23,4,19,2023-2024,bundesliga
arthur,leverkusen,2,0,2,100.0,4,3,1,1,0,2023-2024,bundesliga
takuma asano,bochum,2,9,6,30.4,17,6,17,3,14,2023-2024,bundesliga
jonathan asp jensen,bayern munich,0,0,0,,0,0,0,0,0,2023-2024,bundesliga
noah atubolu,freiburg,0,0,0,0.0,0,0,0,0,0,2023-2024,bundesliga
matthias bader,darmstadt,32,11,8,50.8,51,25,22,4,18,2023-2024,bundesliga
ridle baku,wolfsburg,24,7,6,45.7,37,20,27,1,26,2023-2024,bundesliga
samuel bamba,dortmund,1,0,0,50.0,1,1,0,0,0,2023-2024,bundesliga
aymen barkok,mainz,2,6,1,50.0,9,5,7,0,7,2023-2024,bundesliga
leandro barreiro martins,mainz,19,37,9,60.0,65,40,45,16,29,2023-2024,bundesliga
daniel batz,mainz,0,0,0,,0,0,0,0,0,2023-2024,bundesliga
maximilian bauer,augsburg,13,4,2,52.9,19,12,14,8,6,2023-2024,bundesliga
elias baum,eint frankfurt,0,0,1,,1,0,3,2,1,2023-2024,bundesliga
oliver baumann,hoffenheim,1,0,0,50.0,1,1,0,0,0,2023-2024,bundesliga
christoph baumgartner,rb leipzig,10,12,4,36.8,26,13,20,1,19,2023-2024,bundesliga
ihlas bebou,hoffenheim,10,8,4,50.0,22,12,13,2,11,2023-2024,bundesliga
adrian beck,heidenheim,8,12,2,37.5,22,13,17,0,17,2023-2024,bundesliga
sheraldo becker,union berlin,0,2,1,0.0,3,3,2,0,2,2023-2024,bundesliga
chris bedia,union berlin,0,2,0,0.0,2,1,3,0,3,2023-2024,bundesliga
donny van de beek,eint frankfurt,3,3,2,42.9,8,3,5,1,4,2023-2024,bundesliga
kevin behrens,wolfsburg,0,1,1,0.0,2,1,9,0,9,2023-2024,bundesliga
kevin behrens,union berlin,3,7,3,25.0,13,10,7,2,5,2023-2024,bundesliga
maximilian beier,hoffenheim,5,11,4,21.1,20,12,21,1,20,2023-2024,bundesliga
stefan bell,mainz,7,1,0,50.0,8,8,7,5,2,2023-2024,bundesliga
ramy bensebaini,dortmund,21,11,2,70.6,34,21,22,7,15,2023-2024,bundesliga
mergim berisha,hoffenheim,0,0,0,,0,0,2,1,1,2023-2024,bundesliga
mergim berisha,augsburg,0,0,0,,0,0,1,0,1,2023-2024,bundesliga
bernardo,bochum,56,35,8,65.2,99,58,66,30,36,2023-2024,bundesliga
matus bero,bochum,13,12,7,40.6,32,22,24,3,21,2023-2024,bundesliga
janniklas beste,heidenheim,35,24,18,50.9,77,49,48,1,47,2023-2024,bundesliga
pep biel,augsburg,0,2,2,33.3,4,3,2,1,1,2023-2024,bundesliga
tom bischof,hoffenheim,6,1,1,22.2,8,4,3,0,3,2023-2024,bundesliga
leonardo bittencourt,werder bremen,20,17,5,38.5,42,18,18,1,17,2023-2024,bundesliga
hendry blank,dortmund,1,0,0,100.0,1,0,1,0,1,2023-2024,bundesliga
janis blaswich,rb leipzig,1,0,0,,1,1,0,0,0,2023-2024,bundesliga
sacha boey,bayern munich,2,0,0,50.0,2,0,1,0,1,2023-2024,bundesliga
victor boniface,leverkusen,0,1,5,25.0,6,4,6,1,5,2023-2024,bundesliga
leonardo bonucci,union berlin,2,4,0,100.0,6,5,5,3,2,2023-2024,bundesliga
yvandro borges sanches,gladbach,0,0,0,,0,0,0,0,0,2023-2024,bundesliga
sebastiaan bornauw,wolfsburg,19,7,0,68.4,26,12,21,12,9,2023-2024,bundesliga
rafael borre,werder bremen,2,4,4,31.3,10,7,8,2,6,2023-2024,bundesliga
julian brandt,dortmund,8,8,1,37.0,17,14,20,3,17,2023-2024,bundesliga
fabian bredlow,stuttgart,0,0,0,0.0,0,0,0,0,0,2023-2024,bundesliga
tim breithaupt,augsburg,11,9,0,61.9,20,11,15,3,12,2023-2024,bundesliga
maximilian breunig,freiburg,0,0,0,,0,0,1,0,1,2023-2024,bundesliga
bennit broger,wolfsburg,0,0,0,,0,0,0,0,0,2023-2024,bundesliga
john brooks,hoffenheim,17,10,1,50.0,28,15,29,17,12,2023-2024,bundesliga
moritz broschinski,bochum,2,5,4,25.0,11,7,11,2,9,2023-2024,bundesliga
alexander brunst,darmstadt,0,0,0,0.0,0,0,0,0,0,2023-2024,bundesliga
marius bulter,hoffenheim,9,5,4,52.2,18,11,17,3,14,2023-2024,bundesliga
jonathan burkardt,mainz,2,6,4,36.4,12,8,16,3,13,2023-2024,bundesliga
oliver burke,werder bremen,0,0,0,0.0,0,0,0,0,0,2023-2024,bundesliga
marnon busch,heidenheim,6,3,2,58.3,11,9,9,2,7,2023-2024,bundesliga
aurelio buta,eint frankfurt,19,16,5,55.3,40,25,24,5,19,2023-2024,bundesliga
anthony caci,mainz,30,25,1,61.4,56,23,43,7,36,2023-2024,bundesliga
emre can,dortmund,37,23,3,58.3,63,45,30,7,23,2023-2024,bundesliga
irvin cardona,augsburg,0,0,1,33.3,1,1,1,0,1,2023-2024,bundesliga
rasmus carstensen,koln,23,20,4,55.4,47,22,38,9,29,2023-2024,bundesliga
fabio carvalho,rb leipzig,0,2,1,33.3,3,1,8,0,8,2023-2024,bundesliga
koen casteels,wolfsburg,2,0,0,66.7,2,1,0,0,0,2023-2024,bundesliga
vaclav cerny,wolfsburg,3,4,1,14.3,8,3,13,0,13,2023-2024,bundesliga
julian chabot,koln,40,17,2,59.3,59,42,66,43,23,2023-2024,bundesliga
el chadaille bitshiabu,rb leipzig,1,0,0,,1,0,0,0,0,2023-2024,bundesliga
fares chaibi,eint frankfurt,7,12,8,44.4,27,17,37,1,36,2023-2024,bundesliga
timothy chandler,eint frankfurt,0,0,0,,0,0,0,0,0,2023-2024,bundesliga
fabio chiarodia,gladbach,5,1,2,71.4,8,5,2,1,1,2023-2024,bundesliga
jacob christensen,koln,7,3,0,57.1,10,6,8,2,6,2023-2024,bundesliga
nnamdi collins,eint frankfurt,0,0,0,,0,0,0,0,0,2023-2024,bundesliga
kingsley coman,bayern munich,5,3,4,52.9,12,7,15,1,14,2023-2024,bundesliga
bambase conte,hoffenheim,2,0,1,100.0,3,3,0,0,0,2023-2024,bundesliga
danny da costa,mainz,9,7,2,47.4,18,9,17,4,13,2023-2024,bundesliga
nicolas cozza,wolfsburg,4,4,0,28.6,8,6,3,0,3,2023-2024,bundesliga
tomas cvancara,gladbach,0,2,2,33.3,4,3,5,1,4,2023-2024,bundesliga
finn dahmen,augsburg,1,0,0,33.3,1,0,0,0,0,2023-2024,bundesliga
mahmoud dahoud,stuttgart,1,4,0,42.9,5,1,4,0,4,2023-2024,bundesliga
lukas daschner,bochum,2,3,4,44.4,9,4,7,0,7,2023-2024,bundesliga
david datro fofana,union berlin,3,5,2,44.4,10,7,4,0,4,2023-2024,bundesliga
alphonso davies,bayern munich,29,13,5,56.6,47,24,30,4,26,2023-2024,bundesliga
olivier deman,werder bremen,21,4,3,47.4,28,15,24,8,16,2023-2024,bundesliga
ermedin demirovic,augsburg,5,16,3,30.0,24,14,28,2,26,2023-2024,bundesliga
sepp van den berg,mainz,20,15,3,57.7,38,23,66,36,30,2023-2024,bundesliga
samuele di benedetto,stuttgart,0,0,0,,0,0,0,0,0,2023-2024,bundesliga
justin diehl,koln,0,0,0,,0,0,1,1,0,2023-2024,bundesliga
eric dier,bayern munich,5,5,1,83.3,11,8,20,12,8,2023-2024,bundesliga
florian dietz,koln,0,0,0,,0,0,1,0,1,2023-2024,bundesliga
junior dina ebimbe,eint frankfurt,15,17,12,43.9,44,29,28,7,21,2023-2024,bundesliga
eren dinkci,heidenheim,16,13,3,39.6,32,18,40,4,36,2023-2024,bundesliga
ritsu doan,freiburg,21,19,10,58.3,50,27,30,3,27,2023-2024,bundesliga
danilho doekhi,union berlin,18,16,0,71.4,34,23,46,25,21,2023-2024,bundesliga
niklas dorsch,augsburg,13,21,1,39.4,35,24,15,9,6,2023-2024,bundesliga
nikola dovedan,heidenheim,2,10,2,20.0,14,9,9,0,9,2023-2024,bundesliga
damion downs,koln,1,0,0,50.0,1,1,1,0,1,2023-2024,bundesliga
dion drena beljo,augsburg,0,0,0,0.0,0,0,8,1,7,2023-2024,bundesliga
tim drexler,hoffenheim,12,4,0,47.1,16,9,12,8,4,2023-2024,bundesliga
marvin ducksch,werder bremen,4,3,1,42.9,8,3,2,0,2,2023-2024,bundesliga
julien duranville,dortmund,0,1,0,100.0,1,0,0,0,0,2023-2024,bundesliga
maximilian eggestein,freiburg,25,19,5,41.7,49,24,53,19,34,2023-2024,bundesliga
lilian egloff,stuttgart,3,1,0,50.0,4,1,3,1,2,2023-2024,bundesliga
hugo ekitike,eint frankfurt,3,6,2,66.7,11,7,10,0,10,2023-2024,bundesliga
elif elmas,rb leipzig,1,6,1,75.0,8,6,5,0,5,2023-2024,bundesliga
nico elvedi,gladbach,22,10,1,75.0,33,18,40,25,15,2023-2024,bundesliga
arne engels,augsburg,15,14,4,41.4,33,18,23,1,22,2023-2024,bundesliga
ohis felix uduokhai,augsburg,18,14,5,64.0,37,21,45,35,10,2023-2024,bundesliga
edimilson fernandes,mainz,15,9,1,66.7,25,16,14,6,8,2023-2024,bundesliga
nacho ferri,eint frankfurt,1,2,0,66.7,3,3,0,0,0,2023-2024,bundesliga
max finkgrafe,koln,40,25,0,52.7,65,39,35,10,25,2023-2024,bundesliga
kilian fischer,wolfsburg,4,3,1,40.0,8,6,8,1,7,2023-2024,bundesliga
jonas fohrenbach,heidenheim,24,14,6,52.8,44,24,34,19,15,2023-2024,bundesliga
emil forsberg,rb leipzig,2,5,0,41.7,7,3,7,0,7,2023-2024,bundesliga
philipp forster,bochum,3,4,2,33.3,9,5,3,0,3,2023-2024,bundesliga
bartol franjic,darmstadt,4,10,1,25.0,15,12,12,4,8,2023-2024,bundesliga
marco friedl,werder bremen,38,15,0,75.0,53,32,45,29,16,2023-2024,bundesliga
marvin friedrich,gladbach,16,6,1,60.0,23,15,28,20,8,2023-2024,bundesliga
jeremie frimpong,leverkusen,12,7,7,40.0,26,17,26,0,26,2023-2024,bundesliga
chris fuhrich,stuttgart,6,14,10,43.2,30,19,31,0,31,2023-2024,bundesliga
shio fukuda,gladbach,1,1,0,50.0,2,0,0,0,0,2023-2024,bundesliga
niclas fullkrug,werder bremen,0,1,0,100.0,1,1,2,1,1,2023-2024,bundesliga
niclas fullkrug,dortmund,1,6,0,25.0,7,2,17,4,13,2023-2024,bundesliga
cristian gamboa,bochum,12,11,1,42.4,24,18,20,7,13,2023-2024,bundesliga
dennis geiger,hoffenheim,1,0,0,,1,0,1,1,0,2023-2024,bundesliga
yannick gerhardt,wolfsburg,16,12,3,28.1,31,20,15,2,13,2023-2024,bundesliga
anwar el ghazi,mainz,0,0,0,0.0,0,0,0,0,0,2023-2024,bundesliga
benedikt gimber,heidenheim,25,14,1,54.3,40,24,27,17,10,2023-2024,bundesliga
matthias ginter,freiburg,19,9,1,55.2,29,15,40,26,14,2023-2024,bundesliga
jamie gittens,dortmund,6,7,1,11.8,14,7,11,2,9,2023-2024,bundesliga
klaus gjasula,darmstadt,18,25,1,56.7,44,22,26,14,12,2023-2024,bundesliga
serge gnabry,bayern munich,0,5,3,15.4,8,5,5,0,5,2023-2024,bundesliga
leon goretzka,bayern munich,18,14,9,44.4,41,23,44,8,36,2023-2024,bundesliga
robin gosens,union berlin,25,31,7,68.2,63,44,52,9,43,2023-2024,bundesliga
mario gotze,eint frankfurt,18,25,8,45.2,51,34,19,3,16,2023-2024,bundesliga
jeffrey gouweleeuw,augsburg,13,17,5,64.0,35,23,44,24,20,2023-2024,bundesliga
jens grahl,eint frankfurt,0,0,0,,0,0,0,0,0,2023-2024,bundesliga
ryan gravenberch,bayern munich,0,0,0,,0,0,0,0,0,2023-2024,bundesliga
michael gregoritsch,freiburg,8,5,3,14.3,16,12,17,4,13,2023-2024,bundesliga
vincenzo grifo,freiburg,14,11,6,45.2,31,20,22,1,21,2023-2024,bundesliga
florian grillitsch,hoffenheim,31,19,4,40.7,54,28,41,20,21,2023-2024,bundesliga
alex grimaldo,leverkusen,26,10,9,54.5,45,24,32,7,25,2023-2024,bundesliga
christian gro,werder bremen,11,9,1,44.0,21,16,17,6,11,2023-2024,bundesliga
brajan gruda,mainz,5,11,6,58.3,22,14,15,0,15,2023-2024,bundesliga
ilia gruev,werder bremen,0,0,0,,0,0,0,0,0,2023-2024,bundesliga
raphael guerreiro,bayern munich,6,9,4,60.0,19,16,7,1,6,2023-2024,bundesliga
josuha guilavogui,mainz,10,5,0,85.7,15,10,13,7,6,2023-2024,bundesliga
serhou guirassy,stuttgart,1,4,1,40.0,6,3,8,1,7,2023-2024,bundesliga
peter gulacsi,rb leipzig,0,0,0,,0,0,0,0,0,2023-2024,bundesliga
manuel gulde,freiburg,23,13,1,73.9,37,23,24,14,10,2023-2024,bundesliga
robert gumny,augsburg,1,3,2,20.0,6,5,13,5,8,2023-2024,bundesliga
christian gunter,freiburg,9,11,0,38.9,20,12,9,3,6,2023-2024,bundesliga
janik haberer,union berlin,16,13,7,48.9,36,24,21,4,17,2023-2024,bundesliga
robin hack,gladbach,6,7,2,23.5,15,8,16,0,16,2023-2024,bundesliga
amadou haidara,rb leipzig,24,16,2,56.1,42,27,28,6,22,2023-2024,bundesliga
sebastien haller,dortmund,0,1,0,100.0,1,0,4,1,3,2023-2024,bundesliga
andreas hancheolsen,mainz,10,8,2,62.5,20,12,10,4,6,2023-2024,bundesliga
isak hansenaaren,werder bremen,0,0,0,0.0,0,0,1,0,1,2023-2024,bundesliga
genki haraguchi,stuttgart,1,0,0,,1,1,0,0,0,2023-2024,bundesliga
makoto hasebe,eint frankfurt,2,2,0,50.0,4,2,2,1,1,2023-2024,bundesliga
thorgan hazard,dortmund,0,0,0,,0,0,0,0,0,2023-2024,bundesliga
dominique heintz,koln,6,6,0,66.7,12,5,6,1,5,2023-2024,bundesliga
benjamin henrichs,rb leipzig,32,26,10,46.6,68,39,49,4,45,2023-2024,bundesliga
patrick herrmann,gladbach,2,1,1,100.0,4,4,1,0,1,2023-2024,bundesliga
piero hincapie,leverkusen,14,17,4,76.5,35,22,18,7,11,2023-2024,bundesliga
adam hlozek,leverkusen,2,4,4,42.9,10,4,4,1,3,2023-2024,bundesliga
nicolas hofler,freiburg,36,20,7,44.9,63,40,30,16,14,2023-2024,bundesliga
jonas hofmann,leverkusen,6,9,5,41.7,20,14,18,0,18,2023-2024,bundesliga
philipp hofmann,bochum,4,5,1,57.1,10,5,11,2,9,2023-2024,bundesliga
lucas holer,freiburg,14,10,8,17.4,32,24,19,4,15,2023-2024,bundesliga
fabian holland,darmstadt,18,21,8,54.1,47,26,22,12,10,2023-2024,bundesliga
benedict hollerbach,union berlin,5,7,5,31.8,17,11,28,0,28,2023-2024,bundesliga
gerrit holtmann,darmstadt,3,4,1,70.0,8,5,7,0,7,2023-2024,bundesliga
franck honorat,gladbach,13,10,2,55.0,25,13,22,3,19,2023-2024,bundesliga
mathias honsak,darmstadt,7,6,1,30.0,14,7,14,2,12,2023-2024,bundesliga
fraser hornby,darmstadt,0,0,0,0.0,0,0,2,1,1,2023-2024,bundesliga
lukas hradecky,leverkusen,0,0,0,0.0,0,0,1,0,1,2023-2024,bundesliga
timo hubers,koln,51,14,3,61.3,68,47,54,28,26,2023-2024,bundesliga
mats hummels,dortmund,34,12,6,56.6,52,34,33,11,22,2023-2024,bundesliga
denis huseinbasic,koln,17,15,6,64.5,38,18,26,1,25,2023-2024,bundesliga
iago,augsburg,22,10,4,51.5,36,17,39,8,31,2023-2024,bundesliga
borja iglesias,leverkusen,0,1,0,0.0,1,0,2,0,2,2023-2024,bundesliga
joel imasuen,werder bremen,0,0,0,,0,0,0,0,0,2023-2024,bundesliga
thomas isherwood,darmstadt,7,3,1,55.6,11,5,10,7,3,2023-2024,bundesliga
ko itakura,gladbach,17,15,2,61.5,34,21,32,18,14,2023-2024,bundesliga
hiroki ito,stuttgart,13,6,0,42.3,19,18,29,17,12,2023-2024,bundesliga
lee jaesung,mainz,11,16,6,33.3,33,20,22,2,20,2023-2024,bundesliga
paul jaeckel,union berlin,4,3,0,55.6,7,2,3,2,1,2023-2024,bundesliga
kristijan jakic,augsburg,14,10,4,45.5,28,14,13,1,12,2023-2024,bundesliga
kristijan jakic,eint frankfurt,1,2,0,33.3,3,3,1,0,1,2023-2024,bundesliga
tony jantschke,gladbach,1,0,0,100.0,1,1,2,2,0,2023-2024,bundesliga
nuha jatta,rb leipzig,0,0,0,,0,0,0,0,0,2023-2024,bundesliga
fredrik jensen,augsburg,9,8,6,50.0,23,11,30,1,29,2023-2024,bundesliga
moritz jenz,wolfsburg,21,11,2,66.7,34,24,29,17,12,2023-2024,bundesliga
anthony jung,werder bremen,21,14,2,54.5,37,23,39,17,22,2023-2024,bundesliga
josip juranovic,union berlin,11,7,2,47.6,20,14,17,3,14,2023-2024,bundesliga
david jurasek,hoffenheim,13,1,0,41.2,14,11,7,2,5,2023-2024,bundesliga
julian justvan,hoffenheim,1,0,0,50.0,1,0,1,0,1,2023-2024,bundesliga
julian justvan,darmstadt,2,7,1,17.6,10,4,12,2,10,2023-2024,bundesliga
ozan kabak,hoffenheim,32,14,2,57.6,48,35,43,21,22,2023-2024,bundesliga
pavel kaderabek,hoffenheim,10,15,6,45.0,31,19,22,8,14,2023-2024,bundesliga
florian kainz,koln,8,13,7,43.6,28,20,20,6,14,2023-2024,bundesliga
sasa kalajdzic,eint frankfurt,0,2,0,,2,2,2,2,0,2023-2024,bundesliga
jakub kaminski,wolfsburg,12,2,0,50.0,14,5,3,0,3,2023-2024,bundesliga
kevin kampl,rb leipzig,8,9,2,47.6,19,8,19,7,12,2023-2024,bundesliga
harry kane,bayern munich,4,4,5,33.3,13,9,12,4,8,2023-2024,bundesliga
atakan karazor,stuttgart,23,38,11,48.3,72,44,37,8,29,2023-2024,bundesliga
emir karic,darmstadt,23,14,8,63.6,45,27,42,11,31,2023-2024,bundesliga
silas katompa,stuttgart,3,2,0,25.0,5,3,9,0,9,2023-2024,bundesliga
mikkel kaufmann,union berlin,2,3,1,30.0,6,3,12,0,12,2023-2024,bundesliga
naby keita,werder bremen,1,0,0,0.0,1,1,2,0,2,2023-2024,bundesliga
yannik keitel,freiburg,14,5,1,66.7,20,15,17,8,9,2023-2024,bundesliga
thomas keller,heidenheim,0,0,0,,0,0,0,0,0,2023-2024,bundesliga
aljoscha kemlein,union berlin,0,0,0,0.0,0,0,1,0,1,2023-2024,bundesliga
tobias kempe,darmstadt,9,8,3,33.3,20,13,16,4,12,2023-2024,bundesliga
rani khedira,union berlin,15,19,1,65.4,35,22,12,5,7,2023-2024,bundesliga
luca kilian,koln,15,1,0,64.3,16,9,12,5,7,2023-2024,bundesliga
joshua kimmich,bayern munich,25,15,5,66.7,45,33,32,4,28,2023-2024,bundesliga
christoph klarer,darmstadt,30,4,3,66.7,37,22,31,20,11,2023-2024,bundesliga
tim kleindienst,heidenheim,6,11,4,28.0,21,12,32,8,24,2023-2024,bundesliga
lukas klostermann,rb leipzig,7,7,1,30.8,15,10,25,12,13,2023-2024,bundesliga
ansgar knauff,eint frankfurt,17,16,10,54.8,43,26,40,3,37,2023-2024,bundesliga
robin knoche,union berlin,27,7,0,63.3,34,22,27,19,8,2023-2024,bundesliga
gregor kobel,dortmund,0,0,0,0.0,0,0,0,0,0,2023-2024,bundesliga
robin koch,eint frankfurt,26,12,0,63.0,38,23,33,24,9,2023-2024,bundesliga
dominik kohr,mainz,36,25,4,63.2,65,42,27,6,21,2023-2024,bundesliga
randal kolo muani,eint frankfurt,0,0,0,,0,0,0,0,0,2023-2024,bundesliga
mert komur,augsburg,3,0,0,60.0,3,3,0,0,0,2023-2024,bundesliga
manu kone,gladbach,20,20,5,68.0,45,26,22,1,21,2023-2024,bundesliga
odilon kossounou,leverkusen,11,12,7,57.7,30,20,27,3,24,2023-2024,bundesliga
tomas koubek,augsburg,0,0,0,,0,0,0,0,0,2023-2024,bundesliga
matej kovar,leverkusen,0,0,0,,0,0,0,0,0,2023-2024,bundesliga
dawid kownacki,werder bremen,1,0,0,25.0,1,1,3,1,2,2023-2024,bundesliga
alex kral,union berlin,7,10,2,40.0,19,14,15,4,11,2023-2024,bundesliga
andrej kramaric,hoffenheim,5,4,2,46.2,11,2,14,2,12,2023-2024,bundesliga
christoph kramer,gladbach,5,5,0,14.3,10,5,7,1,6,2023-2024,bundesliga
frans kratzig,bayern munich,2,0,0,50.0,2,0,0,0,0,2023-2024,bundesliga
tom krau,mainz,22,31,4,36.2,57,33,33,4,29,2023-2024,bundesliga
lukas kubler,freiburg,35,13,2,61.9,50,24,36,14,22,2023-2024,bundesliga
mahmut kucuksahin,augsburg,0,0,0,,0,0,0,0,0,2023-2024,bundesliga
christian kuhlwetter,heidenheim,0,0,0,,0,0,0,0,0,2023-2024,bundesliga
moritzbroni kwarteng,bochum,0,3,0,14.3,3,0,4,0,4,2023-2024,bundesliga
maxence lacroix,wolfsburg,28,18,2,70.7,48,29,35,12,23,2023-2024,bundesliga
aissa laidouni,union berlin,4,12,5,33.3,21,12,26,2,24,2023-2024,bundesliga
konrad laimer,bayern munich,25,20,11,42.3,56,36,42,6,36,2023-2024,bundesliga
stefan lainer,gladbach,15,8,0,58.3,23,16,13,6,7,2023-2024,bundesliga
hugo larsson,eint frankfurt,18,10,4,53.6,32,18,34,7,27,2023-2024,bundesliga
diogo leite,union berlin,31,15,6,49.0,52,36,48,22,26,2023-2024,bundesliga
maxim leitsch,mainz,5,1,0,50.0,6,3,2,0,2,2023-2024,bundesliga
christopher lenz,rb leipzig,2,0,0,100.0,2,1,0,0,0,2023-2024,bundesliga
christopher lenz,eint frankfurt,0,1,0,100.0,1,1,0,0,0,2023-2024,bundesliga
jamie leweling,stuttgart,4,6,8,29.4,18,10,21,1,20,2023-2024,bundesliga
philipp lienhart,freiburg,14,5,1,56.5,20,13,18,11,7,2023-2024,bundesliga
matthijs de ligt,bayern munich,4,8,3,54.5,15,12,14,10,4,2023-2024,bundesliga
jesper lindstrm,eint frankfurt,1,0,0,,1,1,0,0,0,2023-2024,bundesliga
dejan ljubicic,koln,20,18,5,46.5,43,27,22,2,20,2023-2024,bundesliga
noah loosli,bochum,6,4,0,50.0,10,7,7,1,6,2023-2024,bundesliga
anthony losilla,bochum,15,40,8,45.1,63,37,37,8,29,2023-2024,bundesliga
castello lukeba,rb leipzig,10,9,0,83.3,19,12,35,13,22,2023-2024,bundesliga
andreas luthe,bochum,0,0,0,,0,0,0,0,0,2023-2024,bundesliga
senne lynen,werder bremen,33,27,4,42.9,64,38,41,8,33,2023-2024,bundesliga
ian maatsen,dortmund,15,9,6,53.3,30,22,22,4,18,2023-2024,bundesliga
matej maglica,darmstadt,25,10,0,61.1,35,21,29,11,18,2023-2024,bundesliga
arne maier,augsburg,5,8,1,35.7,14,9,19,2,17,2023-2024,bundesliga
linton maina,koln,11,5,2,32.1,18,15,12,1,11,2023-2024,bundesliga
patrick mainka,heidenheim,58,24,3,51.4,85,49,66,32,34,2023-2024,bundesliga
lovro majer,wolfsburg,17,22,0,38.7,39,18,20,1,19,2023-2024,bundesliga
jordy makengo,freiburg,11,5,1,60.0,17,11,16,4,12,2023-2024,bundesliga
julian malatini,werder bremen,12,3,3,66.7,18,13,8,1,7,2023-2024,bundesliga
donyell malen,dortmund,5,3,3,33.3,11,7,11,4,7,2023-2024,bundesliga
lennard maloney,heidenheim,14,24,5,42.4,43,26,33,9,24,2023-2024,bundesliga
david mamutovic,mainz,0,1,0,100.0,1,1,0,0,0,2023-2024,bundesliga
braydon manu,darmstadt,0,1,1,,2,0,1,0,1,2023-2024,bundesliga
omar marmoush,eint frankfurt,7,8,6,37.5,21,11,13,0,13,2023-2024,bundesliga
eric martel,koln,32,34,4,55.2,70,43,65,19,46,2023-2024,bundesliga
erhan masovic,bochum,37,22,5,52.9,64,40,32,10,22,2023-2024,bundesliga
roberto massimo,stuttgart,1,0,0,50.0,1,0,0,0,0,2023-2024,bundesliga
jean matteo bahoya,eint frankfurt,0,3,0,25.0,3,1,2,0,2,2023-2024,bundesliga
philipp max,eint frankfurt,6,18,2,73.1,26,17,18,1,17,2023-2024,bundesliga
eric maxim choupomoting,bayern munich,8,5,4,42.9,17,12,5,0,5,2023-2024,bundesliga
noussair mazraoui,bayern munich,14,11,7,61.9,32,21,14,1,13,2023-2024,bundesliga
kevin mbabu,augsburg,25,18,8,57.5,51,39,29,9,20,2023-2024,bundesliga
noah mbamba,leverkusen,0,0,0,,0,0,0,0,0,2023-2024,bundesliga
nathanael mbuku,augsburg,0,0,0,,0,0,1,0,1,2023-2024,bundesliga
marvin mehlem,darmstadt,10,14,4,40.7,28,21,21,2,19,2023-2024,bundesliga
thomas meunier,dortmund,3,2,0,23.1,5,1,8,2,6,2023-2024,bundesliga
alexander meyer,dortmund,1,0,0,100.0,1,1,0,0,0,2023-2024,bundesliga
sven michel,augsburg,2,1,4,28.6,7,5,1,0,1,2023-2024,bundesliga
enzo millot,stuttgart,9,21,10,46.2,40,22,24,2,22,2023-2024,bundesliga
jovan milosevic,stuttgart,0,0,0,,0,0,0,0,0,2023-2024,bundesliga
kim minjae,bayern munich,21,11,5,50.0,37,24,29,19,10,2023-2024,bundesliga
maximilian mittelstadt,stuttgart,46,39,6,59.6,91,51,36,6,30,2023-2024,bundesliga
marko mladenovic,eint frankfurt,0,0,0,,0,0,0,0,0,2023-2024,bundesliga
max moerstedt,hoffenheim,0,0,0,0.0,0,0,0,0,0,2023-2024,bundesliga
mateu morey,dortmund,1,1,0,50.0,2,2,3,1,2,2023-2024,bundesliga
youssoufa moukoko,dortmund,2,2,0,42.9,4,1,4,1,3,2023-2024,bundesliga
andreas muller,darmstadt,8,5,1,44.4,14,9,5,2,3,2023-2024,bundesliga
jannik muller,darmstadt,21,9,3,59.3,33,16,24,12,12,2023-2024,bundesliga
kevin muller,heidenheim,3,0,0,60.0,3,0,0,0,0,2023-2024,bundesliga
marcus muller,mainz,0,0,0,,0,0,0,0,0,2023-2024,bundesliga
thomas muller,bayern munich,5,10,11,37.1,26,16,22,0,22,2023-2024,bundesliga
jamal musiala,bayern munich,9,21,10,38.9,40,25,25,1,24,2023-2024,bundesliga
florent muslija,freiburg,3,2,0,40.0,5,4,1,0,1,2023-2024,bundesliga
phillipp mwene,mainz,15,16,3,48.5,34,15,27,3,24,2023-2024,bundesliga
joakim mhle,wolfsburg,33,18,11,64.1,62,39,43,5,38,2023-2024,bundesliga
nathan ngoumou,gladbach,17,18,2,47.1,37,22,22,0,22,2023-2024,bundesliga
stanley nsoki,hoffenheim,12,8,1,58.6,21,10,13,2,11,2023-2024,bundesliga
luca netz,gladbach,19,16,3,53.5,38,22,36,10,26,2023-2024,bundesliga
manuel neuer,bayern munich,1,0,0,,1,1,0,0,0,2023-2024,bundesliga
florian neuhaus,gladbach,7,8,0,30.8,15,12,8,6,2,2023-2024,bundesliga
jessic ngankam,mainz,0,1,0,,1,1,3,1,2,2023-2024,bundesliga
jessic ngankam,eint frankfurt,1,1,1,,3,2,0,0,0,2023-2024,bundesliga
moritz nicolas,gladbach,1,0,0,33.3,1,0,0,0,0,2023-2024,bundesliga
justin njinmah,werder bremen,2,2,1,33.3,5,1,9,1,8,2023-2024,bundesliga
niels nkounkou,eint frankfurt,34,17,3,45.3,54,30,30,2,28,2023-2024,bundesliga
felix nmecha,dortmund,7,8,4,50.0,19,13,18,5,13,2023-2024,bundesliga
lukas nmecha,wolfsburg,0,0,1,,1,1,1,0,1,2023-2024,bundesliga
jonathan norbye,rb leipzig,0,0,0,,0,0,0,0,0,2023-2024,bundesliga
alexander nubel,stuttgart,2,0,0,50.0,2,2,0,0,0,2023-2024,bundesliga
kasim nuhu,hoffenheim,0,0,0,,0,0,0,0,0,2023-2024,bundesliga
fabian nurnberger,darmstadt,22,6,1,53.7,29,22,11,1,10,2023-2024,bundesliga
tim oermann,bochum,11,4,4,64.3,19,11,15,6,9,2023-2024,bundesliga
masaya okugawa,augsburg,0,0,0,,0,0,0,0,0,2023-2024,bundesliga
finn ole becker,hoffenheim,8,2,0,23.5,10,9,9,1,8,2023-2024,bundesliga
mathias olesen,koln,0,0,0,,0,0,0,0,0,2023-2024,bundesliga
dani olmo,rb leipzig,14,8,4,45.5,26,18,7,0,7,2023-2024,bundesliga
jonas omlin,gladbach,1,0,0,100.0,1,0,0,0,0,2023-2024,bundesliga
karim onisiwo,mainz,4,6,7,54.5,17,8,18,4,14,2023-2024,bundesliga
lois openda,rb leipzig,0,1,2,0.0,3,3,19,3,16,2023-2024,bundesliga
leon opitz,werder bremen,1,1,0,66.7,2,2,0,0,0,2023-2024,bundesliga
willi orban,rb leipzig,8,10,2,50.0,20,12,22,13,9,2023-2024,bundesliga
ivan ordets,bochum,11,6,2,58.8,19,14,41,29,12,2023-2024,bundesliga
patrick osterhage,bochum,14,23,1,47.2,38,26,36,9,27,2023-2024,bundesliga
salih ozcan,dortmund,11,8,1,55.6,20,12,28,3,25,2023-2024,bundesliga
willian pacho,eint frankfurt,38,23,1,58.5,62,37,51,22,29,2023-2024,bundesliga
goncalo paciencia,bochum,2,2,4,50.0,8,4,5,0,5,2023-2024,bundesliga
exequiel palacios,leverkusen,28,26,6,49.1,60,34,24,0,24,2023-2024,bundesliga
milos pantovic,union berlin,0,0,0,,0,0,0,0,0,2023-2024,bundesliga
antonios papadopoulos,dortmund,6,0,0,85.7,6,3,3,2,1,2023-2024,bundesliga
merveille papela,mainz,2,3,0,0.0,5,4,1,0,1,2023-2024,bundesliga
leart paqarada,koln,9,9,3,50.0,21,11,17,5,12,2023-2024,bundesliga
kevin paredes,wolfsburg,22,13,7,58.8,42,21,27,2,25,2023-2024,bundesliga
felix passlack,bochum,9,10,2,58.3,21,14,13,2,11,2023-2024,bundesliga
jiri pavlenka,werder bremen,0,0,0,,0,0,0,0,0,2023-2024,bundesliga
aleksandar pavlovic,bayern munich,10,14,4,51.5,28,16,13,3,10,2023-2024,bundesliga
mads pedersen,augsburg,31,27,6,54.5,64,39,20,3,17,2023-2024,bundesliga
jordan pefok,gladbach,0,8,2,37.5,10,4,12,3,9,2023-2024,bundesliga
jordan pefok,union berlin,0,0,0,,0,0,1,1,0,2023-2024,bundesliga
dzenan pejcinovic,wolfsburg,0,0,0,,0,0,1,0,1,2023-2024,bundesliga
daniel peretz,bayern munich,0,0,0,,0,0,0,0,0,2023-2024,bundesliga
matteo perez vinlof,bayern munich,0,0,0,,0,0,0,0,0,2023-2024,bundesliga
pavao pervan,wolfsburg,0,0,0,,0,0,0,0,0,2023-2024,bundesliga
jens petter hauge,eint frankfurt,1,0,1,28.6,2,1,5,1,4,2023-2024,bundesliga
luca pfeiffer,darmstadt,2,6,3,45.5,11,6,5,1,4,2023-2024,bundesliga
patric pfeiffer,augsburg,6,4,1,83.3,11,7,10,6,4,2023-2024,bundesliga
maximilian philipp,freiburg,4,4,0,16.7,8,5,7,0,7,2023-2024,bundesliga
florian pick,heidenheim,3,0,1,66.7,4,4,2,0,2,2023-2024,bundesliga
amos pieper,werder bremen,8,6,0,53.8,14,11,12,7,5,2023-2024,bundesliga
marvin pieringer,heidenheim,5,11,3,40.0,19,12,28,4,24,2023-2024,bundesliga
alassane plea,gladbach,5,8,4,46.7,17,7,11,0,11,2023-2024,bundesliga
ole pohlmann,dortmund,0,1,0,50.0,1,0,0,0,0,2023-2024,bundesliga
sebastian polter,darmstadt,1,0,0,0.0,1,0,5,1,4,2023-2024,bundesliga
yussuf poulsen,rb leipzig,1,9,3,28.6,13,8,13,3,10,2023-2024,bundesliga
grischa promel,hoffenheim,11,15,6,43.8,32,18,22,6,16,2023-2024,bundesliga
gustavo puerta,leverkusen,2,2,1,50.0,5,3,2,0,2,2023-2024,bundesliga
luca raimund,stuttgart,2,1,0,,3,1,2,0,2,2023-2024,bundesliga
grant ranos,gladbach,0,0,1,,1,0,0,0,0,2023-2024,bundesliga
nicolai rapp,werder bremen,2,1,0,100.0,3,2,2,0,2,2023-2024,bundesliga
david raum,rb leipzig,24,29,5,58.6,58,35,51,9,42,2023-2024,bundesliga
rocco reitz,gladbach,28,29,4,50.9,61,36,61,20,41,2023-2024,bundesliga
marco reus,dortmund,20,14,3,44.4,37,25,17,2,15,2023-2024,bundesliga
elvis rexhbecaj,augsburg,14,13,3,50.0,30,19,32,7,25,2023-2024,bundesliga
gio reyna,dortmund,3,4,2,40.0,9,6,5,1,4,2023-2024,bundesliga
marco richter,mainz,5,3,2,36.4,10,4,9,0,9,2023-2024,bundesliga
clemens riedel,darmstadt,16,5,1,62.5,22,13,11,3,8,2023-2024,bundesliga
manuel riemann,bochum,2,0,0,50.0,2,1,0,0,0,2023-2024,bundesliga
sebastian rode,eint frankfurt,0,5,1,66.7,6,4,0,0,0,2023-2024,bundesliga
rogerio,wolfsburg,7,5,2,71.4,14,6,16,5,11,2023-2024,bundesliga
merlin rohl,freiburg,10,9,2,38.1,21,13,27,3,24,2023-2024,bundesliga
frank ronstadt,darmstadt,0,1,0,0.0,1,0,1,0,1,2023-2024,bundesliga
anthony rouault,stuttgart,14,5,2,61.9,21,12,14,8,6,2023-2024,bundesliga
jerome roussillon,union berlin,6,7,3,66.7,16,9,13,4,9,2023-2024,bundesliga
fabian rudlin,freiburg,0,0,1,,1,0,0,0,0,2023-2024,bundesliga
julian ryerson,dortmund,26,11,4,57.4,41,23,31,7,24,2023-2024,bundesliga
frederik rnnow,union berlin,1,0,0,,1,1,0,0,0,2023-2024,bundesliga
marcel sabitzer,dortmund,18,20,1,54.8,39,24,31,12,19,2023-2024,bundesliga
roland sallai,freiburg,5,5,7,40.0,17,10,21,1,20,2023-2024,bundesliga
diadie samassekou,hoffenheim,0,0,0,,0,0,0,0,0,2023-2024,bundesliga
jadon sancho,dortmund,1,3,1,0.0,5,4,11,0,11,2023-2024,bundesliga
leroy sane,bayern munich,6,6,3,21.1,15,8,12,0,12,2023-2024,bundesliga
amin sarr,wolfsburg,1,2,0,50.0,3,2,6,1,5,2023-2024,bundesliga
bouna sarr,bayern munich,1,1,0,100.0,2,0,3,0,3,2023-2024,bundesliga
joe scally,gladbach,21,17,3,57.5,41,28,31,11,20,2023-2024,bundesliga
andras schafer,union berlin,9,15,5,55.0,29,16,25,4,21,2023-2024,bundesliga
patrik schick,leverkusen,0,3,3,20.0,6,4,2,0,2,2023-2024,bundesliga
stefan schimmer,heidenheim,0,1,0,0.0,1,1,2,0,2,2023-2024,bundesliga
xaver schlager,rb leipzig,35,38,8,39.6,81,50,41,8,33,2023-2024,bundesliga
keven schlotterbeck,bochum,26,14,2,83.3,42,22,33,23,10,2023-2024,bundesliga
nico schlotterbeck,dortmund,36,27,7,63.1,70,50,52,25,27,2023-2024,bundesliga
romano schmid,werder bremen,7,22,6,30.4,35,20,36,7,29,2023-2024,bundesliga
kenneth schmidt,freiburg,2,0,0,50.0,2,2,1,0,1,2023-2024,bundesliga
benno schmitz,koln,20,7,0,50.0,27,15,19,4,15,2023-2024,bundesliga
fabian schnellhardt,darmstadt,2,1,1,33.3,4,1,1,0,1,2023-2024,bundesliga
jan schoppner,heidenheim,26,20,2,50.0,48,26,37,7,30,2023-2024,bundesliga
marcel schuhen,darmstadt,1,0,0,33.3,1,0,0,0,0,2023-2024,bundesliga
marvin schwabe,koln,1,0,0,100.0,1,0,0,0,0,2023-2024,bundesliga
alexander schwolow,union berlin,0,0,0,,0,0,0,0,0,2023-2024,bundesliga
nicolas seiwald,rb leipzig,16,15,2,64.0,33,18,12,2,10,2023-2024,bundesliga
davie selke,koln,1,3,0,0.0,4,2,5,3,2,2023-2024,bundesliga
benjamin sesko,rb leipzig,2,7,4,22.2,13,5,23,2,21,2023-2024,bundesliga
kevin sessa,heidenheim,9,6,2,43.8,17,10,12,1,11,2023-2024,bundesliga
aaron seydel,darmstadt,0,2,1,0.0,3,2,8,2,6,2023-2024,bundesliga
tim siersleben,heidenheim,21,6,0,40.0,27,11,16,10,6,2023-2024,bundesliga
kiliann sildillia,freiburg,28,8,7,61.9,43,19,33,15,18,2023-2024,bundesliga
mohamed simakan,rb leipzig,28,19,1,72.7,48,29,36,14,22,2023-2024,bundesliga
xavi simons,rb leipzig,10,11,9,48.4,30,17,23,0,23,2023-2024,bundesliga
tim skarke,darmstadt,12,10,4,35.7,26,16,25,2,23,2023-2024,bundesliga
ellyes skhiri,eint frankfurt,18,19,7,52.8,44,24,33,4,29,2023-2024,bundesliga
robert skov,hoffenheim,15,8,1,47.2,24,16,17,4,13,2023-2024,bundesliga
hrvoje smolcic,eint frankfurt,7,0,0,80.0,7,3,3,1,2,2023-2024,bundesliga
danilo soares,bochum,5,3,2,62.5,10,6,6,0,6,2023-2024,bundesliga
borna sosa,stuttgart,0,0,0,0.0,0,0,0,0,0,2023-2024,bundesliga
anton stach,hoffenheim,40,27,6,52.4,73,42,38,12,26,2023-2024,bundesliga
anton stach,mainz,2,0,1,50.0,3,0,5,0,5,2023-2024,bundesliga
jens stage,werder bremen,21,23,8,36.0,52,22,42,23,19,2023-2024,bundesliga
josip stanisic,leverkusen,19,13,6,66.7,38,20,18,3,15,2023-2024,bundesliga
niklas stark,werder bremen,13,11,2,66.7,26,15,14,7,7,2023-2024,bundesliga
pascal stenzel,stuttgart,7,9,2,33.3,18,8,22,8,14,2023-2024,bundesliga
leonidas stergiou,stuttgart,7,7,1,69.2,15,8,8,1,7,2023-2024,bundesliga
angelo stiller,hoffenheim,0,0,0,0.0,0,0,2,0,2,2023-2024,bundesliga
angelo stiller,stuttgart,15,34,6,57.1,55,33,41,13,28,2023-2024,bundesliga
kevin stoger,bochum,21,21,7,39.7,49,30,46,4,42,2023-2024,bundesliga
filip stojilkovic,darmstadt,0,0,1,,1,1,0,0,0,2023-2024,bundesliga
niklas sule,dortmund,14,3,1,68.8,18,10,25,14,11,2023-2024,bundesliga
mattias svanberg,wolfsburg,8,19,10,31.6,37,17,25,5,20,2023-2024,bundesliga
attila szalai,hoffenheim,3,0,0,25.0,3,1,6,2,4,2023-2024,bundesliga
attila szalai,freiburg,1,0,0,50.0,1,1,5,2,3,2023-2024,bundesliga
jonathan tah,leverkusen,10,7,2,31.3,19,9,28,23,5,2023-2024,bundesliga
edmond tapsoba,leverkusen,17,15,2,70.8,34,25,21,10,11,2023-2024,bundesliga
mathys tel,bayern munich,3,4,5,66.7,12,2,11,0,11,2023-2024,bundesliga
nathan tella,leverkusen,6,5,2,50.0,13,8,10,0,10,2023-2024,bundesliga
norman theuerkauf,heidenheim,13,7,4,59.1,24,16,16,6,10,2023-2024,bundesliga
jan thielmann,koln,13,9,6,50.0,28,18,31,6,25,2023-2024,bundesliga
denis thomalla,heidenheim,4,4,1,45.5,9,6,3,2,1,2023-2024,bundesliga
phillip tietz,augsburg,7,13,3,40.0,23,14,17,3,14,2023-2024,bundesliga
steffen tigges,koln,4,5,1,42.9,10,6,4,2,2,2023-2024,bundesliga
umut tohumcu,hoffenheim,9,7,0,31.6,16,12,11,1,10,2023-2024,bundesliga
tiago tomas,wolfsburg,3,0,2,16.7,5,2,13,0,13,2023-2024,bundesliga
fabio torsiello,darmstadt,1,0,0,12.5,1,0,1,0,1,2023-2024,bundesliga
lucas tousart,union berlin,14,17,4,45.9,35,20,32,9,23,2023-2024,bundesliga
omar traore,heidenheim,33,21,6,57.1,60,33,32,7,25,2023-2024,bundesliga
kevin trapp,eint frankfurt,0,0,0,,0,0,0,0,0,2023-2024,bundesliga
christopher trimmel,union berlin,12,10,1,39.4,23,15,16,3,13,2023-2024,bundesliga
tuta,eint frankfurt,38,19,6,66.1,63,33,29,12,17,2023-2024,bundesliga
lukas ullrich,gladbach,1,0,0,25.0,1,0,0,0,0,2023-2024,bundesliga
sven ulreich,bayern munich,1,0,0,100.0,1,0,0,0,0,2023-2024,bundesliga
deniz undav,stuttgart,6,8,14,26.7,28,13,17,0,17,2023-2024,bundesliga
dayot upamecano,bayern munich,21,11,2,51.7,34,21,19,7,12,2023-2024,bundesliga
mark uth,koln,2,3,3,33.3,8,4,6,0,6,2023-2024,bundesliga
josha vagnoman,stuttgart,15,11,2,50.0,28,18,11,5,6,2023-2024,bundesliga
ruben vargas,augsburg,6,10,7,40.0,23,10,19,4,15,2023-2024,bundesliga
milos veljkovic,werder bremen,17,13,1,51.6,31,15,31,20,11,2023-2024,bundesliga
yorbe vertessen,union berlin,0,3,0,25.0,3,2,8,0,8,2023-2024,bundesliga
oscar vilhelmsson,darmstadt,3,7,3,70.0,13,6,15,5,10,2023-2024,bundesliga
kevin vogt,hoffenheim,7,7,0,61.5,14,10,16,13,3,2023-2024,bundesliga
kevin vogt,union berlin,6,4,0,50.0,10,9,22,15,7,2023-2024,bundesliga
kevin volland,union berlin,8,8,6,40.0,22,9,8,0,8,2023-2024,bundesliga
aster vranckx,wolfsburg,11,11,10,53.6,32,15,17,6,11,2023-2024,bundesliga
luca waldschmidt,koln,4,12,3,31.3,19,12,18,3,15,2023-2024,bundesliga
kjellarik watjen,dortmund,2,1,0,40.0,3,2,1,1,0,2023-2024,bundesliga
wout weghorst,hoffenheim,4,7,2,60.0,13,6,25,8,17,2023-2024,bundesliga
julian weigl,gladbach,28,32,6,61.2,66,40,47,14,33,2023-2024,bundesliga
nelson weiper,mainz,2,0,0,66.7,2,1,1,0,1,2023-2024,bundesliga
mitchell weiser,werder bremen,29,25,10,58.5,64,38,36,6,30,2023-2024,bundesliga
noah weihaupt,freiburg,6,0,3,45.5,9,4,8,1,7,2023-2024,bundesliga
timo werner,rb leipzig,0,1,1,,2,1,1,0,1,2023-2024,bundesliga
silvan widmer,mainz,12,8,3,60.7,23,10,18,5,13,2023-2024,bundesliga
patrick wimmer,wolfsburg,5,5,4,44.4,14,5,14,0,14,2023-2024,bundesliga
jonas wind,wolfsburg,4,6,3,41.2,13,10,13,4,9,2023-2024,bundesliga
florian wirtz,leverkusen,7,14,6,31.0,27,18,36,2,34,2023-2024,bundesliga
maximilian wittek,bochum,9,11,3,61.9,23,17,12,1,11,2023-2024,bundesliga
maximilian wober,gladbach,40,25,1,58.5,66,31,47,26,21,2023-2024,bundesliga
marius wolf,dortmund,8,11,1,47.8,20,12,12,2,10,2023-2024,bundesliga
nick woltemade,werder bremen,7,20,7,71.4,34,23,12,0,12,2023-2024,bundesliga
jeong wooyeong,stuttgart,6,8,1,75.0,15,9,5,0,5,2023-2024,bundesliga
granit xhaka,leverkusen,11,14,4,30.0,29,21,29,8,21,2023-2024,bundesliga
danaxel zagadou,stuttgart,16,5,0,50.0,21,14,23,18,5,2023-2024,bundesliga
bryan zaragoza,bayern munich,2,1,1,100.0,4,4,0,0,0,2023-2024,bundesliga
robin zentner,mainz,2,0,0,40.0,2,2,1,0,1,2023-2024,bundesliga
cedric zesiger,wolfsburg,13,4,2,45.5,19,9,32,21,11,2023-2024,bundesliga
michael zetterer,werder bremen,3,0,0,100.0,3,1,0,0,0,2023-2024,bundesliga
christoph zimmermann,darmstadt,26,7,0,48.7,33,21,21,14,7,2023-2024,bundesliga
simon zoller,bochum,0,0,0,,0,0,1,0,1,2023-2024,bundesliga
lovro zvonarek,bayern munich,0,0,0,0.0,0,0,3,0,3,2023-2024,bundesliga
