Player,Squad,Touch_Def_3rd,Touch_Mid_3rd,Touch_Att_3rd,Touch_Att_Pen,drib_Att,drib_Succ%,PrgDist,Carries_Att_3rd,Carries_Att_Pen,fail_To_Gain_Control,Loss_Control_Tackle,Season,Competition
max aarons,Valencia,21,28,36,0,4,25.0,103,3,0,3,1,2024-2025,laliga
rodrigo abajas,Valencia,8,19,9,1,1,100.0,67,2,1,0,2,2024-2025,laliga
abel,Osasuna,370,605,357,19,35,51.4,1792,44,7,27,18,2024-2025,laliga
nabil aberdin,Getafe,21,56,10,2,3,66.7,74,0,0,1,1,2024-2025,laliga
abdel abqar,Alavés,659,545,58,25,4,75.0,2013,7,0,18,3,2024-2025,laliga
akor adams,Sevilla,4,18,12,1,1,100.0,0,0,0,2,0,2024-2025,laliga
adrian,Betis,657,1,0,0,0,,1161,0,0,1,0,2024-2025,laliga
julen agirrezabala,Athletic Club,436,1,0,0,0,,682,0,0,1,0,2024-2025,laliga
lucien agoume,Sevilla,386,867,248,19,30,73.3,1597,23,2,26,13,2024-2025,laliga
alvaro aguado,Espanyol,68,161,78,6,8,62.5,753,10,4,9,4,2024-2025,laliga
lorenzo aguado,Real Madrid,3,0,0,0,0,,0,0,0,0,1,2024-2025,laliga
nayef aguerd,Real Sociedad,729,815,53,16,10,50.0,3798,18,0,7,3,2024-2025,laliga
joseph aidoo,Valladolid,265,168,2,1,1,100.0,678,0,0,0,1,2024-2025,laliga
joseph aidoo,Celta Vigo,4,4,0,0,0,,8,0,0,0,1,2024-2025,laliga
ilias akhomach,Villarreal,44,89,163,29,43,44.2,759,18,20,15,10,2024-2025,laliga
david alaba,Real Madrid,137,100,11,2,0,,482,1,0,1,0,2024-2025,laliga
ibrahim alani,Valladolid,36,74,4,0,1,100.0,130,0,0,1,2,2024-2025,laliga
raul albiol,Villarreal,533,369,14,3,0,,1226,1,0,3,1,2024-2025,laliga
omar alderete,Getafe,681,796,122,39,28,64.3,2546,20,2,30,9,2024-2025,laliga
carles alena,Getafe,26,84,56,10,4,75.0,169,2,1,3,6,2024-2025,laliga
carles alena,Alavés,63,290,243,22,24,50.0,671,25,2,23,14,2024-2025,laliga
alfon,Celta Vigo,44,139,374,114,63,39.7,1693,39,47,29,20,2024-2025,laliga
tadeo allende,Celta Vigo,1,3,0,0,1,0.0,4,0,0,0,0,2024-2025,laliga
domingos andre ribeiro almeida,Valencia,150,596,428,43,54,40.7,1810,48,11,37,38,2024-2025,laliga
iker almena,Girona,4,6,30,1,3,66.7,152,3,1,1,0,2024-2025,laliga
marcos alonso,Celta Vigo,1022,1399,298,35,25,64.0,6481,48,2,20,9,2024-2025,laliga
adria altimira,Leganés,248,380,209,8,31,32.3,1049,23,4,28,7,2024-2025,laliga
sergi altimira,Betis,321,940,272,18,24,66.7,1635,14,1,27,21,2024-2025,laliga
hugo alvarez,Celta Vigo,262,471,489,82,72,44.4,2266,38,41,33,12,2024-2025,laliga
julian alvarez,Atlético Madrid,105,501,649,116,65,52.3,2198,51,29,62,40,2024-2025,laliga
yeray alvarez,Athletic Club,554,825,55,14,9,66.7,3165,8,0,11,7,2024-2025,laliga
selim amallah,Valladolid,101,334,184,18,68,48.5,836,17,6,35,25,2024-2025,laliga
amath,Valladolid,24,71,73,12,16,43.8,318,9,4,10,4,2024-2025,laliga
marcos andre,Valladolid,46,208,128,32,41,41.5,345,9,5,40,23,2024-2025,laliga
leandro antonetti,Sevilla,2,4,7,0,1,0.0,43,1,0,2,1,2024-2025,laliga
antoniu,Espanyol,74,150,158,20,54,53.7,966,23,5,27,12,2024-2025,laliga
antony,Betis,100,315,585,63,63,38.1,2729,77,30,53,20,2024-2025,laliga
anuar,Valladolid,214,324,173,28,24,29.2,834,15,6,25,14,2024-2025,laliga
aritz arambarri,Leganés,59,26,1,1,0,,137,0,0,1,0,2024-2025,laliga
mauro arambarri,Getafe,203,693,264,72,34,52.9,863,8,3,60,29,2024-2025,laliga
jon aramburu,Real Sociedad,630,936,336,20,37,21.6,1502,20,0,34,12,2024-2025,laliga
ronald araujo,Barcelona,227,542,32,9,1,0.0,1731,4,0,2,1,2024-2025,laliga
adu ares,Athletic Club,2,3,6,1,1,0.0,29,1,0,0,2,2024-2025,laliga
jesus areso,Osasuna,423,767,730,23,64,37.5,2869,66,9,62,29,2024-2025,laliga
david arguelles,Getafe,2,2,3,0,0,,12,0,0,0,0,2024-2025,laliga
jose arnaiz,Osasuna,17,44,58,11,5,20.0,171,2,3,5,5,2024-2025,laliga
sergio arribas,Betis,24,43,4,0,0,,75,0,0,0,0,2024-2025,laliga
takuma asano,Mallorca,53,141,169,53,25,24.0,589,12,12,27,12,2024-2025,laliga
raul asencio,Real Madrid,623,501,37,11,9,66.7,1874,5,1,5,6,2024-2025,laliga
iago aspas,Celta Vigo,75,510,466,67,27,55.6,1573,39,15,35,20,2024-2025,laliga
yaser asprilla,Girona,69,319,453,48,64,45.3,1860,37,29,45,17,2024-2025,laliga
ezequiel avila,Betis,34,131,163,34,11,45.5,334,7,4,23,7,2024-2025,laliga
adam aznou,Valladolid,191,241,89,12,41,46.3,804,6,3,28,12,2024-2025,laliga
cesar azpilicueta,Atlético Madrid,232,393,137,11,2,50.0,1318,18,1,8,1,2024-2025,laliga
papa ba,Girona,5,10,5,1,2,50.0,24,0,1,1,1,2024-2025,laliga
loic bade,Sevilla,1298,799,54,20,22,77.3,2853,10,1,17,8,2024-2025,laliga
alex baena,Villarreal,209,634,762,89,56,37.5,3201,93,15,42,32,2024-2025,laliga
juma bah,Valladolid,321,194,10,8,4,75.0,459,1,0,3,5,2024-2025,laliga
eric bailly,Villarreal,196,186,13,5,3,100.0,519,4,0,6,1,2024-2025,laliga
stefan bajcetic,Las Palmas,148,339,90,6,24,45.8,538,9,0,21,6,2024-2025,laliga
cedric bakambu,Betis,16,97,115,33,7,14.3,274,4,7,28,11,2024-2025,laliga
alejandro balde,Barcelona,310,843,596,47,110,41.8,3463,68,16,44,27,2024-2025,laliga
ivan balliu,Rayo Vallecano,262,340,166,10,6,50.0,441,6,2,12,2,2024-2025,laliga
jonathan bamba,Celta Vigo,74,235,170,21,38,39.5,936,15,8,20,13,2024-2025,laliga
adrian baquerin,Valladolid,2,8,8,3,2,0.0,4,0,0,1,1,2024-2025,laliga
valentin barco,Sevilla,45,92,100,3,13,23.1,254,4,0,6,4,2024-2025,laliga
borna barisic,Leganés,0,2,2,0,0,,1,0,0,0,0,2024-2025,laliga
kike barja,Osasuna,24,46,98,17,16,43.8,384,9,5,16,5,2024-2025,laliga
enzo barrenechea,Valencia,378,1038,198,14,31,35.5,1515,17,0,23,18,2024-2025,laliga
ander barrenetxea,Real Sociedad,102,263,402,63,69,37.7,1239,26,19,47,26,2024-2025,laliga
pablo barrios,Atlético Madrid,415,1001,378,29,42,59.5,2315,35,6,49,23,2024-2025,laliga
thierno barry,Villarreal,44,246,346,126,50,36.0,1041,35,25,86,27,2024-2025,laliga
marc bartra,Betis,862,561,70,18,15,46.7,2534,15,1,12,5,2024-2025,laliga
aboubacar bassinga,Las Palmas,0,4,0,0,0,,4,0,0,0,1,2024-2025,laliga
augusto batalla,Rayo Vallecano,1245,15,0,0,6,100.0,2275,0,0,1,0,2024-2025,laliga
rafael bauza,Espanyol,22,39,14,1,2,50.0,102,2,0,1,0,2024-2025,laliga
sheraldo becker,Real Sociedad,41,113,236,36,11,36.4,1038,16,14,17,4,2024-2025,laliga
donny van de beek,Girona,113,246,230,61,13,46.2,588,15,2,13,15,2024-2025,laliga
luken beitia,Real Sociedad,6,1,0,0,0,,1,0,0,0,0,2024-2025,laliga
ismael bekhoucha,Getafe,14,13,9,0,3,66.7,35,0,0,2,0,2024-2025,laliga
hector bellerin,Betis,122,190,73,11,8,75.0,344,4,0,6,1,2024-2025,laliga
jude bellingham,Real Madrid,239,910,752,110,75,54.7,2818,61,14,54,43,2024-2025,laliga
fran beltran,Celta Vigo,385,1088,246,14,19,52.6,2137,29,2,23,22,2024-2025,laliga
carlos benavidez,Alavés,83,167,47,2,6,66.7,283,2,1,5,0,2024-2025,laliga
iker benito,Osasuna,4,11,4,0,1,0.0,25,1,0,1,0,2024-2025,laliga
yuri berchiche,Athletic Club,454,884,305,16,16,37.5,2158,29,3,18,2,2024-2025,laliga
alex berenguer,Athletic Club,98,462,713,86,82,40.2,2050,40,27,52,50,2024-2025,laliga
marc bernal,Barcelona,47,116,21,1,3,66.7,150,2,0,2,2,2024-2025,laliga
juan bernat,Villarreal,42,63,56,13,8,37.5,168,3,1,3,2,2024-2025,laliga
juan bernat,Getafe,62,132,103,15,23,52.2,190,6,2,17,15,2024-2025,laliga
juan berrocal,Getafe,246,238,16,8,0,,390,1,0,3,0,2024-2025,laliga
antonio blanco,Alavés,353,991,216,6,21,71.4,1407,17,0,29,26,2024-2025,laliga
daley blind,Girona,910,1600,364,21,28,53.6,5550,67,3,16,12,2024-2025,laliga
adama boiro,Athletic Club,158,309,165,14,26,30.8,890,21,5,23,15,2024-2025,laliga
enzo boyomo,Osasuna,821,850,69,21,16,56.3,2884,6,1,19,10,2024-2025,laliga
enzo boyomo,Valladolid,131,79,6,4,1,100.0,282,0,0,0,0,2024-2025,laliga
darko brasanac,Leganés,169,307,197,28,7,28.6,414,12,1,16,9,2024-2025,laliga
tajon buchanan,Villarreal,41,69,119,25,22,45.5,499,9,6,18,7,2024-2025,laliga
ante budimir,Osasuna,52,335,407,170,43,23.3,541,15,8,83,44,2024-2025,laliga
manu bueno,Sevilla,15,43,33,2,2,50.0,121,3,0,2,2,2024-2025,laliga
endika bujan,Athletic Club,0,0,7,2,2,50.0,13,0,0,0,0,2024-2025,laliga
pau cabanes,Villarreal,17,35,71,11,12,41.7,245,9,5,8,3,2024-2025,laliga
pau cabanes,Alavés,16,49,63,7,13,30.8,309,9,3,10,3,2024-2025,laliga
leandro cabrera,Espanyol,1047,681,76,33,2,50.0,2284,9,0,9,1,2024-2025,laliga
fernando calero,Espanyol,288,187,24,2,0,,525,2,0,6,0,2024-2025,laliga
eduardo camavinga,Real Madrid,272,494,207,15,31,48.4,1699,27,7,7,11,2024-2025,laliga
sergio camello,Rayo Vallecano,39,173,196,46,23,56.5,554,16,8,38,23,2024-2025,laliga
jose campana,Las Palmas,224,577,153,5,18,44.4,988,12,1,17,15,2024-2025,laliga
peio canales,Athletic Club,14,63,64,3,11,45.5,221,4,2,4,3,2024-2025,laliga
antonio candela,Valladolid,239,216,80,7,15,40.0,841,8,1,8,5,2024-2025,laliga
sergi canos,Valencia,34,76,122,20,13,7.7,279,6,4,13,5,2024-2025,laliga
dani cardenas,Rayo Vallecano,189,1,0,0,0,,246,0,0,0,0,2024-2025,laliga
irvin cardona,Espanyol,27,98,123,23,13,23.1,460,14,6,22,4,2024-2025,laliga
marc cardona,Las Palmas,16,34,23,6,7,14.3,55,0,0,2,4,2024-2025,laliga
sergi cardona,Villarreal,711,632,506,63,30,33.3,2057,34,10,24,11,2024-2025,laliga
johnny cardoso,Betis,397,846,201,26,42,61.9,1557,16,1,36,23,2024-2025,laliga
jose carlos gonzalez,Las Palmas,1,5,3,0,0,,8,0,0,0,0,2024-2025,laliga
carmona,Sevilla,726,1149,346,20,50,38.0,2754,25,8,37,18,2024-2025,laliga
sergio carreira,Celta Vigo,277,408,380,52,30,46.7,1421,22,16,16,14,2024-2025,laliga
dani carvajal,Real Madrid,126,232,176,12,5,40.0,513,5,0,8,6,2024-2025,laliga
william carvalho,Betis,94,255,87,6,5,60.0,592,9,0,6,6,2024-2025,laliga
marc casado,Barcelona,223,1040,276,9,9,44.4,1540,22,0,17,9,2024-2025,laliga
catena,Osasuna,988,864,65,40,11,72.7,2558,3,0,11,1,2024-2025,laliga
maximiliano caufriez,Valencia,17,6,0,0,0,,3,0,0,0,0,2024-2025,laliga
dani ceballos,Real Madrid,267,940,277,9,15,53.3,2951,30,2,11,7,2024-2025,laliga
franco cervi,Celta Vigo,37,78,45,1,2,50.0,173,2,0,3,2,2024-2025,laliga
raul chasco,Valladolid,36,32,7,0,2,0.0,54,0,0,3,1,2024-2025,laliga
pep chavarria,Rayo Vallecano,602,801,500,31,32,31.3,2300,34,6,39,6,2024-2025,laliga
walid cheddira,Espanyol,21,99,86,33,20,20.0,219,6,8,25,9,2024-2025,laliga
chema,Real Madrid,1,1,1,0,0,,0,0,0,1,0,2024-2025,laliga
julian chicco,Leganés,47,109,42,3,4,50.0,231,5,0,12,5,2024-2025,laliga
chiquinho,Mallorca,6,23,48,9,13,38.5,96,2,1,17,8,2024-2025,laliga
andreas christensen,Barcelona,75,160,12,1,0,,362,3,0,1,0,2024-2025,laliga
jasper cillessen,Las Palmas,1066,13,0,0,0,,2050,0,0,4,0,2024-2025,laliga
pathe ciss,Rayo Vallecano,453,854,154,18,23,60.9,1550,24,1,16,20,2024-2025,laliga
seydouba cisse,Leganés,273,869,287,28,45,66.7,1797,34,3,32,33,2024-2025,laliga
silvi clua,Girona,32,72,16,3,4,50.0,217,3,1,1,0,2024-2025,laliga
eray comert,Valladolid,613,474,32,7,4,100.0,1543,3,0,16,2,2024-2025,laliga
santi comesana,Villarreal,453,958,333,64,34,52.9,2451,30,6,35,44,2024-2025,laliga
diego conde,Villarreal,691,5,0,0,0,,1157,0,0,1,0,2024-2025,laliga
tomas conechny,Alavés,66,197,196,34,13,46.2,413,18,2,31,9,2024-2025,laliga
copete,Mallorca,512,446,31,12,5,80.0,1360,3,0,7,2,2024-2025,laliga
iker cordoba,Valencia,5,6,1,0,0,,27,0,0,0,0,2024-2025,laliga
angel correa,Atlético Madrid,54,129,243,82,38,34.2,768,20,13,29,16,2024-2025,laliga
thierry correia,Valencia,177,215,170,12,23,34.8,785,9,6,17,0,2024-2025,laliga
coba da costa,Getafe,75,191,245,47,56,33.9,1076,23,25,26,23,2024-2025,laliga
logan costa,Villarreal,965,758,69,12,2,0.0,2994,16,0,7,0,2024-2025,laliga
samu costa,Mallorca,446,1100,298,34,33,39.4,1591,18,1,42,35,2024-2025,laliga
thibaut courtois,Real Madrid,1083,5,0,0,1,0.0,1989,0,0,0,0,2024-2025,laliga
juan cruz armada,Osasuna,296,401,127,4,4,25.0,668,7,2,10,3,2024-2025,laliga
juan cruz,Leganés,176,381,413,41,78,51.3,1661,43,21,40,24,2024-2025,laliga
pau cubarsi,Barcelona,1045,1672,93,17,8,75.0,4999,16,0,7,1,2024-2025,laliga
cucho,Betis,23,210,237,61,26,65.4,507,9,14,46,14,2024-2025,laliga
arnaut danjuma,Villarreal,1,13,34,8,4,0.0,98,3,2,3,0,2024-2025,laliga
arnaut danjuma,Girona,60,144,389,81,67,35.8,2010,42,38,33,11,2024-2025,laliga
sergi darder,Mallorca,173,887,518,29,74,45.9,2211,58,7,36,30,2024-2025,laliga
rodrigo de paul,Atlético Madrid,308,1144,517,20,35,40.0,4286,66,3,33,24,2024-2025,laliga
mouctar diakhaby,Valencia,271,143,29,19,4,50.0,486,6,0,5,2,2024-2025,laliga
assane diao,Betis,12,42,68,19,11,18.2,145,3,3,15,2,2024-2025,laliga
moussa diarra,Alavés,383,495,139,9,14,50.0,1080,10,2,17,15,2024-2025,laliga
brahim diaz,Real Madrid,76,417,350,66,47,51.1,1223,16,12,44,27,2024-2025,laliga
daniel diaz,Real Sociedad,2,1,3,1,1,0.0,0,0,0,0,0,2024-2025,laliga
pedro diaz,Rayo Vallecano,116,337,265,19,34,58.8,1177,30,2,24,8,2024-2025,laliga
diego,Leganés,20,135,171,44,10,40.0,291,11,5,45,12,2024-2025,laliga
stole dimitrievski,Valencia,135,9,0,0,0,,240,0,0,1,0,2024-2025,laliga
yan diomande,Leganés,49,108,161,42,38,60.5,966,16,20,26,16,2024-2025,laliga
alvaro djalo,Athletic Club,26,77,134,25,36,38.9,562,23,6,29,13,2024-2025,laliga
djene,Getafe,406,606,168,17,17,41.2,1275,10,1,23,17,2024-2025,laliga
marko dmitrovic,Leganés,1132,13,0,0,1,100.0,1877,0,0,1,0,2024-2025,laliga
marc domenech,Mallorca,11,26,49,13,2,50.0,62,2,0,11,3,2024-2025,laliga
carlos dominguez,Celta Vigo,488,609,25,7,3,66.7,1981,12,0,5,0,2024-2025,laliga
israel dominguez,Sevilla,0,2,0,0,0,,0,0,0,0,0,2024-2025,laliga
sergi dominguez,Barcelona,69,121,3,0,0,,284,1,0,0,0,2024-2025,laliga
anastasios douvikas,Celta Vigo,18,84,94,32,13,30.8,150,7,4,23,19,2024-2025,laliga
domingos duarte,Getafe,454,412,22,9,0,,626,2,0,2,2,2024-2025,laliga
duk,Leganés,12,29,56,9,19,52.6,207,4,5,12,5,2024-2025,laliga
pablo duran,Celta Vigo,68,257,265,64,42,28.6,643,14,13,42,20,2024-2025,laliga
hugo duro,Valencia,47,328,265,90,20,35.0,364,8,7,58,32,2024-2025,laliga
chidera ejuke,Sevilla,66,272,292,43,85,55.3,1898,35,26,35,22,2024-2025,laliga
aritz elustondo,Real Sociedad,462,581,53,12,8,37.5,1854,6,1,14,6,2024-2025,laliga
adri embarba,Rayo Vallecano,104,333,433,44,56,35.7,1257,33,12,61,24,2024-2025,laliga
endrick,Real Madrid,7,41,80,23,11,36.4,308,5,10,10,3,2024-2025,laliga
alfonso espino,Rayo Vallecano,217,288,139,10,14,35.7,675,13,4,10,9,2024-2025,laliga
dario essugo,Las Palmas,362,732,148,10,18,66.7,1382,21,2,35,21,2024-2025,laliga
etienne etoo,Rayo Vallecano,1,5,7,2,2,0.0,0,0,0,2,0,2024-2025,laliga
karl etta,Villarreal,1,2,6,1,0,,0,0,0,4,0,2024-2025,laliga
edu exposito,Espanyol,105,308,230,26,28,53.6,954,20,4,29,18,2024-2025,laliga
abde ezzalzouli,Betis,120,407,585,151,103,44.7,3025,75,58,64,50,2024-2025,laliga
ansu fati,Barcelona,8,59,105,22,11,45.5,234,7,4,10,4,2024-2025,laliga
nabil fekir,Betis,3,52,53,6,5,0.0,259,4,2,4,6,2024-2025,laliga
kiko femenia,Villarreal,630,812,280,9,24,70.8,2602,30,0,22,10,2024-2025,laliga
aitor fernandez,Osasuna,50,0,0,0,0,,105,0,0,0,0,2024-2025,laliga
alvaro fernandez,Sevilla,347,2,0,0,0,,400,0,0,0,0,2024-2025,laliga
pelayo fernandez,Rayo Vallecano,26,14,0,0,0,,38,0,0,0,1,2024-2025,laliga
roberto fernandez,Espanyol,70,222,151,37,27,40.7,283,10,3,55,16,2024-2025,laliga
valery fernandez,Mallorca,22,69,44,8,6,16.7,126,3,1,5,3,2024-2025,laliga
andre ferreira,Valladolid,215,1,0,0,0,,280,0,0,0,0,2024-2025,laliga
mateo flores,Betis,27,47,11,1,0,,55,0,0,3,3,2024-2025,laliga
pablo fornals,Betis,171,684,428,36,28,28.6,1523,34,7,24,16,2024-2025,laliga
hector fort,Barcelona,111,300,166,17,9,22.2,679,15,2,4,4,2024-2025,laliga
dimitri foulquier,Valencia,451,770,319,26,33,24.2,2372,33,7,30,16,2024-2025,laliga
juan foyth,Villarreal,631,460,111,21,9,44.4,2328,14,0,11,2,2024-2025,laliga
fran,Real Madrid,22,0,0,0,0,,23,0,0,0,0,2024-2025,laliga
alejandro frances,Girona,343,503,130,7,14,50.0,1469,9,1,8,1,2024-2025,laliga
enric franquesa,Leganés,89,157,68,6,21,42.9,337,10,2,21,2,2024-2025,laliga
jorge de frutos,Rayo Vallecano,165,328,544,107,104,30.8,2074,50,28,81,38,2024-2025,laliga
dario fuentes,Sevilla,0,0,2,0,0,,0,0,0,0,0,2024-2025,laliga
manuel fuster,Las Palmas,93,364,288,23,17,29.4,1016,15,3,20,16,2024-2025,laliga
javi galan,Atlético Madrid,406,529,344,16,78,35.9,2315,34,6,22,15,2024-2025,laliga
inigo ruiz de galarreta,Athletic Club,153,618,222,8,23,69.6,1266,14,3,17,16,2024-2025,laliga
conor gallagher,Atlético Madrid,232,555,287,38,42,40.5,1104,23,7,25,23,2024-2025,laliga
facundo garces,Alavés,122,137,21,13,0,,187,0,0,2,0,2024-2025,laliga
alvaro garcia,Rayo Vallecano,204,357,611,127,27,37.0,1484,28,25,61,16,2024-2025,laliga
eric garcia,Barcelona,369,927,225,25,12,41.7,1877,12,1,17,5,2024-2025,laliga
fran garcia,Real Madrid,498,703,606,33,23,34.8,2683,52,15,20,10,2024-2025,laliga
gonzalo garcia,Real Madrid,1,6,15,5,0,,19,0,0,0,3,2024-2025,laliga
joan garcia,Espanyol,1341,7,1,1,0,,3182,0,0,2,0,2024-2025,laliga
pablo garcia,Betis,3,7,14,2,2,50.0,59,0,1,3,1,2024-2025,laliga
ruben garcia,Osasuna,205,649,629,64,36,33.3,1382,46,13,39,21,2024-2025,laliga
unai garcia,Osasuna,25,16,2,1,0,,41,0,0,1,0,2024-2025,laliga
yarek gasiorowski,Valencia,295,309,22,6,0,,736,2,0,1,0,2024-2025,laliga
gavi,Barcelona,107,601,240,34,18,50.0,1128,16,1,19,9,2024-2025,laliga
paulo gazzaniga,Girona,1283,6,0,0,4,75.0,2167,0,0,1,0,2024-2025,laliga
bryan gil,Girona,110,356,568,82,104,39.4,2103,43,34,56,39,2024-2025,laliga
dani gomez,Valencia,12,49,78,22,10,30.0,103,4,2,11,8,2024-2025,laliga
moi gomez,Osasuna,92,337,146,7,26,53.8,524,10,1,10,8,2024-2025,laliga
sergi gomez,Espanyol,280,131,8,4,0,,376,0,0,1,0,2024-2025,laliga
sergio gomez,Real Sociedad,292,746,708,52,51,43.1,1912,46,6,45,16,2024-2025,laliga
unai gomez,Athletic Club,63,215,168,21,29,41.4,617,17,3,23,21,2024-2025,laliga
fabio gonzalez,Las Palmas,5,41,11,2,0,,85,0,0,1,0,2024-2025,laliga
peter gonzalez,Getafe,29,68,119,16,15,20.0,187,5,4,17,15,2024-2025,laliga
urko gonzalez,Espanyol,205,334,83,11,17,35.3,1133,14,3,18,12,2024-2025,laliga
urko gonzalez,Real Sociedad,7,10,3,1,0,,5,0,0,1,2,2024-2025,laliga
andoni gorosabel,Athletic Club,292,547,252,13,14,50.0,691,18,3,18,14,2024-2025,laliga
jose gragera,Espanyol,74,190,21,4,4,25.0,216,0,0,3,1,2024-2025,laliga
dominik greif,Mallorca,1098,11,0,0,2,100.0,1668,0,0,1,0,2024-2025,laliga
antoine griezmann,Atlético Madrid,216,748,729,93,35,42.9,2040,56,6,41,20,2024-2025,laliga
florian grillitsch,Valladolid,91,266,49,4,15,73.3,706,4,0,5,5,2024-2025,laliga
vicente guaita,Celta Vigo,1033,6,0,0,0,,1561,0,0,3,1,2024-2025,laliga
sergi guardiola,Rayo Vallecano,11,55,64,18,2,0.0,90,3,1,11,5,2024-2025,laliga
nemanja gudelj,Sevilla,703,789,150,5,9,66.7,1401,8,0,19,3,2024-2025,laliga
javier guerra,Valencia,354,939,401,49,78,37.2,2585,42,13,50,54,2024-2025,laliga
ander guevara,Alavés,265,761,189,12,15,60.0,1078,16,0,22,19,2024-2025,laliga
pape gueye,Villarreal,355,807,308,65,33,33.3,2199,28,7,33,19,2024-2025,laliga
hugo guillamon,Valencia,62,129,37,1,2,50.0,129,1,0,3,3,2024-2025,laliga
carlos guirao,Betis,14,38,10,1,1,100.0,60,1,0,1,2,2024-2025,laliga
arda guler,Real Madrid,131,477,460,50,45,44.4,1720,33,10,23,9,2024-2025,laliga
gerard gumbau,Rayo Vallecano,104,276,129,10,4,50.0,365,9,0,8,2,2024-2025,laliga
jon guridi,Alavés,122,493,335,60,26,30.8,1129,31,4,38,17,2024-2025,laliga
gorka guruzeta,Athletic Club,67,342,240,78,20,55.0,375,12,2,48,20,2024-2025,laliga
miguel gutierrez,Girona,365,671,722,50,55,52.7,2320,48,11,37,25,2024-2025,laliga
munir el haddadi,Leganés,34,176,164,17,21,33.3,357,9,1,22,25,2024-2025,laliga
sebastien haller,Leganés,21,66,45,11,3,33.3,105,2,0,17,5,2024-2025,laliga
henrique,Valladolid,75,139,24,1,7,42.9,355,3,0,3,4,2024-2025,laliga
javi hernandez,Leganés,425,607,309,27,29,55.2,1835,32,5,27,26,2024-2025,laliga
aridane hernandez,Rayo Vallecano,394,270,17,12,6,50.0,566,0,0,4,1,2024-2025,laliga
jorge herrando,Osasuna,419,422,34,17,1,100.0,1149,3,0,4,1,2024-2025,laliga
ander herrera,Athletic Club,37,151,49,6,5,40.0,196,4,0,3,2,2024-2025,laliga
sergio herrera,Osasuna,1344,14,0,0,1,100.0,2294,0,0,2,0,2024-2025,laliga
yangel herrera,Girona,317,739,362,60,47,40.4,1760,35,3,54,35,2024-2025,laliga
juan herzog,Las Palmas,492,297,27,20,2,0.0,569,1,0,2,0,2024-2025,laliga
omar el hilali,Espanyol,869,935,208,5,29,58.6,2372,21,2,21,7,2024-2025,laliga
roger hinojo,Espanyol,3,2,6,0,0,,23,0,0,0,0,2024-2025,laliga
dinko horkas,Las Palmas,538,22,0,0,1,100.0,929,0,0,0,0,2024-2025,laliga
pablo ibanez,Osasuna,109,391,185,31,27,48.1,985,20,3,20,16,2024-2025,laliga
stanis idumbo,Sevilla,26,54,55,6,19,47.4,332,5,4,12,11,2024-2025,laliga
iglesias,Getafe,471,763,412,15,32,40.6,1355,37,4,36,15,2024-2025,laliga
borja iglesias,Celta Vigo,48,362,284,83,32,34.4,536,13,13,62,32,2024-2025,laliga
kelechi iheanacho,Sevilla,9,50,49,14,4,50.0,126,3,2,10,4,2024-2025,laliga
isco,Betis,96,663,638,68,59,45.8,2047,54,5,54,27,2024-2025,laliga
diego iturralde,Sevilla,6,5,5,1,1,0.0,3,0,0,2,0,2024-2025,laliga
ivan jaime pajuelo,Valencia,11,57,86,13,16,31.3,303,8,2,13,7,2024-2025,laliga
karl jakob hein,Valladolid,1237,17,0,0,0,,1987,0,0,3,0,2024-2025,laliga
adnan januzaj,Las Palmas,31,218,216,15,38,36.8,781,14,5,31,9,2024-2025,laliga
mikel jauregizar,Athletic Club,276,847,306,12,42,47.6,1261,25,1,35,23,2024-2025,laliga
john joe,Getafe,5,10,18,1,5,40.0,47,1,0,4,1,2024-2025,laliga
jofre,Espanyol,137,334,384,71,112,34.8,2141,51,27,64,40,2024-2025,laliga
frenkie de jong,Barcelona,137,821,271,13,8,62.5,2630,38,1,5,7,2024-2025,laliga
joan jordan,Alavés,130,598,321,11,7,85.7,845,19,1,16,7,2024-2025,laliga
juanmi,Getafe,23,107,92,20,10,40.0,186,5,1,27,8,2024-2025,laliga
juanmi,Betis,23,46,41,14,8,50.0,101,1,2,7,4,2024-2025,laliga
juanpe,Girona,368,293,18,1,0,,1031,4,0,3,1,2024-2025,laliga
luiz lucio reis junior,Villarreal,535,7,0,0,0,,993,0,0,1,0,2024-2025,laliga
vinicius junior,Real Madrid,75,378,839,199,191,42.9,4525,87,106,72,49,2024-2025,laliga
stanko juric,Valladolid,423,505,65,10,10,60.0,789,6,2,21,14,2024-2025,laliga
willy kambwala,Villarreal,431,262,17,6,5,100.0,846,2,1,9,5,2024-2025,laliga
abdoulaye keita,Getafe,10,19,12,1,3,33.3,24,0,0,3,3,2024-2025,laliga
kenedy,Valladolid,0,1,4,2,1,0.0,4,0,0,0,1,2024-2025,laliga
kike,Alavés,70,404,433,120,35,37.1,739,18,10,98,42,2024-2025,laliga
koke,Atlético Madrid,455,1075,313,10,22,40.9,2255,21,0,15,8,2024-2025,laliga
jules kounde,Barcelona,567,1194,706,79,50,44.0,2501,42,7,41,13,2024-2025,laliga
alex kral,Espanyol,278,646,253,45,55,52.7,1902,33,7,52,29,2024-2025,laliga
ladislav krejci,Girona,1089,1175,106,28,12,58.3,5129,18,1,15,8,2024-2025,laliga
takefusa kubo,Real Sociedad,126,537,703,118,157,47.8,3647,63,57,89,48,2024-2025,laliga
marash kumbulla,Espanyol,1149,653,51,24,8,50.0,2892,11,0,14,1,2024-2025,laliga
luca de la torre,Celta Vigo,0,8,0,0,1,0.0,24,0,0,0,0,2024-2025,laliga
yoel lago,Celta Vigo,274,205,10,2,5,60.0,776,3,0,5,1,2024-2025,laliga
cyle larin,Mallorca,55,266,247,72,30,26.7,550,18,9,72,58,2024-2025,laliga
juanmi latasa,Valladolid,28,202,163,74,15,53.3,126,3,0,31,18,2024-2025,laliga
toni lato,Mallorca,121,159,119,3,4,0.0,434,9,1,6,2,2024-2025,laliga
robin le normand,Atlético Madrid,805,677,44,19,4,50.0,2052,7,0,14,6,2024-2025,laliga
florian lejeune,Rayo Vallecano,1336,1051,111,38,6,66.7,4056,13,1,17,4,2024-2025,laliga
inigo lekue,Athletic Club,157,258,108,4,14,42.9,515,6,1,5,5,2024-2025,laliga
thomas lemar,Atlético Madrid,8,33,37,1,3,0.0,54,4,0,1,1,2024-2025,laliga
clement lenglet,Atlético Madrid,834,695,58,17,3,100.0,3593,16,0,8,3,2024-2025,laliga
robert lewandowski,Barcelona,59,314,475,179,35,57.1,589,11,16,75,45,2024-2025,laliga
samuel lino,Atlético Madrid,203,420,429,75,56,48.2,2274,49,25,31,18,2024-2025,laliga
javier llabres,Mallorca,6,9,14,0,0,,69,2,0,1,2,2024-2025,laliga
diego llorente,Betis,1048,825,48,22,9,66.7,3118,8,1,11,4,2024-2025,laliga
marcos llorente,Atlético Madrid,546,791,487,58,30,46.7,3070,51,15,29,9,2024-2025,laliga
giovani lo celso,Betis,114,558,506,53,55,38.2,1450,31,9,38,31,2024-2025,laliga
enzo loiodice,Las Palmas,98,359,77,4,13,30.8,432,6,1,11,12,2024-2025,laliga
david lopez,Mallorca,38,30,3,0,0,,86,1,0,1,0,2024-2025,laliga
david lopez,Girona,1059,1133,76,17,9,66.7,4714,20,0,11,7,2024-2025,laliga
diego lopez,Valencia,132,510,634,100,77,29.9,2026,51,24,71,27,2024-2025,laliga
fer lopez,Celta Vigo,37,162,174,32,34,52.9,867,20,7,33,20,2024-2025,laliga
fermin lopez,Barcelona,58,366,441,59,55,45.5,1137,22,12,36,16,2024-2025,laliga
javi lopez,Real Sociedad,379,567,316,12,39,46.2,1360,29,4,24,22,2024-2025,laliga
pau lopez,Girona,26,0,0,0,0,,31,0,0,0,0,2024-2025,laliga
roberto lopez,Leganés,42,130,72,2,4,50.0,243,3,0,6,5,2024-2025,laliga
unai lopez,Rayo Vallecano,327,813,281,20,23,65.2,1458,23,3,24,19,2024-2025,laliga
iker losada,Celta Vigo,21,78,66,15,5,40.0,280,5,4,9,3,2024-2025,laliga
iker losada,Betis,30,73,80,6,6,33.3,294,6,1,6,5,2024-2025,laliga
pol lozano,Espanyol,288,594,157,1,19,26.3,1302,12,0,18,15,2024-2025,laliga
jose luis gaya,Valencia,346,500,362,18,20,35.0,1236,27,4,16,4,2024-2025,laliga
dodi lukebakio,Sevilla,147,552,818,145,167,50.3,3565,83,65,117,57,2024-2025,laliga
daniel luna,Mallorca,0,5,12,1,3,33.3,15,0,1,0,0,2024-2025,laliga
andriy lunin,Real Madrid,208,1,0,0,0,,212,0,0,0,0,2024-2025,laliga
darwin machis,Valladolid,57,143,137,6,20,25.0,588,15,1,5,4,2024-2025,laliga
pablo maffeo,Mallorca,442,558,416,20,85,47.1,1777,44,7,46,32,2024-2025,laliga
jon magunazelaia,Real Sociedad,5,9,4,0,0,,9,0,0,0,0,2024-2025,laliga
giorgi mamardashvili,Valencia,1155,8,0,0,0,,1452,0,0,0,0,2024-2025,laliga
reinildo mandava,Atlético Madrid,290,326,103,8,18,22.2,853,15,2,8,4,2024-2025,laliga
javier manquillo,Celta Vigo,161,222,31,1,1,0.0,454,5,1,1,0,2024-2025,laliga
marcao,Sevilla,234,143,6,3,5,40.0,415,0,0,4,3,2024-2025,laliga
oscar de marcos,Athletic Club,303,573,288,16,17,23.5,1036,24,2,11,7,2024-2025,laliga
alberto mari,Valencia,0,3,1,0,0,,10,0,0,0,0,2024-2025,laliga
jose maria gimenez,Atlético Madrid,822,735,30,11,3,66.7,2336,2,0,6,3,2024-2025,laliga
arkaitz mariezkurrena,Real Sociedad,22,38,46,8,5,60.0,100,1,1,9,6,2024-2025,laliga
pablo marin,Real Sociedad,101,348,202,24,35,57.1,753,20,6,40,17,2024-2025,laliga
mika marmol,Las Palmas,681,890,257,16,15,46.7,2342,26,1,15,5,2024-2025,laliga
mario maroto,Valladolid,9,29,11,1,1,100.0,18,2,0,1,0,2024-2025,laliga
unai marrero,Real Sociedad,66,0,0,0,0,,48,0,0,0,0,2024-2025,laliga
carlos martin,Alavés,117,265,236,40,36,25.0,507,11,4,32,19,2024-2025,laliga
diego martin,Las Palmas,3,7,9,1,0,,24,0,0,0,0,2024-2025,laliga
gerard martin,Barcelona,203,384,326,19,11,36.4,720,12,1,7,4,2024-2025,laliga
ivan martin,Girona,285,902,412,18,47,53.2,3039,55,1,43,27,2024-2025,laliga
jon martin,Real Sociedad,381,278,20,13,0,,1034,1,0,8,0,2024-2025,laliga
mario martin,Valladolid,349,582,164,25,38,50.0,1352,16,2,37,23,2024-2025,laliga
arnau martinez,Girona,625,1009,488,55,37,54.1,2704,31,5,25,14,2024-2025,laliga
inigo martinez,Barcelona,875,1629,156,26,3,100.0,7336,53,0,11,3,2024-2025,laliga
javi martinez,Osasuna,2,8,0,0,0,,2,0,0,0,0,2024-2025,laliga
ramon martinez,Sevilla,83,75,9,3,1,100.0,204,1,0,1,1,2024-2025,laliga
toni martinez,Alavés,34,171,203,70,15,60.0,270,9,7,41,11,2024-2025,laliga
javi marton,Athletic Club,1,8,5,0,0,,1,0,0,5,0,2024-2025,laliga
marvin,Las Palmas,166,292,207,19,18,11.1,879,20,1,26,8,2024-2025,laliga
omar mascarell,Mallorca,374,719,107,10,15,66.7,1063,13,1,11,9,2024-2025,laliga
jaime mata,Las Palmas,20,135,116,38,9,55.6,158,3,2,17,3,2024-2025,laliga
borja mayoral,Getafe,27,174,171,40,20,30.0,321,9,8,23,20,2024-2025,laliga
kylian mbappe,Real Madrid,35,439,1114,320,187,44.4,3808,95,96,84,49,2024-2025,laliga
oliver mcburnie,Las Palmas,57,307,247,93,34,47.1,233,4,7,38,21,2024-2025,laliga
scott mckenna,Las Palmas,1035,661,54,23,3,100.0,2131,10,2,8,4,2024-2025,laliga
mateo mejia,Sevilla,0,1,1,0,1,0.0,0,0,0,0,0,2024-2025,laliga
arthur melo,Girona,174,488,150,2,14,57.1,1684,18,0,10,9,2024-2025,laliga
brais mendez,Real Sociedad,129,527,369,58,50,28.0,1127,17,8,37,34,2024-2025,laliga
ferland mendy,Real Madrid,188,408,149,4,6,50.0,717,10,1,10,9,2024-2025,laliga
nobel mendy,Betis,43,28,0,0,0,,68,0,0,1,0,2024-2025,laliga
victor meseguer,Valladolid,59,124,51,11,4,25.0,151,1,0,7,3,2024-2025,laliga
miguel,Leganés,51,205,222,60,36,22.2,343,17,9,72,26,2024-2025,laliga
eder militao,Real Madrid,395,395,33,13,8,62.5,1593,7,0,6,3,2024-2025,laliga
luis milla,Getafe,251,1049,524,20,39,53.8,2139,37,4,46,17,2024-2025,laliga
pere milla,Espanyol,44,107,91,17,7,28.6,239,5,4,16,6,2024-2025,laliga
oscar mingueza,Celta Vigo,598,1123,759,42,60,41.7,3345,62,12,41,14,2024-2025,laliga
kim minsu,Girona,0,8,10,0,2,0.0,9,0,0,3,1,2024-2025,laliga
bojan miovski,Girona,20,73,89,29,7,42.9,83,1,4,17,6,2024-2025,laliga
rafa mir,Valencia,48,137,111,27,14,14.3,266,7,0,12,8,2024-2025,laliga
luka modric,Real Madrid,315,1170,659,26,24,58.3,3491,58,13,23,13,2024-2025,laliga
johan mojica,Mallorca,593,818,569,18,89,37.1,2228,53,5,52,27,2024-2025,laliga
alberto moleiro,Las Palmas,153,682,607,102,150,42.7,3126,71,28,76,48,2024-2025,laliga
nahuel molina,Atlético Madrid,420,606,349,24,30,50.0,1971,28,4,21,3,2024-2025,laliga
jon moncayola,Osasuna,215,635,356,33,12,33.3,1070,15,6,24,8,2024-2025,laliga
gonzalo montiel,Sevilla,41,42,16,2,1,0.0,90,0,0,2,0,2024-2025,laliga
gerard moreno,Villarreal,30,183,195,48,31,58.1,601,14,9,17,9,2024-2025,laliga
xavier moreno,Valladolid,5,7,6,2,1,0.0,27,1,0,0,1,2024-2025,laliga
mateu morey,Mallorca,177,227,101,7,17,52.9,581,8,6,8,10,2024-2025,laliga
ilaix moriba,Celta Vigo,218,740,364,39,49,30.6,1535,36,9,51,25,2024-2025,laliga
manu morlanes,Mallorca,172,519,163,8,8,37.5,1125,23,0,8,10,2024-2025,laliga
raul moro,Valladolid,124,389,559,108,132,43.2,2999,69,60,47,11,2024-2025,laliga
cristhian mosquera,Valencia,1159,1144,74,7,9,55.6,4283,11,0,18,10,2024-2025,laliga
santiago mourino,Alavés,465,442,57,14,11,36.4,1513,15,0,7,11,2024-2025,laliga
abdul mumin,Rayo Vallecano,874,447,39,13,10,50.0,1525,5,2,16,5,2024-2025,laliga
aihen munoz,Real Sociedad,245,349,173,4,12,58.3,703,16,3,10,3,2024-2025,laliga
alex munoz,Las Palmas,392,418,169,19,9,22.2,1027,8,1,10,1,2024-2025,laliga
iker munoz,Osasuna,56,235,75,7,4,50.0,314,3,0,6,4,2024-2025,laliga
javier munoz,Las Palmas,272,814,342,32,36,58.3,1599,29,7,29,15,2024-2025,laliga
victor munoz,Real Madrid,1,0,16,4,2,0.0,40,1,2,1,1,2024-2025,laliga
vedat muriqi,Mallorca,75,358,307,114,26,34.6,476,12,10,55,26,2024-2025,laliga
juan musso,Atlético Madrid,61,0,0,0,0,,157,0,0,0,0,2024-2025,laliga
matija nastasic,Leganés,638,476,15,7,1,100.0,1051,1,0,5,0,2024-2025,laliga
natan,Betis,813,671,42,19,3,66.7,2750,5,0,15,8,2024-2025,laliga
pau navarro,Villarreal,283,323,66,2,7,42.9,568,3,0,4,4,2024-2025,laliga
roberto navarro,Mallorca,112,316,278,42,67,52.2,1409,46,10,47,34,2024-2025,laliga
jesus navas,Sevilla,40,124,131,5,6,66.7,453,7,1,5,4,2024-2025,laliga
yvan neyou,Leganés,325,878,194,9,42,45.2,1480,26,1,28,21,2024-2025,laliga
tanguy nianzou,Sevilla,205,162,11,6,3,100.0,408,3,0,3,0,2024-2025,laliga
saul niguez,Sevilla,206,482,226,49,28,42.9,829,15,3,26,13,2024-2025,laliga
tamas nikitscher,Valladolid,143,233,31,6,7,71.4,400,5,0,6,9,2024-2025,laliga
adrian nino,Atlético Madrid,0,0,2,2,0,,0,0,0,0,0,2024-2025,laliga
hugo novoa,Alavés,27,42,33,1,10,30.0,191,3,0,6,2,2024-2025,laliga
randy nteka,Rayo Vallecano,45,148,175,40,15,33.3,202,3,5,32,17,2024-2025,laliga
unai nunez,Athletic Club,199,216,3,2,3,66.7,554,0,0,6,0,2024-2025,laliga
rjan nyland,Sevilla,1057,11,0,0,0,,1535,0,0,0,0,2024-2025,laliga
allan nyom,Getafe,118,217,110,15,9,44.4,381,9,0,16,4,2024-2025,laliga
jan oblak,Atlético Madrid,1004,1,0,0,2,100.0,1581,0,0,1,0,2024-2025,laliga
lucas ocampos,Sevilla,11,60,45,5,8,25.0,183,4,0,5,3,2024-2025,laliga
alvaro odriozola,Real Sociedad,11,15,10,0,0,,42,1,0,3,1,2024-2025,laliga
thiago ojeda,Villarreal,2,5,4,0,0,,34,1,0,1,0,2024-2025,laliga
aingeru olabarrieta,Athletic Club,2,11,13,0,4,25.0,59,2,0,0,1,2024-2025,laliga
olasagasti,Real Sociedad,71,294,153,20,13,23.1,534,16,2,11,4,2024-2025,laliga
brian olivan,Espanyol,157,233,151,8,4,25.0,723,10,0,10,1,2024-2025,laliga
lucas oliveira rosa,Valladolid,411,461,219,21,31,45.2,1460,24,5,29,11,2024-2025,laliga
dani olmo,Barcelona,64,351,390,77,45,51.1,1363,35,7,35,26,2024-2025,laliga
aimar oroz,Osasuna,174,682,607,73,101,48.5,2730,73,17,58,55,2024-2025,laliga
angel ortiz,Betis,96,114,64,7,8,50.0,375,3,1,7,2,2024-2025,laliga
gabriel osei misehouy,Girona,5,61,64,7,11,63.6,228,5,0,7,7,2024-2025,laliga
david otorbi,Valencia,0,4,2,0,2,0.0,13,0,0,1,0,2024-2025,laliga
jesus owono,Alavés,173,0,0,0,1,100.0,281,0,0,0,0,2024-2025,laliga
mikel oyarzabal,Real Sociedad,59,348,326,107,20,45.0,772,18,16,63,30,2024-2025,laliga
cenk ozkacar,Valladolid,313,187,8,6,0,,624,2,0,4,1,2024-2025,laliga
jon pacheco,Real Sociedad,281,299,9,5,2,50.0,1242,3,1,4,0,2024-2025,laliga
alex padilla,Athletic Club,131,3,0,0,0,,239,0,0,0,0,2024-2025,laliga
isaac palazon camacho,Rayo Vallecano,120,592,583,43,66,37.9,1317,29,7,54,43,2024-2025,laliga
aitor paredes,Athletic Club,623,519,15,11,1,0.0,1615,3,0,7,1,2024-2025,laliga
daniel parejo,Villarreal,451,989,302,12,12,66.7,1638,29,0,17,13,2024-2025,laliga
iago parente,Valladolid,20,19,1,0,0,,61,0,0,0,0,2024-2025,laliga
alvaro pascual,Sevilla,18,47,70,20,2,50.0,79,3,3,22,5,2024-2025,laliga
alfonso pedraza,Villarreal,91,90,96,16,19,47.4,586,12,6,5,2,2024-2025,laliga
pedri,Barcelona,279,1824,988,50,61,65.6,5463,103,8,48,35,2024-2025,laliga
adria pedrosa,Sevilla,533,634,373,21,37,45.9,1832,49,6,37,15,2024-2025,laliga
pejino,Las Palmas,2,3,4,0,0,,17,0,0,1,0,2024-2025,laliga
andy pelmard,Las Palmas,50,77,25,0,2,50.0,159,1,0,3,0,2024-2025,laliga
inaki pena,Barcelona,651,16,0,0,0,,991,0,0,0,0,2024-2025,laliga
ruben pena,Osasuna,64,165,192,18,27,37.0,536,11,4,25,12,2024-2025,laliga
nicolas pepe,Villarreal,112,266,477,89,64,42.2,1976,40,30,52,20,2024-2025,laliga
peque,Sevilla,51,253,186,35,26,42.3,556,12,1,23,26,2024-2025,laliga
ayoze perez,Villarreal,66,296,355,136,78,43.6,1453,31,33,62,34,2024-2025,laliga
carles perez,Getafe,74,198,291,44,50,42.0,952,33,9,37,20,2024-2025,laliga
francisco perez,Valencia,50,126,154,16,22,36.4,658,11,4,17,14,2024-2025,laliga
kike perez,Valladolid,166,412,159,18,22,36.4,1125,18,4,25,13,2024-2025,laliga
luis perez,Valladolid,490,630,336,9,21,57.1,1388,23,3,28,5,2024-2025,laliga
romain perraud,Betis,442,565,423,28,35,31.4,1881,25,10,33,14,2024-2025,laliga
valentin pezzolesi,Las Palmas,5,0,1,0,0,,2,0,0,0,0,2024-2025,laliga
pica,Alavés,135,120,8,5,1,100.0,496,2,0,2,1,2024-2025,laliga
yeremi pino,Villarreal,169,356,477,104,58,43.1,1416,26,21,52,23,2024-2025,laliga
portu,Girona,33,110,160,25,10,40.0,518,15,4,11,3,2024-2025,laliga
benat prados,Athletic Club,190,628,184,24,30,50.0,1081,19,1,25,20,2024-2025,laliga
abdon prats,Mallorca,15,76,55,25,3,33.3,41,0,0,17,12,2024-2025,laliga
javi puado,Espanyol,140,452,413,102,61,34.4,1960,48,22,71,33,2024-2025,laliga
dani raba,Leganés,111,445,398,43,91,50.5,1474,42,10,53,40,2024-2025,laliga
arnau rafus,Valladolid,43,0,0,0,0,,61,0,0,0,0,2024-2025,laliga
antonio raillo,Mallorca,1140,909,142,66,3,66.7,3707,16,0,7,6,2024-2025,laliga
benito ramirez,Las Palmas,87,169,155,9,15,20.0,580,20,1,10,6,2024-2025,laliga
sandro ramirez,Las Palmas,146,383,417,64,47,34.0,1134,21,24,49,28,2024-2025,laliga
jacobo ramon,Real Madrid,57,53,9,3,0,,126,0,0,2,1,2024-2025,laliga
raphinha,Barcelona,114,661,1113,183,103,50.5,2865,66,46,53,29,2024-2025,laliga
andrei ratiu,Rayo Vallecano,590,936,697,71,147,51.7,3780,87,31,69,49,2024-2025,laliga
raul,Osasuna,18,113,141,42,20,55.0,286,11,4,24,13,2024-2025,laliga
abderrahman rebbach,Alavés,27,62,85,18,14,21.4,389,6,7,9,5,2024-2025,laliga
alex remiro,Real Sociedad,1350,14,0,0,0,,1911,0,0,2,0,2024-2025,laliga
daniel requena,Villarreal,0,4,1,1,0,,9,0,0,0,0,2024-2025,laliga
diego rico,Getafe,532,901,516,11,14,42.9,1235,30,3,48,13,2024-2025,laliga
luis rioja,Alavés,2,4,10,2,0,,71,1,2,0,0,2024-2025,laliga
luis rioja,Valencia,252,533,741,59,91,47.3,2812,57,28,42,40,2024-2025,laliga
rodrigo riquelme,Atlético Madrid,41,136,185,23,24,25.0,1001,25,10,11,6,2024-2025,laliga
alberto risco,Getafe,7,17,34,5,6,16.7,79,3,2,5,4,2024-2025,laliga
mihailo ristic,Celta Vigo,102,130,73,0,13,15.4,329,2,0,7,4,2024-2025,laliga
gorka rivera alonso,Getafe,7,8,2,0,2,0.0,5,0,0,2,0,2024-2025,laliga
marc roca,Betis,154,374,108,19,5,80.0,1037,14,0,9,7,2024-2025,laliga
rodri,Betis,22,32,33,6,6,33.3,183,3,3,5,2,2024-2025,laliga
adrian rodriguez,Alavés,55,3,0,0,0,,61,0,0,0,0,2024-2025,laliga
alvaro rodriguez,Getafe,27,194,204,55,33,48.5,221,13,2,37,20,2024-2025,laliga
oscar rodriguez arnaiz,Leganés,113,395,251,21,52,40.4,968,24,8,34,14,2024-2025,laliga
arturo rodriguez,Las Palmas,0,3,8,2,1,0.0,11,0,1,0,0,2024-2025,laliga
damian rodriguez,Celta Vigo,127,589,162,4,2,0.0,1230,8,0,4,6,2024-2025,laliga
dani rodriguez,Mallorca,126,463,395,54,34,47.1,1116,38,5,50,46,2024-2025,laliga
daniel rodriguez,Barcelona,0,2,23,3,1,0.0,110,0,2,3,0,2024-2025,laliga
james rodriguez,Rayo Vallecano,16,51,50,4,7,71.4,105,4,1,5,0,2024-2025,laliga
javi rodriguez,Celta Vigo,709,1072,217,23,22,45.5,2820,27,1,22,5,2024-2025,laliga
jesus rodriguez,Betis,47,212,284,69,84,35.7,1506,36,39,38,20,2024-2025,laliga
kirian rodriguez,Las Palmas,294,872,199,15,16,68.8,1999,24,0,20,14,2024-2025,laliga
ricardo rodriguez,Betis,253,437,181,7,7,57.1,1105,23,1,4,3,2024-2025,laliga
rodrygo,Real Madrid,97,464,802,127,111,44.1,3404,87,50,47,15,2024-2025,laliga
leo roman,Mallorca,277,2,0,0,1,100.0,396,0,0,0,0,2024-2025,laliga
carlos romero,Espanyol,488,490,412,29,52,42.3,2099,35,12,33,13,2024-2025,laliga
isaac romero,Sevilla,69,340,349,89,65,32.3,576,10,14,79,61,2024-2025,laliga
luka romero,Alavés,5,28,37,5,3,33.3,69,1,1,5,7,2024-2025,laliga
oriol romeu,Girona,223,668,141,4,8,50.0,1666,16,1,13,13,2024-2025,laliga
vitor roque,Betis,27,167,179,57,39,25.6,554,14,16,41,35,2024-2025,laliga
valentin rosier,Leganés,630,706,298,28,45,51.1,2057,31,7,31,21,2024-2025,laliga
antonio rudiger,Real Madrid,969,1016,94,23,7,42.9,4120,26,2,7,2,2024-2025,laliga
aitor ruibal,Betis,231,321,248,33,27,51.9,938,25,7,27,16,2024-2025,laliga
abel ruiz,Girona,28,188,177,59,20,35.0,413,12,10,32,18,2024-2025,laliga
ferran ruiz,Girona,3,6,1,0,0,,1,0,0,1,0,2024-2025,laliga
youssouf sabaly,Betis,351,591,236,26,20,40.0,1145,12,4,27,12,2024-2025,laliga
umar sadiq,Valencia,22,133,150,41,25,44.0,274,8,3,41,24,2024-2025,laliga
umar sadiq,Real Sociedad,12,30,46,16,9,55.6,94,2,3,14,6,2024-2025,laliga
jorge saenz,Leganés,643,528,16,12,7,57.1,1292,1,0,6,1,2024-2025,laliga
jan salas,Mallorca,10,13,9,0,0,,69,1,0,1,0,2024-2025,laliga
kike salas,Sevilla,883,707,129,27,5,60.0,1430,3,0,11,2,2024-2025,laliga
albert sambi lokonga,Sevilla,262,596,162,17,10,40.0,1640,14,1,19,13,2024-2025,laliga
chuky san jose,Valladolid,37,107,89,12,9,44.4,251,5,1,14,5,2024-2025,laliga
oihan sancet,Athletic Club,61,378,345,68,50,48.0,1662,39,8,56,45,2024-2025,laliga
antonio sanchez,Mallorca,211,333,201,20,25,56.0,780,14,7,26,7,2024-2025,laliga
ivan sanchez,Valladolid,127,331,308,22,49,57.1,2016,34,11,24,21,2024-2025,laliga
javi sanchez,Valladolid,934,424,32,11,2,100.0,1625,3,0,8,1,2024-2025,laliga
juanlu sanchez,Sevilla,204,413,279,31,28,39.3,1394,23,8,24,12,2024-2025,laliga
manu sanchez,Alavés,431,615,443,29,37,21.6,1592,27,5,39,20,2024-2025,laliga
maroan sannadi,Athletic Club,12,128,145,44,30,46.7,512,7,9,41,18,2024-2025,laliga
jesus santiago,Getafe,40,109,37,4,7,14.3,239,5,0,8,0,2024-2025,laliga
aleksandar sedlar,Alavés,138,156,3,2,1,0.0,489,2,0,0,0,2024-2025,laliga
sergi,Leganés,1054,790,35,22,5,80.0,2161,3,0,7,2,2024-2025,laliga
nicolas serrano,Athletic Club,7,19,42,4,9,33.3,65,1,1,1,3,2024-2025,laliga
fabio silva,Las Palmas,69,311,335,101,53,39.6,810,11,21,58,30,2024-2025,laliga
rui silva,Betis,552,1,0,0,0,,710,0,0,1,0,2024-2025,laliga
giuliano simeone,Atlético Madrid,173,416,461,87,68,44.1,1783,42,24,55,20,2024-2025,laliga
unai simon,Athletic Club,698,7,0,0,0,,1133,0,0,1,1,2024-2025,laliga
daley sinkgraven,Las Palmas,22,35,20,1,1,100.0,95,2,1,1,1,2024-2025,laliga
jailson siqueira,Celta Vigo,214,306,34,8,4,75.0,1091,10,2,1,5,2024-2025,laliga
antonio sivera,Alavés,1021,25,0,0,0,,2180,0,0,0,0,2024-2025,laliga
justin smith,Espanyol,33,53,12,0,3,33.3,132,3,0,4,1,2024-2025,laliga
alex sola,Getafe,63,166,225,35,61,34.4,631,12,10,54,21,2024-2025,laliga
arnau sola,Villarreal,2,0,1,0,0,,0,0,0,0,0,2024-2025,laliga
jhon solis,Girona,67,231,69,6,12,41.7,557,10,1,9,10,2024-2025,laliga
david soria,Getafe,1098,20,0,0,0,,1988,0,0,3,0,2024-2025,laliga
juan soriano,Leganés,199,0,0,0,0,,281,0,0,0,0,2024-2025,laliga
hugo sotelo,Celta Vigo,177,706,226,10,20,40.0,1326,18,2,11,12,2024-2025,laliga
djibril sow,Sevilla,277,709,219,32,25,40.0,1370,16,3,36,9,2024-2025,laliga
carl starfelt,Celta Vigo,963,915,29,11,1,100.0,2548,5,1,9,0,2024-2025,laliga
orri steinn oskarsson,Real Sociedad,25,127,134,37,8,25.0,154,2,5,17,11,2024-2025,laliga
stoichkov,Alavés,39,135,135,28,18,33.3,377,5,3,20,7,2024-2025,laliga
cristhian stuani,Girona,32,107,118,55,5,40.0,83,0,2,24,7,2024-2025,laliga
alex suarez,Las Palmas,877,684,53,19,2,0.0,1912,4,0,12,1,2024-2025,laliga
denis suarez,Villarreal,70,147,143,23,17,58.8,807,18,5,13,8,2024-2025,laliga
luka sucic,Real Sociedad,146,623,339,32,53,47.2,1594,34,5,33,16,2024-2025,laliga
suso,Sevilla,53,159,257,15,32,43.8,769,22,2,9,15,2024-2025,laliga
williot swedberg,Celta Vigo,53,222,293,72,44,22.7,1032,21,18,50,16,2024-2025,laliga
mamadou sylla,Valladolid,44,226,163,37,17,29.4,399,8,6,43,20,2024-2025,laliga
wojciech szczesny,Barcelona,482,10,0,0,1,100.0,509,0,0,0,0,2024-2025,laliga
alexander srloth,Atlético Madrid,58,276,276,116,37,37.8,787,13,15,63,32,2024-2025,laliga
renato tapia,Leganés,469,802,138,13,37,51.4,1418,15,3,33,15,2024-2025,laliga
cesar tarrega,Valencia,1141,914,58,37,15,73.3,3641,10,0,16,4,2024-2025,laliga
aurelien tchouameni,Real Madrid,798,1332,207,25,16,62.5,3821,16,1,23,8,2024-2025,laliga
alvaro tejero,Espanyol,162,322,286,13,14,21.4,892,17,2,17,6,2024-2025,laliga
martin tejon,Valencia,3,14,18,2,4,50.0,36,0,0,1,3,2024-2025,laliga
nahuel tenaglia,Alavés,575,808,466,48,35,48.6,2004,41,5,36,15,2024-2025,laliga
marcandre ter stegen,Barcelona,260,2,0,0,0,,562,0,0,0,0,2024-2025,laliga
ramon terrats,Villarreal,25,54,27,2,6,16.7,69,0,0,6,2,2024-2025,laliga
ramon terrats,Getafe,77,219,213,23,50,50.0,480,10,4,33,12,2024-2025,laliga
raul de tomas,Rayo Vallecano,1,6,4,1,1,0.0,0,0,0,2,1,2024-2025,laliga
pablo torre,Barcelona,27,120,109,10,6,33.3,205,7,0,5,6,2024-2025,laliga
david torres,Valladolid,539,295,18,5,2,50.0,1604,6,0,2,3,2024-2025,laliga
ferran torres,Barcelona,30,153,317,81,21,52.4,566,14,13,28,13,2024-2025,laliga
lucas torro,Osasuna,457,1004,262,55,9,66.7,938,14,0,42,23,2024-2025,laliga
hamari traore,Real Sociedad,155,291,88,9,10,60.0,455,2,5,6,1,2024-2025,laliga
oscar trejo,Rayo Vallecano,33,231,152,13,22,36.4,463,8,3,25,26,2024-2025,laliga
viktor tsyhankov,Girona,103,408,564,74,35,42.9,1883,46,27,32,25,2024-2025,laliga
benat turrientes,Real Sociedad,108,334,125,8,24,54.2,848,17,1,20,11,2024-2025,laliga
christantus uche,Getafe,102,391,498,105,91,35.2,1160,26,18,113,67,2024-2025,laliga
naci unuvar,Espanyol,3,8,12,2,2,0.0,34,0,0,0,0,2024-2025,laliga
oscar valentin,Rayo Vallecano,325,617,138,14,11,45.5,1158,13,1,18,8,2024-2025,laliga
german valera,Valencia,9,33,32,4,8,37.5,87,0,0,5,1,2024-2025,laliga
martin valjent,Mallorca,877,774,81,16,10,60.0,3063,13,1,13,1,2024-2025,laliga
jesus vallejo,Real Madrid,29,46,5,0,0,,62,0,0,0,0,2024-2025,laliga
federico valverde,Real Madrid,528,1461,572,43,28,57.1,4084,57,5,35,1,2024-2025,laliga
siebe van der heyden,Mallorca,26,42,15,1,3,33.3,72,0,0,0,2,2024-2025,laliga
ruben vargas,Sevilla,50,144,173,30,33,36.4,676,15,11,31,6,2024-2025,laliga
jose luis garcia vaya,Valencia,291,827,307,12,13,61.5,1295,16,1,16,11,2024-2025,laliga
jesus vazquez,Valencia,170,237,188,14,36,38.9,881,27,5,14,8,2024-2025,laliga
lucas vazquez,Real Madrid,481,804,577,58,36,52.8,2045,17,17,34,13,2024-2025,laliga
alejo veliz,Espanyol,35,189,93,30,5,20.0,116,3,0,34,12,2024-2025,laliga
mikel vesga,Athletic Club,143,398,119,11,12,58.3,591,13,3,11,9,2024-2025,laliga
carlos vicente,Alavés,218,574,780,86,106,32.1,2188,48,28,83,49,2024-2025,laliga
pau victor,Barcelona,15,71,87,21,12,58.3,171,2,6,7,8,2024-2025,laliga
nacho vidal,Osasuna,23,24,19,0,2,100.0,77,3,0,2,2,2024-2025,laliga
fran vieites,Betis,124,1,1,1,0,,139,0,0,0,0,2024-2025,laliga
sergio viera,Las Palmas,8,43,9,1,2,50.0,30,0,0,2,0,2024-2025,laliga
asier villalibre,Alavés,8,57,52,22,12,16.7,114,3,3,9,5,2024-2025,laliga
ivan villar,Celta Vigo,128,2,0,0,0,,172,0,0,0,0,2024-2025,laliga
viti,Las Palmas,396,562,241,23,20,45.0,1498,14,4,28,6,2024-2025,laliga
daniel vivian,Athletic Club,901,1119,79,26,17,58.8,4326,17,1,19,13,2024-2025,laliga
krapyvtsov vladyslav,Girona,78,1,0,0,0,,115,0,0,0,0,2024-2025,laliga
inaki williams,Athletic Club,113,392,679,138,101,32.7,2259,39,49,65,44,2024-2025,laliga
nico williams,Athletic Club,84,333,671,113,187,36.4,2949,58,58,62,46,2024-2025,laliga
axel witsel,Atlético Madrid,325,306,16,4,2,50.0,1194,3,1,9,0,2024-2025,laliga
lamine yamal,Barcelona,104,667,1364,226,316,50.9,5270,96,95,102,49,2024-2025,laliga
daniel yanez,Real Madrid,0,0,0,0,0,,6,0,0,0,0,2024-2025,laliga
bertug yldrm,Getafe,32,145,150,46,16,43.8,148,4,2,40,15,2024-2025,laliga
arsen zakharyan,Real Sociedad,8,21,15,2,1,100.0,19,1,0,1,0,2024-2025,laliga
bryan zaragoza,Osasuna,70,286,444,84,131,43.5,2697,62,51,41,15,2024-2025,laliga
igor zubeldia,Real Sociedad,768,923,46,14,6,100.0,3741,8,1,8,1,2024-2025,laliga
martin zubimendi,Real Sociedad,489,1332,325,59,28,67.9,2548,34,5,39,17,2024-2025,laliga
