Player,Squad,Pass_cmp,Pass_cmp%,Pass_cmp_Short%,Pass_cmp_Medium%,Pass_cmp_Long%,xAG,xA,A-xAG,Pass_cmp_Att_3rd,PPA,CrsPA,Season,Competition
max aarons,Valencia,47,71.2,80.0,70.0,25.0,0.0,0.0,0.0,2,0,0,2024-2025,laliga
rodrigo abajas,Valencia,17,58.6,78.6,57.1,28.6,0.0,0.0,0.0,0,0,0,2024-2025,laliga
abel,Osasuna,776,72.5,87.7,78.6,36.7,1.0,1.5,-1.0,57,18,13,2024-2025,laliga
nabil aberdin,Getafe,36,59.0,60.0,63.2,61.5,0.0,0.1,0.0,7,2,0,2024-2025,laliga
abdel abqar,Alavés,719,76.6,92.8,91.5,44.2,0.3,0.4,0.7,67,10,2,2024-2025,laliga
akor adams,Sevilla,20,74.1,75.0,77.8,60.0,0.0,0.0,0.0,3,1,0,2024-2025,laliga
adrian,Betis,474,76.6,97.4,98.9,49.8,0.0,0.0,0.0,4,0,0,2024-2025,laliga
julen agirrezabala,Athletic Club,281,68.4,100.0,100.0,35.7,0.0,0.0,0.0,1,0,0,2024-2025,laliga
lucien agoume,Sevilla,1007,81.5,90.7,84.0,55.6,2.5,1.6,0.5,126,19,3,2024-2025,laliga
alvaro aguado,Espanyol,193,77.8,77.8,85.3,70.0,0.6,0.4,0.4,31,8,3,2024-2025,laliga
lorenzo aguado,Real Madrid,1,100.0,,,100.0,0.0,0.0,0.0,0,0,0,2024-2025,laliga
nayef aguerd,Real Sociedad,1213,87.3,94.8,93.4,62.9,0.1,0.3,-0.1,87,3,1,2024-2025,laliga
joseph aidoo,Valladolid,337,89.2,92.0,95.1,65.1,0.0,0.1,0.0,9,2,0,2024-2025,laliga
joseph aidoo,Celta Vigo,6,85.7,100.0,100.0,,0.0,0.0,0.0,0,0,0,2024-2025,laliga
ilias akhomach,Villarreal,136,73.5,86.4,73.0,57.1,1.0,1.7,-1.0,5,8,2,2024-2025,laliga
david alaba,Real Madrid,206,90.4,100.0,98.0,46.9,0.1,0.1,-0.1,11,1,0,2024-2025,laliga
ibrahim alani,Valladolid,71,83.5,92.0,94.9,53.3,0.0,0.0,0.0,7,0,0,2024-2025,laliga
raul albiol,Villarreal,727,89.4,94.7,93.5,66.1,0.0,0.1,0.0,26,1,0,2024-2025,laliga
omar alderete,Getafe,724,65.5,81.3,79.1,44.5,0.9,0.9,-0.9,132,15,2,2024-2025,laliga
carles alena,Getafe,93,79.5,81.8,86.4,54.5,0.1,0.1,-0.1,9,3,1,2024-2025,laliga
carles alena,Alavés,359,76.1,88.7,78.7,52.1,1.3,1.3,0.7,35,14,2,2024-2025,laliga
alfon,Celta Vigo,263,69.8,88.5,71.2,40.7,2.6,2.1,-0.6,8,7,1,2024-2025,laliga
tadeo allende,Celta Vigo,1,33.3,50.0,,,0.0,0.0,0.0,0,0,0,2024-2025,laliga
domingos andre ribeiro almeida,Valencia,798,84.3,93.5,87.1,62.6,3.2,4.9,0.8,96,24,5,2024-2025,laliga
iker almena,Girona,23,71.9,92.9,71.4,0.0,0.7,0.4,0.3,0,0,0,2024-2025,laliga
marcos alonso,Celta Vigo,2139,89.2,94.5,94.6,62.5,1.3,2.0,-1.3,226,21,6,2024-2025,laliga
adria altimira,Leganés,483,78.5,87.3,78.5,55.7,0.5,0.7,-0.5,34,10,2,2024-2025,laliga
sergi altimira,Betis,1123,89.3,92.1,92.3,81.2,1.7,1.2,-0.7,91,13,0,2024-2025,laliga
hugo alvarez,Celta Vigo,799,78.9,87.2,82.9,56.1,1.1,2.1,1.9,35,15,3,2024-2025,laliga
julian alvarez,Atlético Madrid,717,74.2,83.1,80.1,46.5,5.3,5.3,-1.3,45,38,5,2024-2025,laliga
yeray alvarez,Athletic Club,994,84.1,89.6,93.4,51.8,0.2,0.4,-0.2,80,3,2,2024-2025,laliga
selim amallah,Valladolid,318,78.3,91.0,83.9,59.2,1.1,1.1,-0.1,42,11,0,2024-2025,laliga
amath,Valladolid,86,76.8,92.5,81.3,53.3,0.5,0.5,0.5,4,4,2,2024-2025,laliga
marcos andre,Valladolid,138,65.7,76.7,64.6,77.8,0.8,0.3,1.2,13,3,0,2024-2025,laliga
leandro antonetti,Sevilla,2,50.0,100.0,0.0,,0.0,0.0,0.0,0,0,0,2024-2025,laliga
antoniu,Espanyol,148,67.0,81.7,70.1,28.6,1.1,1.1,-0.1,10,7,3,2024-2025,laliga
antony,Betis,622,81.0,88.5,77.1,54.7,3.5,2.9,-1.5,34,43,7,2024-2025,laliga
anuar,Valladolid,411,81.4,87.1,82.7,54.8,1.2,0.7,-1.2,19,3,2,2024-2025,laliga
aritz arambarri,Leganés,49,73.1,84.6,82.9,33.3,0.0,0.0,0.0,1,0,0,2024-2025,laliga
mauro arambarri,Getafe,586,73.3,79.8,80.8,49.6,0.6,0.6,-0.6,74,4,1,2024-2025,laliga
jon aramburu,Real Sociedad,1190,78.4,89.9,77.6,40.2,1.1,1.4,-0.1,82,11,6,2024-2025,laliga
ronald araujo,Barcelona,666,91.9,93.2,95.6,71.4,0.4,0.2,0.6,51,3,0,2024-2025,laliga
adu ares,Athletic Club,5,55.6,60.0,66.7,,0.0,0.0,0.0,0,1,0,2024-2025,laliga
jesus areso,Osasuna,1139,72.4,88.3,72.9,46.6,3.5,3.1,-0.5,96,50,30,2024-2025,laliga
david arguelles,Getafe,3,60.0,75.0,,0.0,0.0,0.0,0.0,0,0,0,2024-2025,laliga
jose arnaiz,Osasuna,52,67.5,88.9,53.3,40.0,0.1,0.4,-0.1,2,4,3,2024-2025,laliga
sergio arribas,Betis,37,68.5,95.7,60.0,40.0,0.0,0.0,0.0,1,0,0,2024-2025,laliga
takuma asano,Mallorca,148,67.6,84.5,71.6,23.5,0.7,0.6,0.3,8,3,2,2024-2025,laliga
raul asencio,Real Madrid,927,93.8,96.5,96.3,69.5,0.6,0.4,0.4,47,3,0,2024-2025,laliga
iago aspas,Celta Vigo,661,75.4,81.4,79.4,69.5,4.6,3.9,0.4,74,35,4,2024-2025,laliga
yaser asprilla,Girona,471,72.1,85.2,77.0,53.9,2.8,3.4,-1.8,35,38,9,2024-2025,laliga
ezequiel avila,Betis,166,69.7,80.9,71.8,53.3,1.0,1.0,-1.0,1,11,6,2024-2025,laliga
adam aznou,Valladolid,245,71.4,85.7,71.2,43.2,0.3,0.4,-0.3,17,4,2,2024-2025,laliga
cesar azpilicueta,Atlético Madrid,581,86.6,93.8,89.2,44.4,0.1,0.4,-0.1,46,4,1,2024-2025,laliga
papa ba,Girona,5,38.5,37.5,50.0,50.0,0.0,0.0,0.0,1,0,0,2024-2025,laliga
loic bade,Sevilla,1562,85.7,93.7,94.0,53.4,0.7,0.2,0.3,94,3,0,2024-2025,laliga
alex baena,Villarreal,857,66.6,79.7,73.5,49.6,11.7,12.6,-2.7,95,72,19,2024-2025,laliga
juma bah,Valladolid,330,81.1,90.1,92.7,42.5,0.0,0.0,0.0,15,0,0,2024-2025,laliga
eric bailly,Villarreal,280,87.5,94.5,90.9,56.1,0.0,0.0,0.0,18,0,0,2024-2025,laliga
stefan bajcetic,Las Palmas,300,71.8,79.3,81.6,54.5,0.2,0.3,-0.2,28,8,0,2024-2025,laliga
cedric bakambu,Betis,84,66.7,76.9,53.6,50.0,0.6,0.8,1.4,9,5,0,2024-2025,laliga
alejandro balde,Barcelona,1306,88.0,93.5,90.5,60.6,3.4,2.8,0.6,51,39,11,2024-2025,laliga
ivan balliu,Rayo Vallecano,492,75.8,90.8,78.9,40.0,0.5,0.4,-0.5,38,6,4,2024-2025,laliga
jonathan bamba,Celta Vigo,287,78.8,86.3,83.3,58.3,1.8,1.6,-0.8,20,13,6,2024-2025,laliga
adrian baquerin,Valladolid,9,90.0,100.0,100.0,50.0,0.0,0.0,0.0,0,1,0,2024-2025,laliga
valentin barco,Sevilla,139,72.8,87.5,71.7,43.3,0.6,0.3,-0.6,12,3,0,2024-2025,laliga
borna barisic,Leganés,3,75.0,100.0,100.0,,0.0,0.0,0.0,0,0,0,2024-2025,laliga
kike barja,Osasuna,74,64.9,82.5,70.3,57.1,1.2,1.3,-0.2,3,8,7,2024-2025,laliga
enzo barrenechea,Valencia,1170,86.5,91.3,90.6,68.6,0.9,1.1,1.1,143,7,0,2024-2025,laliga
ander barrenetxea,Real Sociedad,375,70.9,83.8,72.4,59.2,1.9,2.5,1.1,23,22,4,2024-2025,laliga
pablo barrios,Atlético Madrid,1299,86.0,91.5,90.7,63.3,2.4,2.0,1.6,148,24,5,2024-2025,laliga
thierno barry,Villarreal,209,62.0,68.6,60.3,47.4,2.9,2.0,1.1,14,12,1,2024-2025,laliga
marc bartra,Betis,945,81.3,93.2,90.3,50.6,0.2,0.3,0.8,64,5,1,2024-2025,laliga
aboubacar bassinga,Las Palmas,2,50.0,100.0,,33.3,0.0,0.0,0.0,0,0,0,2024-2025,laliga
augusto batalla,Rayo Vallecano,784,66.6,99.2,98.5,41.1,0.0,0.1,0.0,25,1,0,2024-2025,laliga
rafael bauza,Espanyol,46,85.2,96.0,85.0,57.1,0.0,0.0,0.0,3,1,0,2024-2025,laliga
sheraldo becker,Real Sociedad,200,63.9,79.5,63.6,45.5,2.0,1.7,-1.0,6,17,5,2024-2025,laliga
donny van de beek,Girona,365,81.7,89.3,81.6,66.7,3.2,3.6,-1.2,21,11,0,2024-2025,laliga
luken beitia,Real Sociedad,5,100.0,100.0,100.0,100.0,0.0,0.0,0.0,0,0,0,2024-2025,laliga
ismael bekhoucha,Getafe,17,70.8,92.9,80.0,0.0,0.0,0.0,0.0,1,0,0,2024-2025,laliga
hector bellerin,Betis,270,82.3,91.5,81.3,47.6,2.0,2.1,0.0,16,4,2,2024-2025,laliga
jude bellingham,Real Madrid,1333,86.1,91.1,88.0,78.9,3.9,4.5,4.1,130,31,0,2024-2025,laliga
fran beltran,Celta Vigo,1313,88.6,92.2,92.8,74.5,1.8,1.8,-0.8,132,14,1,2024-2025,laliga
carlos benavidez,Alavés,161,69.4,83.1,77.1,49.0,0.6,0.6,0.4,23,4,0,2024-2025,laliga
iker benito,Osasuna,9,69.2,66.7,75.0,50.0,0.0,0.0,0.0,0,0,0,2024-2025,laliga
yuri berchiche,Athletic Club,1174,84.0,90.4,85.9,66.7,2.2,2.2,-0.2,129,15,8,2024-2025,laliga
alex berenguer,Athletic Club,628,65.8,83.5,73.3,30.6,5.0,4.4,2.0,49,28,11,2024-2025,laliga
marc bernal,Barcelona,148,92.5,93.0,93.5,90.9,0.0,0.1,0.0,12,0,0,2024-2025,laliga
juan bernat,Villarreal,101,77.7,88.5,84.9,16.7,0.4,0.4,0.6,4,1,1,2024-2025,laliga
juan bernat,Getafe,142,71.7,83.8,72.9,44.4,0.7,0.4,0.3,10,7,3,2024-2025,laliga
juan berrocal,Getafe,287,76.1,90.8,84.2,42.3,0.0,0.1,0.0,21,2,0,2024-2025,laliga
antonio blanco,Alavés,1013,79.3,85.3,85.8,58.3,1.6,1.8,-0.6,142,19,9,2024-2025,laliga
daley blind,Girona,2318,88.8,93.8,92.3,72.1,1.6,2.5,0.4,310,26,8,2024-2025,laliga
adama boiro,Athletic Club,401,79.9,90.4,78.7,37.9,0.5,0.6,-0.5,44,8,4,2024-2025,laliga
enzo boyomo,Osasuna,1220,87.0,91.9,93.1,59.3,0.9,0.7,-0.9,86,6,0,2024-2025,laliga
enzo boyomo,Valladolid,174,91.6,97.4,93.5,57.9,0.0,0.0,0.0,2,0,0,2024-2025,laliga
darko brasanac,Leganés,380,75.7,87.1,74.4,43.8,0.4,0.5,1.6,28,2,0,2024-2025,laliga
tajon buchanan,Villarreal,106,73.6,81.4,71.0,58.3,0.5,0.5,1.5,2,4,1,2024-2025,laliga
ante budimir,Osasuna,239,56.1,65.1,51.8,45.5,1.7,1.2,2.3,12,7,0,2024-2025,laliga
manu bueno,Sevilla,67,90.5,92.1,92.0,83.3,0.0,0.1,0.0,4,1,0,2024-2025,laliga
endika bujan,Athletic Club,4,80.0,100.0,,0.0,0.0,0.0,0.0,0,0,0,2024-2025,laliga
pau cabanes,Villarreal,60,71.4,82.2,72.4,33.3,0.4,0.2,-0.4,1,3,0,2024-2025,laliga
pau cabanes,Alavés,59,70.2,81.0,70.0,0.0,0.0,0.1,0.0,3,1,0,2024-2025,laliga
leandro cabrera,Espanyol,1084,75.2,86.4,87.0,44.6,0.9,0.7,1.1,90,15,3,2024-2025,laliga
fernando calero,Espanyol,325,85.3,92.2,92.4,64.2,0.0,0.1,0.0,17,1,1,2024-2025,laliga
eduardo camavinga,Real Madrid,700,88.3,93.7,92.8,65.2,0.8,0.7,1.2,61,5,0,2024-2025,laliga
sergio camello,Rayo Vallecano,207,78.7,84.1,83.6,77.8,2.0,1.1,0.0,12,7,0,2024-2025,laliga
jose campana,Las Palmas,703,84.3,91.3,87.3,65.3,0.9,1.0,2.1,72,12,4,2024-2025,laliga
peio canales,Athletic Club,89,79.5,89.8,81.4,43.8,0.2,0.2,-0.2,6,2,0,2024-2025,laliga
antonio candela,Valladolid,342,77.2,92.3,76.7,44.8,0.8,0.7,-0.8,17,6,6,2024-2025,laliga
sergi canos,Valencia,92,58.2,81.0,62.3,26.1,0.2,0.2,0.8,9,3,3,2024-2025,laliga
dani cardenas,Rayo Vallecano,94,52.5,100.0,98.1,27.8,0.0,0.0,0.0,2,0,0,2024-2025,laliga
irvin cardona,Espanyol,100,62.1,76.7,63.3,28.6,0.6,1.2,0.4,9,11,4,2024-2025,laliga
marc cardona,Las Palmas,38,79.2,87.5,80.0,66.7,0.0,0.1,0.0,4,0,0,2024-2025,laliga
sergi cardona,Villarreal,1126,77.3,86.9,82.0,46.5,5.8,4.6,1.2,62,46,26,2024-2025,laliga
johnny cardoso,Betis,950,85.7,90.4,89.3,67.9,0.9,0.8,0.1,63,4,0,2024-2025,laliga
jose carlos gonzalez,Las Palmas,8,88.9,100.0,100.0,,0.0,0.0,0.0,1,0,0,2024-2025,laliga
carmona,Sevilla,1448,80.5,88.2,84.4,46.8,2.0,0.9,-2.0,99,14,6,2024-2025,laliga
sergio carreira,Celta Vigo,681,76.1,86.2,79.9,52.2,3.1,2.4,0.9,35,24,8,2024-2025,laliga
dani carvajal,Real Madrid,399,86.2,92.9,87.2,74.3,0.2,0.3,-0.2,20,5,0,2024-2025,laliga
william carvalho,Betis,343,86.8,92.3,91.9,66.7,0.2,0.7,-0.2,44,4,0,2024-2025,laliga
marc casado,Barcelona,1221,89.3,92.6,94.4,66.0,1.4,1.8,1.6,138,6,0,2024-2025,laliga
catena,Osasuna,1274,83.8,91.4,93.8,55.7,2.3,1.9,0.7,68,5,1,2024-2025,laliga
maximiliano caufriez,Valencia,11,78.6,100.0,85.7,50.0,0.0,0.0,0.0,0,0,0,2024-2025,laliga
dani ceballos,Real Madrid,1284,94.3,97.6,96.2,79.6,1.6,2.0,-1.6,156,10,0,2024-2025,laliga
franco cervi,Celta Vigo,91,68.9,78.7,84.6,36.4,0.3,0.3,-0.3,12,2,0,2024-2025,laliga
raul chasco,Valladolid,35,60.3,78.9,65.0,43.8,0.0,0.1,0.0,5,1,0,2024-2025,laliga
pep chavarria,Rayo Vallecano,1244,79.7,89.2,82.0,52.5,1.9,1.9,-0.9,75,27,10,2024-2025,laliga
walid cheddira,Espanyol,73,70.9,76.9,80.6,40.0,1.2,0.5,-0.2,3,1,0,2024-2025,laliga
chema,Real Madrid,1,100.0,,100.0,,0.0,0.0,0.0,0,0,0,2024-2025,laliga
julian chicco,Leganés,113,79.0,87.5,86.4,47.1,0.2,0.3,0.8,10,2,0,2024-2025,laliga
chiquinho,Mallorca,22,64.7,86.7,55.6,28.6,0.0,0.1,0.0,0,0,0,2024-2025,laliga
andreas christensen,Barcelona,202,91.8,96.0,94.9,69.2,0.0,0.1,0.0,23,0,0,2024-2025,laliga
jasper cillessen,Las Palmas,683,68.2,98.7,98.0,38.7,0.0,0.0,0.0,15,0,0,2024-2025,laliga
pathe ciss,Rayo Vallecano,999,84.7,90.0,89.7,68.1,1.1,0.8,-0.1,102,8,0,2024-2025,laliga
seydouba cisse,Leganés,972,84.6,89.8,88.5,66.9,1.0,0.9,0.0,86,15,1,2024-2025,laliga
silvi clua,Girona,75,78.9,83.8,85.7,62.5,0.0,0.0,0.0,3,0,0,2024-2025,laliga
eray comert,Valladolid,805,87.7,88.9,95.4,62.8,0.0,0.1,0.0,47,1,0,2024-2025,laliga
santi comesana,Villarreal,1163,84.6,89.4,89.9,65.0,2.0,2.6,0.0,143,30,3,2024-2025,laliga
diego conde,Villarreal,519,81.1,99.2,97.9,49.1,0.2,0.0,0.8,7,1,0,2024-2025,laliga
tomas conechny,Alavés,210,63.8,72.3,68.3,34.5,0.3,0.8,-0.3,14,11,8,2024-2025,laliga
copete,Mallorca,639,83.3,90.8,90.2,57.9,0.0,0.1,0.0,35,4,0,2024-2025,laliga
iker cordoba,Valencia,9,81.8,60.0,100.0,100.0,0.1,0.0,-0.1,1,1,1,2024-2025,laliga
angel correa,Atlético Madrid,206,73.6,82.8,73.5,47.4,2.1,2.2,-1.1,19,10,1,2024-2025,laliga
thierry correia,Valencia,330,74.8,87.4,79.7,46.3,0.3,0.8,-0.3,23,12,3,2024-2025,laliga
coba da costa,Getafe,195,64.4,72.2,67.4,51.4,1.4,1.5,-0.4,14,10,7,2024-2025,laliga
logan costa,Villarreal,1354,87.7,94.7,93.3,61.2,0.6,0.5,0.4,107,6,0,2024-2025,laliga
samu costa,Mallorca,1164,80.7,86.6,86.1,67.8,1.2,1.9,0.8,117,14,5,2024-2025,laliga
thibaut courtois,Real Madrid,848,83.1,99.4,99.2,48.8,0.1,0.0,-0.1,4,0,0,2024-2025,laliga
juan cruz armada,Osasuna,525,78.0,89.3,78.6,43.5,0.0,0.2,0.0,54,2,0,2024-2025,laliga
juan cruz,Leganés,488,68.2,82.4,70.5,37.6,4.1,3.7,-0.1,34,32,14,2024-2025,laliga
pau cubarsi,Barcelona,2434,93.5,95.3,96.5,77.7,1.6,1.0,1.4,210,4,1,2024-2025,laliga
cucho,Betis,223,71.9,77.5,70.7,71.9,1.5,0.7,-0.5,20,10,1,2024-2025,laliga
arnaut danjuma,Villarreal,23,76.7,73.3,83.3,50.0,0.0,0.0,0.0,1,0,0,2024-2025,laliga
arnaut danjuma,Girona,318,72.6,86.5,76.3,50.8,1.7,2.3,-1.7,17,24,8,2024-2025,laliga
sergi darder,Mallorca,981,75.3,88.5,79.2,54.7,3.7,5.3,2.3,122,33,15,2024-2025,laliga
rodrigo de paul,Atlético Madrid,1449,81.7,91.0,83.3,62.1,5.6,5.8,-0.6,180,58,13,2024-2025,laliga
mouctar diakhaby,Valencia,282,83.9,93.7,91.1,43.2,0.0,0.1,0.0,7,2,0,2024-2025,laliga
assane diao,Betis,49,74.2,83.7,75.0,100.0,1.5,0.6,0.5,2,1,1,2024-2025,laliga
moussa diarra,Alavés,670,80.2,90.2,86.1,47.7,0.1,0.4,-0.1,44,8,3,2024-2025,laliga
brahim diaz,Real Madrid,573,86.8,91.0,86.5,66.7,3.3,2.3,-1.3,56,19,0,2024-2025,laliga
daniel diaz,Real Sociedad,1,33.3,,33.3,,0.0,0.0,0.0,0,0,0,2024-2025,laliga
pedro diaz,Rayo Vallecano,446,78.8,89.0,86.0,40.0,2.1,2.1,-2.1,45,17,2,2024-2025,laliga
diego,Leganés,121,63.0,69.7,61.8,50.0,0.2,0.2,-0.2,8,3,1,2024-2025,laliga
stole dimitrievski,Valencia,68,51.1,100.0,94.6,30.0,0.0,0.0,0.0,3,0,0,2024-2025,laliga
yan diomande,Leganés,166,83.0,90.2,81.2,33.3,0.9,0.9,0.1,4,7,1,2024-2025,laliga
alvaro djalo,Athletic Club,85,66.4,80.6,57.8,61.5,0.9,0.6,-0.9,6,6,4,2024-2025,laliga
djene,Getafe,694,75.6,81.8,81.0,54.5,0.6,0.8,-0.6,78,13,6,2024-2025,laliga
marko dmitrovic,Leganés,470,44.7,100.0,98.8,30.0,0.2,0.1,-0.2,28,0,0,2024-2025,laliga
marc domenech,Mallorca,34,69.4,78.6,60.0,60.0,0.2,0.3,-0.2,0,4,2,2024-2025,laliga
carlos dominguez,Celta Vigo,856,88.5,94.8,93.1,49.5,0.1,0.2,-0.1,64,0,0,2024-2025,laliga
israel dominguez,Sevilla,2,100.0,100.0,100.0,,0.0,0.0,0.0,0,0,0,2024-2025,laliga
sergi dominguez,Barcelona,171,95.0,100.0,94.6,70.0,0.0,0.0,0.0,13,0,0,2024-2025,laliga
anastasios douvikas,Celta Vigo,76,71.0,73.6,81.1,100.0,0.2,0.2,0.8,2,1,0,2024-2025,laliga
domingos duarte,Getafe,497,78.5,80.1,89.7,55.2,0.1,0.1,-0.1,42,0,0,2024-2025,laliga
duk,Leganés,33,62.3,84.0,64.7,0.0,0.7,0.4,-0.7,0,2,1,2024-2025,laliga
pablo duran,Celta Vigo,284,71.0,80.9,79.0,43.2,2.8,1.0,1.2,21,10,3,2024-2025,laliga
hugo duro,Valencia,296,69.2,77.1,72.7,52.4,1.3,0.5,0.7,18,3,0,2024-2025,laliga
chidera ejuke,Sevilla,363,81.6,90.5,83.6,69.8,1.9,1.2,-0.9,18,20,5,2024-2025,laliga
aritz elustondo,Real Sociedad,775,85.4,94.4,90.4,59.1,0.2,0.4,-0.2,58,2,0,2024-2025,laliga
adri embarba,Rayo Vallecano,383,63.9,80.1,66.7,36.4,2.7,2.5,-1.7,23,17,10,2024-2025,laliga
endrick,Real Madrid,59,78.7,83.8,78.3,85.7,0.5,0.2,-0.5,1,2,0,2024-2025,laliga
alfonso espino,Rayo Vallecano,365,74.3,90.5,74.9,32.8,0.6,0.6,0.4,35,6,5,2024-2025,laliga
dario essugo,Las Palmas,812,85.4,88.7,89.4,70.2,0.4,0.7,-0.4,73,8,0,2024-2025,laliga
etienne etoo,Rayo Vallecano,1,20.0,50.0,0.0,,0.0,0.1,0.0,0,0,0,2024-2025,laliga
karl etta,Villarreal,0,0.0,0.0,,,0.0,0.0,0.0,0,0,0,2024-2025,laliga
edu exposito,Espanyol,318,65.6,85.8,71.2,42.0,3.2,2.4,-1.2,36,14,4,2024-2025,laliga
abde ezzalzouli,Betis,542,71.6,82.2,68.6,29.7,2.0,2.1,0.0,42,19,2,2024-2025,laliga
ansu fati,Barcelona,104,83.2,91.6,78.3,33.3,0.2,0.4,-0.2,3,5,0,2024-2025,laliga
nabil fekir,Betis,67,81.7,88.4,87.0,60.0,0.6,0.8,0.4,5,6,2,2024-2025,laliga
kiko femenia,Villarreal,1339,88.9,94.7,90.1,65.1,1.3,2.1,-0.3,108,24,14,2024-2025,laliga
aitor fernandez,Osasuna,29,64.4,,100.0,54.3,0.0,0.0,0.0,1,0,0,2024-2025,laliga
alvaro fernandez,Sevilla,212,65.4,100.0,99.1,33.3,0.1,0.0,-0.1,6,0,0,2024-2025,laliga
pelayo fernandez,Rayo Vallecano,24,85.7,92.3,80.0,100.0,0.0,0.0,0.0,1,0,0,2024-2025,laliga
roberto fernandez,Espanyol,187,72.2,82.9,63.1,100.0,0.6,0.5,-0.6,9,7,0,2024-2025,laliga
valery fernandez,Mallorca,88,88.9,87.5,92.0,100.0,0.0,0.1,0.0,4,2,1,2024-2025,laliga
andre ferreira,Valladolid,138,70.8,100.0,100.0,42.9,0.0,0.0,0.0,1,0,0,2024-2025,laliga
mateo flores,Betis,56,81.2,83.3,87.5,60.0,0.0,0.1,0.0,3,1,1,2024-2025,laliga
pablo fornals,Betis,887,80.0,88.3,79.9,64.3,3.3,2.9,-3.3,93,33,8,2024-2025,laliga
hector fort,Barcelona,448,90.1,94.9,89.4,83.3,0.9,1.3,-0.9,27,3,0,2024-2025,laliga
dimitri foulquier,Valencia,1007,78.9,93.6,79.4,39.7,1.4,2.0,-0.4,77,15,6,2024-2025,laliga
juan foyth,Villarreal,838,87.0,93.4,91.6,63.3,0.3,0.9,-0.3,53,8,2,2024-2025,laliga
fran,Real Madrid,19,95.0,100.0,100.0,80.0,0.0,0.0,0.0,0,0,0,2024-2025,laliga
alejandro frances,Girona,685,84.3,90.6,93.7,58.3,0.3,0.5,-0.3,69,6,3,2024-2025,laliga
enric franquesa,Leganés,158,70.2,80.7,74.2,42.3,0.1,0.1,-0.1,5,2,2,2024-2025,laliga
jorge de frutos,Rayo Vallecano,455,68.3,81.0,67.9,46.8,3.4,2.3,-0.4,22,28,13,2024-2025,laliga
dario fuentes,Sevilla,0,0.0,,0.0,,0.0,0.0,0.0,0,0,0,2024-2025,laliga
manuel fuster,Las Palmas,478,76.6,88.4,78.4,56.1,1.8,1.8,-0.8,56,24,5,2024-2025,laliga
javi galan,Atlético Madrid,852,82.9,92.7,80.2,62.1,3.9,3.1,-0.9,44,22,14,2024-2025,laliga
inigo ruiz de galarreta,Athletic Club,683,80.9,86.5,90.6,56.3,2.9,2.7,1.1,101,25,3,2024-2025,laliga
conor gallagher,Atlético Madrid,714,85.0,91.8,85.9,57.8,1.2,1.1,1.8,47,14,1,2024-2025,laliga
facundo garces,Alavés,150,76.1,87.5,84.2,44.7,0.8,0.7,-0.8,8,1,0,2024-2025,laliga
alvaro garcia,Rayo Vallecano,543,64.6,78.1,67.0,35.9,5.0,5.9,0.0,27,44,18,2024-2025,laliga
eric garcia,Barcelona,1234,92.1,93.1,95.4,78.0,0.8,1.6,2.2,142,14,3,2024-2025,laliga
fran garcia,Real Madrid,1344,86.7,93.4,85.9,60.9,1.8,2.3,0.2,87,23,9,2024-2025,laliga
gonzalo garcia,Real Madrid,19,95.0,92.3,100.0,100.0,1.0,0.6,0.0,0,0,0,2024-2025,laliga
joan garcia,Espanyol,901,71.6,98.9,98.8,47.2,0.0,0.1,0.0,25,1,0,2024-2025,laliga
pablo garcia,Betis,10,71.4,85.7,60.0,50.0,0.0,0.2,0.0,0,0,0,2024-2025,laliga
ruben garcia,Osasuna,903,74.3,84.8,79.5,56.9,3.6,4.6,1.4,77,31,16,2024-2025,laliga
unai garcia,Osasuna,36,94.7,100.0,93.3,100.0,0.0,0.0,0.0,1,0,0,2024-2025,laliga
yarek gasiorowski,Valencia,387,80.3,87.5,87.9,52.5,0.1,0.3,-0.1,43,3,1,2024-2025,laliga
gavi,Barcelona,733,90.0,95.0,89.8,79.5,1.6,1.5,-0.6,92,11,1,2024-2025,laliga
paulo gazzaniga,Girona,969,80.0,99.6,97.8,47.8,0.0,0.0,0.0,11,0,0,2024-2025,laliga
bryan gil,Girona,621,81.8,90.5,83.2,46.0,2.9,3.2,0.1,27,33,7,2024-2025,laliga
dani gomez,Valencia,62,74.7,88.0,65.2,,0.0,0.1,0.0,3,2,0,2024-2025,laliga
moi gomez,Osasuna,398,80.6,89.1,85.3,60.0,0.8,1.1,-0.8,46,13,9,2024-2025,laliga
sergi gomez,Espanyol,311,88.9,92.7,96.0,57.7,0.0,0.0,0.0,3,0,0,2024-2025,laliga
sergio gomez,Real Sociedad,1076,74.8,89.5,78.6,46.0,8.9,7.5,-3.9,77,23,11,2024-2025,laliga
unai gomez,Athletic Club,223,73.1,79.5,79.0,52.8,0.8,0.9,2.2,20,1,0,2024-2025,laliga
fabio gonzalez,Las Palmas,43,81.1,83.3,90.0,80.0,0.0,0.0,0.0,5,0,0,2024-2025,laliga
peter gonzalez,Getafe,86,65.6,77.0,68.2,33.3,0.1,0.3,-0.1,1,5,3,2024-2025,laliga
urko gonzalez,Espanyol,335,77.5,81.3,85.8,62.5,0.7,0.8,1.3,37,5,0,2024-2025,laliga
urko gonzalez,Real Sociedad,10,58.8,63.6,33.3,100.0,0.0,0.0,0.0,0,0,0,2024-2025,laliga
andoni gorosabel,Athletic Club,736,83.3,91.5,84.0,49.0,1.8,1.7,0.2,57,16,10,2024-2025,laliga
jose gragera,Espanyol,190,87.6,85.1,95.3,70.6,0.0,0.1,0.0,14,0,0,2024-2025,laliga
dominik greif,Mallorca,735,70.2,100.0,99.7,46.3,0.0,0.1,0.0,17,2,0,2024-2025,laliga
antoine griezmann,Atlético Madrid,1094,74.8,86.2,72.0,58.4,7.1,6.5,-0.1,105,47,11,2024-2025,laliga
florian grillitsch,Valladolid,289,82.8,90.8,89.3,62.7,0.7,0.4,-0.7,29,5,0,2024-2025,laliga
vicente guaita,Celta Vigo,798,82.1,99.5,98.6,52.2,0.0,0.0,0.0,2,0,0,2024-2025,laliga
sergi guardiola,Rayo Vallecano,56,66.7,74.5,62.5,60.0,0.1,0.2,-0.1,2,3,1,2024-2025,laliga
nemanja gudelj,Sevilla,1192,86.9,94.2,91.7,50.0,0.6,1.0,0.4,72,7,0,2024-2025,laliga
javier guerra,Valencia,1023,77.9,87.4,85.2,54.4,3.2,3.2,-0.2,119,23,4,2024-2025,laliga
ander guevara,Alavés,762,76.6,81.7,82.3,62.0,0.6,0.6,0.4,95,11,1,2024-2025,laliga
pape gueye,Villarreal,911,79.6,86.9,87.4,59.2,1.1,2.1,-1.1,118,23,2,2024-2025,laliga
hugo guillamon,Valencia,154,81.9,87.2,85.3,56.5,0.0,0.3,0.0,11,4,1,2024-2025,laliga
carlos guirao,Betis,36,78.3,90.5,92.3,60.0,0.0,0.0,0.0,3,0,0,2024-2025,laliga
arda guler,Real Madrid,763,86.1,93.9,88.6,59.8,4.5,4.4,-0.5,82,31,5,2024-2025,laliga
gerard gumbau,Rayo Vallecano,317,75.5,86.9,81.9,45.3,1.3,0.8,-0.3,37,3,1,2024-2025,laliga
jon guridi,Alavés,547,74.2,77.0,80.2,65.3,1.2,1.1,-0.2,55,11,3,2024-2025,laliga
gorka guruzeta,Athletic Club,298,72.5,79.1,74.8,51.6,1.5,0.7,0.5,23,2,0,2024-2025,laliga
miguel gutierrez,Girona,1241,82.6,92.4,85.5,57.1,4.1,4.6,0.9,59,51,27,2024-2025,laliga
munir el haddadi,Leganés,201,75.0,86.3,75.6,16.7,0.8,0.5,-0.8,19,6,1,2024-2025,laliga
sebastien haller,Leganés,54,60.0,70.0,54.2,50.0,0.2,0.2,-0.2,4,0,0,2024-2025,laliga
henrique,Valladolid,169,85.8,94.2,90.8,47.1,0.0,0.0,0.0,13,0,0,2024-2025,laliga
javi hernandez,Leganés,797,75.2,85.8,78.9,33.9,1.5,1.4,-0.5,54,11,4,2024-2025,laliga
aridane hernandez,Rayo Vallecano,463,87.9,92.7,91.5,64.1,0.0,0.1,0.0,18,0,0,2024-2025,laliga
jorge herrando,Osasuna,625,85.4,92.8,91.4,47.1,0.0,0.1,0.0,29,0,0,2024-2025,laliga
ander herrera,Athletic Club,181,90.5,93.1,89.0,76.9,0.1,0.3,-0.1,25,1,0,2024-2025,laliga
sergio herrera,Osasuna,871,69.9,99.0,98.0,51.5,0.0,0.1,0.0,29,0,0,2024-2025,laliga
yangel herrera,Girona,868,81.3,89.4,85.5,55.0,1.5,1.3,1.5,97,13,3,2024-2025,laliga
juan herzog,Las Palmas,559,86.4,91.3,92.3,58.0,0.0,0.0,0.0,17,0,0,2024-2025,laliga
omar el hilali,Espanyol,1245,78.9,89.1,84.2,52.9,0.8,1.4,1.2,81,11,6,2024-2025,laliga
roger hinojo,Espanyol,5,50.0,80.0,100.0,0.0,0.0,0.0,0.0,0,0,0,2024-2025,laliga
dinko horkas,Las Palmas,397,75.6,100.0,98.2,46.9,0.0,0.0,0.0,12,0,0,2024-2025,laliga
pablo ibanez,Osasuna,384,74.9,80.5,78.5,62.8,1.6,0.4,-0.6,35,4,2,2024-2025,laliga
stanis idumbo,Sevilla,63,82.9,87.2,92.3,62.5,0.7,0.1,0.3,2,1,0,2024-2025,laliga
iglesias,Getafe,686,57.1,76.1,62.1,31.8,2.2,1.8,-1.2,84,24,14,2024-2025,laliga
borja iglesias,Celta Vigo,346,70.8,78.1,78.2,62.5,3.2,1.4,-0.2,20,9,0,2024-2025,laliga
kelechi iheanacho,Sevilla,60,75.0,81.8,60.0,80.0,0.3,0.2,-0.3,1,1,0,2024-2025,laliga
isco,Betis,957,81.6,90.8,85.9,59.9,4.4,3.9,3.6,120,31,5,2024-2025,laliga
diego iturralde,Sevilla,5,71.4,100.0,50.0,,0.0,0.0,0.0,0,0,0,2024-2025,laliga
ivan jaime pajuelo,Valencia,80,75.5,88.7,80.0,37.5,0.3,0.3,-0.3,5,8,1,2024-2025,laliga
karl jakob hein,Valladolid,856,73.4,100.0,99.0,45.9,0.0,0.1,0.0,22,0,0,2024-2025,laliga
adnan januzaj,Las Palmas,242,69.1,87.7,77.4,43.0,1.1,1.6,-0.1,28,14,4,2024-2025,laliga
mikel jauregizar,Athletic Club,904,80.6,86.8,85.2,66.9,1.4,1.2,-0.4,106,11,1,2024-2025,laliga
john joe,Getafe,16,80.0,92.3,50.0,100.0,0.0,0.0,0.0,0,0,0,2024-2025,laliga
jofre,Espanyol,352,67.0,81.4,66.8,43.1,2.5,1.9,0.5,17,15,9,2024-2025,laliga
frenkie de jong,Barcelona,1084,94.4,97.8,95.7,87.2,2.0,2.0,0.0,140,12,0,2024-2025,laliga
joan jordan,Alavés,685,74.9,87.6,80.9,50.5,2.3,2.6,-0.3,102,15,5,2024-2025,laliga
juanmi,Getafe,105,76.6,82.3,84.4,80.0,0.3,0.2,-0.3,3,4,0,2024-2025,laliga
juanmi,Betis,58,82.9,90.7,75.0,100.0,0.4,0.1,-0.4,2,1,0,2024-2025,laliga
juanpe,Girona,507,87.3,92.4,94.5,62.0,0.2,0.1,-0.2,32,1,0,2024-2025,laliga
luiz lucio reis junior,Villarreal,359,73.1,98.9,97.6,44.2,0.0,0.0,0.0,6,0,0,2024-2025,laliga
vinicius junior,Real Madrid,673,74.7,82.9,78.4,64.6,8.0,7.0,0.0,53,36,6,2024-2025,laliga
stanko juric,Valladolid,636,84.2,88.0,89.7,57.4,0.5,0.3,-0.5,40,4,0,2024-2025,laliga
willy kambwala,Villarreal,521,87.7,92.8,94.4,55.6,0.1,0.1,-0.1,9,1,0,2024-2025,laliga
abdoulaye keita,Getafe,15,55.6,72.7,100.0,16.7,0.0,0.1,0.0,3,1,1,2024-2025,laliga
kenedy,Valladolid,1,50.0,50.0,,,0.0,0.0,0.0,0,0,0,2024-2025,laliga
kike,Alavés,384,65.3,75.6,62.7,44.4,0.9,1.6,-0.9,30,6,1,2024-2025,laliga
koke,Atlético Madrid,1444,88.0,92.6,91.3,65.2,1.4,2.2,-0.4,134,22,6,2024-2025,laliga
jules kounde,Barcelona,1856,86.7,92.7,87.5,60.8,3.9,3.8,-0.9,154,29,8,2024-2025,laliga
alex kral,Espanyol,602,71.9,80.1,81.7,48.5,1.5,1.6,-0.5,74,12,4,2024-2025,laliga
ladislav krejci,Girona,1924,90.1,95.2,94.5,57.8,0.3,0.8,-0.3,150,12,2,2024-2025,laliga
takefusa kubo,Real Sociedad,694,72.1,85.0,71.4,48.5,4.5,3.8,-4.5,59,45,11,2024-2025,laliga
marash kumbulla,Espanyol,1189,84.5,91.7,93.4,55.2,0.0,0.3,0.0,43,4,2,2024-2025,laliga
luca de la torre,Celta Vigo,4,80.0,100.0,100.0,,0.0,0.0,0.0,0,0,0,2024-2025,laliga
yoel lago,Celta Vigo,394,92.5,95.2,97.5,63.0,0.1,0.1,0.9,25,0,0,2024-2025,laliga
cyle larin,Mallorca,214,67.5,76.8,62.4,66.7,1.4,0.4,0.6,11,3,0,2024-2025,laliga
juanmi latasa,Valladolid,154,59.2,69.0,51.8,57.9,0.9,0.4,-0.9,11,5,1,2024-2025,laliga
toni lato,Mallorca,236,75.2,83.5,78.7,50.0,0.4,0.8,-0.4,19,11,10,2024-2025,laliga
robin le normand,Atlético Madrid,1174,90.4,94.2,95.4,53.4,0.5,1.0,-0.5,41,2,0,2024-2025,laliga
florian lejeune,Rayo Vallecano,1728,83.8,89.9,94.1,57.1,1.9,1.1,1.1,168,7,3,2024-2025,laliga
inigo lekue,Athletic Club,345,78.6,88.4,82.3,44.2,0.5,0.5,-0.5,31,2,2,2024-2025,laliga
thomas lemar,Atlético Madrid,57,83.8,93.3,88.0,50.0,0.2,0.2,-0.2,1,4,0,2024-2025,laliga
clement lenglet,Atlético Madrid,1193,87.5,93.8,94.0,62.7,1.1,0.7,-0.1,74,0,0,2024-2025,laliga
robert lewandowski,Barcelona,383,73.4,82.2,76.5,48.1,2.3,1.5,-0.3,31,9,0,2024-2025,laliga
samuel lino,Atlético Madrid,652,79.4,89.0,80.6,65.8,2.9,2.2,1.1,41,24,6,2024-2025,laliga
javier llabres,Mallorca,20,83.3,100.0,70.0,50.0,0.1,0.1,-0.1,0,1,1,2024-2025,laliga
diego llorente,Betis,1383,86.7,91.3,93.9,59.0,0.3,0.4,-0.3,68,3,0,2024-2025,laliga
marcos llorente,Atlético Madrid,1337,85.5,92.8,87.1,65.0,4.3,3.1,-0.3,90,26,14,2024-2025,laliga
giovani lo celso,Betis,766,79.0,88.2,81.5,54.8,4.9,5.2,-1.9,89,41,1,2024-2025,laliga
enzo loiodice,Las Palmas,377,85.1,88.2,87.0,78.6,0.2,0.2,-0.2,30,1,0,2024-2025,laliga
david lopez,Mallorca,43,81.1,100.0,95.5,22.2,0.0,0.0,0.0,0,1,0,2024-2025,laliga
david lopez,Girona,1879,92.1,95.1,96.1,66.7,0.6,1.3,0.4,145,6,0,2024-2025,laliga
diego lopez,Valencia,680,72.1,81.6,78.4,60.7,5.0,4.7,0.0,43,34,9,2024-2025,laliga
fer lopez,Celta Vigo,220,84.6,91.5,85.8,77.3,1.9,1.4,-1.9,19,12,0,2024-2025,laliga
fermin lopez,Barcelona,552,81.8,89.4,82.9,58.7,3.9,4.3,1.1,65,20,6,2024-2025,laliga
javi lopez,Real Sociedad,814,78.4,91.4,76.2,53.0,0.4,1.0,-0.4,49,14,7,2024-2025,laliga
pau lopez,Girona,18,75.0,100.0,100.0,40.0,0.0,0.1,0.0,2,1,0,2024-2025,laliga
roberto lopez,Leganés,152,73.1,83.5,84.3,46.2,0.9,0.5,0.1,22,2,1,2024-2025,laliga
unai lopez,Rayo Vallecano,1041,84.2,91.8,89.6,53.4,1.0,1.3,0.0,106,11,2,2024-2025,laliga
iker losada,Celta Vigo,96,75.0,82.4,78.0,62.5,0.3,0.6,-0.3,14,6,2,2024-2025,laliga
iker losada,Betis,107,75.4,83.9,73.5,50.0,0.3,0.2,-0.3,4,5,1,2024-2025,laliga
pol lozano,Espanyol,694,83.8,89.1,86.8,71.3,0.8,1.0,0.2,95,11,4,2024-2025,laliga
jose luis gaya,Valencia,775,77.8,89.6,83.9,47.7,2.6,3.2,-1.6,44,31,23,2024-2025,laliga
dodi lukebakio,Sevilla,780,74.1,87.7,74.6,45.0,4.5,4.0,-2.5,50,24,6,2024-2025,laliga
daniel luna,Mallorca,8,61.5,83.3,40.0,0.0,0.0,0.0,0.0,1,0,0,2024-2025,laliga
andriy lunin,Real Madrid,174,86.1,97.9,100.0,64.3,0.9,0.0,0.1,1,0,0,2024-2025,laliga
darwin machis,Valladolid,160,59.7,84.1,62.9,33.3,0.5,0.9,0.5,17,5,4,2024-2025,laliga
pablo maffeo,Mallorca,736,70.8,90.2,71.4,42.6,4.1,3.5,-2.1,49,34,25,2024-2025,laliga
jon magunazelaia,Real Sociedad,7,53.8,42.9,100.0,,0.0,0.1,0.0,0,0,0,2024-2025,laliga
giorgi mamardashvili,Valencia,732,67.8,100.0,98.7,38.0,0.1,0.1,-0.1,11,1,0,2024-2025,laliga
reinildo mandava,Atlético Madrid,515,84.2,94.0,82.6,44.4,0.1,0.2,-0.1,24,2,0,2024-2025,laliga
javier manquillo,Celta Vigo,335,89.8,92.3,94.8,56.5,0.0,0.1,0.0,22,2,0,2024-2025,laliga
marcao,Sevilla,284,90.2,97.6,93.2,67.6,0.0,0.1,0.0,14,0,0,2024-2025,laliga
oscar de marcos,Athletic Club,800,79.2,88.4,83.7,59.2,2.6,2.2,1.4,101,25,16,2024-2025,laliga
alberto mari,Valencia,2,50.0,100.0,100.0,0.0,0.0,0.0,0.0,0,0,0,2024-2025,laliga
jose maria gimenez,Atlético Madrid,1250,91.8,94.3,95.8,75.7,0.2,0.3,0.8,61,0,0,2024-2025,laliga
arkaitz mariezkurrena,Real Sociedad,47,69.1,78.6,85.7,25.0,0.1,0.2,-0.1,1,4,1,2024-2025,laliga
pablo marin,Real Sociedad,374,80.1,82.8,84.6,65.7,1.0,0.8,1.0,38,9,2,2024-2025,laliga
mika marmol,Las Palmas,1112,74.4,89.1,81.2,41.9,1.5,2.0,-0.5,119,16,7,2024-2025,laliga
mario maroto,Valladolid,31,75.6,87.5,77.8,75.0,0.1,0.0,0.9,3,0,0,2024-2025,laliga
unai marrero,Real Sociedad,46,80.7,100.0,96.2,57.1,0.0,0.0,0.0,0,0,0,2024-2025,laliga
carlos martin,Alavés,261,65.3,71.9,74.0,33.3,2.7,1.4,-0.7,15,7,4,2024-2025,laliga
diego martin,Las Palmas,8,53.3,71.4,50.0,50.0,0.0,0.0,0.0,1,0,0,2024-2025,laliga
gerard martin,Barcelona,656,83.1,90.6,88.2,46.0,1.1,1.7,1.9,27,16,4,2024-2025,laliga
ivan martin,Girona,1251,90.2,92.6,92.4,84.7,1.9,2.1,-0.9,101,15,3,2024-2025,laliga
jon martin,Real Sociedad,468,86.8,87.7,93.0,62.7,0.2,0.2,0.8,19,2,0,2024-2025,laliga
mario martin,Valladolid,677,84.5,87.1,91.4,67.1,1.4,1.2,-0.4,52,3,1,2024-2025,laliga
arnau martinez,Girona,1603,86.4,93.3,89.0,59.3,2.2,1.8,-0.2,155,14,4,2024-2025,laliga
inigo martinez,Barcelona,2217,91.0,94.7,95.0,72.2,2.6,1.8,1.4,259,9,1,2024-2025,laliga
javi martinez,Osasuna,9,100.0,100.0,100.0,,0.0,0.0,0.0,1,0,0,2024-2025,laliga
ramon martinez,Sevilla,119,91.5,100.0,89.3,89.5,0.1,0.0,-0.1,10,0,0,2024-2025,laliga
toni martinez,Alavés,140,58.3,72.7,47.8,30.0,0.6,0.9,-0.6,11,4,1,2024-2025,laliga
javi marton,Athletic Club,6,85.7,80.0,100.0,,0.0,0.0,0.0,1,0,0,2024-2025,laliga
marvin,Las Palmas,370,73.7,87.5,76.6,50.0,1.1,1.2,-1.1,24,14,10,2024-2025,laliga
omar mascarell,Mallorca,809,84.0,91.1,89.7,60.9,0.2,0.3,-0.2,72,3,0,2024-2025,laliga
jaime mata,Las Palmas,127,67.9,75.2,71.2,53.8,0.1,0.3,-0.1,8,3,1,2024-2025,laliga
borja mayoral,Getafe,197,77.6,85.0,81.4,76.5,0.9,0.3,0.1,11,2,0,2024-2025,laliga
kylian mbappe,Real Madrid,949,82.9,88.2,85.6,79.5,7.7,6.6,-4.7,75,52,3,2024-2025,laliga
oliver mcburnie,Las Palmas,276,65.9,73.1,59.4,66.7,2.8,1.0,3.2,23,7,1,2024-2025,laliga
scott mckenna,Las Palmas,1276,86.7,92.1,91.8,53.8,0.7,0.4,-0.7,50,1,0,2024-2025,laliga
mateo mejia,Sevilla,0,0.0,0.0,,,0.0,0.0,0.0,0,0,0,2024-2025,laliga
arthur melo,Girona,668,92.4,94.8,94.5,82.4,0.2,0.6,-0.2,70,4,1,2024-2025,laliga
brais mendez,Real Sociedad,631,77.9,87.9,80.1,49.5,2.0,2.3,0.0,68,13,3,2024-2025,laliga
ferland mendy,Real Madrid,630,93.9,97.0,93.9,84.2,0.5,0.7,0.5,44,1,0,2024-2025,laliga
nobel mendy,Betis,46,86.8,100.0,92.6,61.5,0.0,0.0,0.0,5,0,0,2024-2025,laliga
victor meseguer,Valladolid,148,78.3,85.4,80.3,54.5,0.0,0.3,0.0,17,1,1,2024-2025,laliga
miguel,Leganés,139,58.6,67.5,63.9,40.0,1.4,0.8,1.6,9,5,1,2024-2025,laliga
eder militao,Real Madrid,636,89.3,94.0,94.4,65.5,0.5,0.2,0.5,56,3,0,2024-2025,laliga
luis milla,Getafe,1129,73.5,88.1,80.3,44.6,3.9,4.9,0.1,149,26,10,2024-2025,laliga
pere milla,Espanyol,97,58.8,69.4,68.5,46.4,0.3,0.3,-0.3,9,5,0,2024-2025,laliga
oscar mingueza,Celta Vigo,1692,77.0,90.4,79.4,49.7,5.6,6.4,0.4,176,69,11,2024-2025,laliga
kim minsu,Girona,9,90.0,83.3,100.0,,0.0,0.0,0.0,0,0,0,2024-2025,laliga
bojan miovski,Girona,86,76.1,84.5,78.6,100.0,0.2,0.2,0.8,2,1,1,2024-2025,laliga
rafa mir,Valencia,144,72.0,80.9,81.0,52.4,0.7,0.5,1.3,15,4,2,2024-2025,laliga
luka modric,Real Madrid,1724,87.6,93.6,91.1,66.2,7.0,6.3,-1.0,225,34,2,2024-2025,laliga
johan mojica,Mallorca,1217,74.2,88.4,77.8,51.0,4.1,4.4,-2.1,102,53,33,2024-2025,laliga
alberto moleiro,Las Palmas,845,81.3,88.0,82.1,60.7,3.3,3.6,-2.3,75,29,5,2024-2025,laliga
nahuel molina,Atlético Madrid,945,79.9,90.7,80.5,46.3,1.5,1.9,1.5,43,19,5,2024-2025,laliga
jon moncayola,Osasuna,738,74.4,87.1,78.6,52.9,3.7,4.6,-3.7,76,25,13,2024-2025,laliga
gonzalo montiel,Sevilla,68,87.2,96.7,89.2,60.0,0.0,0.1,0.0,8,1,1,2024-2025,laliga
gerard moreno,Villarreal,235,77.0,85.8,86.2,62.8,3.6,1.9,-1.6,30,15,2,2024-2025,laliga
xavier moreno,Valladolid,3,23.1,0.0,50.0,,0.0,0.0,0.0,0,0,0,2024-2025,laliga
mateu morey,Mallorca,301,77.2,89.9,82.1,36.1,0.3,0.2,-0.3,14,3,1,2024-2025,laliga
ilaix moriba,Celta Vigo,843,85.7,88.1,89.5,73.6,1.5,2.4,-0.5,107,19,2,2024-2025,laliga
manu morlanes,Mallorca,630,88.9,93.3,89.1,69.4,0.3,0.7,-0.3,84,10,3,2024-2025,laliga
raul moro,Valladolid,517,64.9,78.9,69.8,54.0,5.7,5.5,-0.7,41,38,22,2024-2025,laliga
cristhian mosquera,Valencia,1858,90.5,94.3,93.9,68.1,0.0,0.3,0.0,118,1,0,2024-2025,laliga
santiago mourino,Alavés,539,78.0,86.2,84.5,49.1,0.9,0.6,0.1,47,5,2,2024-2025,laliga
abdul mumin,Rayo Vallecano,900,82.9,92.9,91.8,45.8,0.2,0.1,0.8,40,1,0,2024-2025,laliga
aihen munoz,Real Sociedad,448,71.0,90.5,73.2,26.8,0.3,0.3,-0.3,38,3,2,2024-2025,laliga
alex munoz,Las Palmas,618,79.7,89.0,81.0,47.4,0.5,0.7,-0.5,34,9,8,2024-2025,laliga
iker munoz,Osasuna,239,78.9,88.2,83.6,59.4,1.0,0.7,0.0,30,6,2,2024-2025,laliga
javier munoz,Las Palmas,918,77.9,86.8,80.6,58.4,2.5,2.3,0.5,115,32,13,2024-2025,laliga
victor munoz,Real Madrid,11,91.7,100.0,100.0,100.0,0.0,0.3,0.0,0,1,1,2024-2025,laliga
vedat muriqi,Mallorca,295,60.6,72.1,55.2,60.7,2.2,1.7,-0.2,23,6,0,2024-2025,laliga
juan musso,Atlético Madrid,51,85.0,100.0,100.0,38.5,0.0,0.0,0.0,0,0,0,2024-2025,laliga
matija nastasic,Leganés,704,82.6,90.4,90.5,49.7,0.1,0.4,-0.1,37,1,0,2024-2025,laliga
natan,Betis,1122,88.7,94.3,92.0,63.4,0.6,0.8,0.4,52,3,1,2024-2025,laliga
pau navarro,Villarreal,517,89.6,93.1,92.4,64.6,0.0,0.2,0.0,28,1,0,2024-2025,laliga
roberto navarro,Mallorca,357,75.5,86.0,75.2,51.4,1.9,1.5,-1.9,27,14,3,2024-2025,laliga
jesus navas,Sevilla,203,77.5,89.7,80.7,57.9,0.5,0.6,-0.5,16,6,5,2024-2025,laliga
yvan neyou,Leganés,974,86.4,91.3,89.0,69.3,0.6,1.1,0.4,86,10,1,2024-2025,laliga
tanguy nianzou,Sevilla,285,90.8,94.2,92.3,46.7,0.0,0.0,0.0,6,0,0,2024-2025,laliga
saul niguez,Sevilla,516,78.3,86.8,83.7,47.7,2.5,2.3,3.5,51,8,2,2024-2025,laliga
tamas nikitscher,Valladolid,284,91.3,91.3,96.2,70.0,0.0,0.1,0.0,13,1,0,2024-2025,laliga
adrian nino,Atlético Madrid,0,,,,,0.0,0.0,0.0,0,0,0,2024-2025,laliga
hugo novoa,Alavés,53,76.8,81.4,75.0,100.0,0.2,0.2,-0.2,0,2,2,2024-2025,laliga
randy nteka,Rayo Vallecano,144,64.6,76.4,60.0,50.0,0.5,0.3,-0.5,5,2,0,2024-2025,laliga
unai nunez,Athletic Club,283,87.1,85.9,94.4,67.2,0.1,0.1,-0.1,16,1,0,2024-2025,laliga
rjan nyland,Sevilla,637,63.3,99.4,96.7,34.8,0.3,0.1,-0.3,27,2,0,2024-2025,laliga
allan nyom,Getafe,280,79.5,92.2,82.1,36.2,0.3,0.3,1.7,23,5,4,2024-2025,laliga
jan oblak,Atlético Madrid,763,80.5,100.0,99.3,53.8,0.0,0.0,0.0,7,0,0,2024-2025,laliga
lucas ocampos,Sevilla,65,71.4,80.0,82.6,54.5,0.3,0.1,0.7,8,2,1,2024-2025,laliga
alvaro odriozola,Real Sociedad,22,73.3,91.7,50.0,75.0,0.0,0.0,0.0,4,1,1,2024-2025,laliga
thiago ojeda,Villarreal,7,87.5,100.0,75.0,,0.0,0.0,0.0,1,0,0,2024-2025,laliga
aingeru olabarrieta,Athletic Club,9,50.0,60.0,66.7,0.0,0.0,0.0,0.0,0,0,0,2024-2025,laliga
olasagasti,Real Sociedad,314,77.1,83.8,81.6,53.7,0.8,0.7,0.2,34,8,0,2024-2025,laliga
brian olivan,Espanyol,317,69.2,92.9,69.8,39.1,1.1,0.8,-0.1,44,12,9,2024-2025,laliga
lucas oliveira rosa,Valladolid,637,76.5,89.0,79.2,45.7,2.0,1.5,-1.0,34,6,4,2024-2025,laliga
dani olmo,Barcelona,520,81.1,89.5,83.1,70.2,3.0,3.7,0.0,49,29,1,2024-2025,laliga
aimar oroz,Osasuna,924,81.9,87.9,84.0,73.3,2.9,3.5,1.1,91,36,5,2024-2025,laliga
angel ortiz,Betis,167,74.2,90.1,73.0,33.3,0.1,0.2,0.9,15,3,2,2024-2025,laliga
gabriel osei misehouy,Girona,90,87.4,94.3,95.1,0.0,0.3,0.3,-0.3,11,4,0,2024-2025,laliga
david otorbi,Valencia,2,50.0,66.7,,0.0,0.0,0.0,0.0,0,0,0,2024-2025,laliga
jesus owono,Alavés,99,60.7,100.0,100.0,46.1,0.0,0.0,0.0,5,0,0,2024-2025,laliga
mikel oyarzabal,Real Sociedad,371,73.5,85.5,74.4,47.8,2.4,1.8,0.6,19,10,3,2024-2025,laliga
cenk ozkacar,Valladolid,331,84.4,92.1,91.2,50.0,0.0,0.3,0.0,11,0,0,2024-2025,laliga
jon pacheco,Real Sociedad,411,83.2,89.5,92.1,54.1,0.1,0.4,-0.1,28,2,0,2024-2025,laliga
alex padilla,Athletic Club,67,55.4,100.0,100.0,38.4,0.0,0.0,0.0,4,0,0,2024-2025,laliga
isaac palazon camacho,Rayo Vallecano,783,77.1,88.3,82.9,52.8,4.4,4.7,-0.4,77,19,4,2024-2025,laliga
aitor paredes,Athletic Club,789,83.3,89.4,93.3,51.1,0.1,0.2,-0.1,42,2,0,2024-2025,laliga
daniel parejo,Villarreal,1354,87.5,92.3,91.9,71.5,1.8,1.9,1.2,176,17,3,2024-2025,laliga
iago parente,Valladolid,27,73.0,100.0,88.9,14.3,0.0,0.0,0.0,3,0,0,2024-2025,laliga
alvaro pascual,Sevilla,48,64.9,72.2,71.4,83.3,0.0,0.1,0.0,4,1,0,2024-2025,laliga
alfonso pedraza,Villarreal,157,73.7,96.4,75.6,38.5,1.4,1.4,0.6,7,8,6,2024-2025,laliga
pedri,Barcelona,2404,87.4,94.0,89.2,72.1,7.4,9.0,-2.4,331,79,4,2024-2025,laliga
adria pedrosa,Sevilla,886,74.1,90.9,78.8,33.7,1.6,1.7,-0.6,66,22,10,2024-2025,laliga
pejino,Las Palmas,6,85.7,100.0,75.0,,0.0,0.0,0.0,0,1,0,2024-2025,laliga
andy pelmard,Las Palmas,98,85.2,96.2,89.1,46.2,0.0,0.1,0.0,9,4,0,2024-2025,laliga
inaki pena,Barcelona,562,89.2,99.0,99.2,55.2,0.0,0.0,0.0,0,0,0,2024-2025,laliga
ruben pena,Osasuna,183,59.2,77.0,58.2,41.0,0.6,0.7,-0.6,20,10,6,2024-2025,laliga
nicolas pepe,Villarreal,499,79.1,91.2,78.4,56.9,4.8,4.1,1.2,25,27,3,2024-2025,laliga
peque,Sevilla,279,79.9,85.9,81.9,65.4,1.2,0.9,-0.2,25,6,1,2024-2025,laliga
ayoze perez,Villarreal,314,75.8,81.7,83.1,63.3,3.0,1.9,-1.0,37,21,5,2024-2025,laliga
carles perez,Getafe,226,67.3,78.8,70.9,40.0,1.5,1.3,-1.5,17,14,8,2024-2025,laliga
francisco perez,Valencia,169,73.5,90.8,69.4,54.2,2.6,1.5,-2.6,7,6,2,2024-2025,laliga
kike perez,Valladolid,440,78.0,83.2,88.0,53.3,1.0,1.1,-1.0,47,5,0,2024-2025,laliga
luis perez,Valladolid,905,75.7,87.9,76.3,59.2,2.1,2.6,-2.1,57,32,29,2024-2025,laliga
romain perraud,Betis,921,79.6,91.2,79.5,36.4,1.6,1.4,0.4,61,16,11,2024-2025,laliga
valentin pezzolesi,Las Palmas,2,40.0,0.0,66.7,,0.0,0.0,0.0,0,0,0,2024-2025,laliga
pica,Alavés,155,77.1,80.0,87.5,56.1,0.0,0.0,0.0,15,1,0,2024-2025,laliga
yeremi pino,Villarreal,523,73.9,81.4,79.0,64.4,5.3,3.8,1.7,35,32,8,2024-2025,laliga
portu,Girona,169,71.3,81.5,84.1,30.4,1.7,1.5,0.3,12,7,3,2024-2025,laliga
benat prados,Athletic Club,647,82.0,85.4,87.0,58.0,1.1,1.3,-1.1,70,6,1,2024-2025,laliga
abdon prats,Mallorca,58,66.7,73.9,66.7,66.7,0.1,0.1,-0.1,5,1,0,2024-2025,laliga
javi puado,Espanyol,521,76.8,83.9,83.8,53.0,3.0,2.1,1.0,36,15,4,2024-2025,laliga
dani raba,Leganés,435,67.1,82.4,73.2,40.9,5.3,4.6,0.7,50,24,4,2024-2025,laliga
arnau rafus,Valladolid,33,76.7,100.0,95.2,52.9,0.0,0.0,0.0,0,0,0,2024-2025,laliga
antonio raillo,Mallorca,1572,88.7,91.9,93.4,66.7,1.6,1.0,-1.6,86,6,0,2024-2025,laliga
benito ramirez,Las Palmas,259,79.4,93.0,89.2,39.0,0.9,1.0,-0.9,11,8,6,2024-2025,laliga
sandro ramirez,Las Palmas,438,64.2,76.3,73.7,36.4,3.4,3.2,-0.4,33,10,3,2024-2025,laliga
jacobo ramon,Real Madrid,84,93.3,92.5,97.7,100.0,0.2,0.0,-0.2,3,0,0,2024-2025,laliga
raphinha,Barcelona,1064,71.1,84.3,75.5,45.4,12.7,10.1,-3.7,87,67,18,2024-2025,laliga
andrei ratiu,Rayo Vallecano,1435,81.6,89.7,84.3,52.5,5.7,3.9,-2.7,105,23,11,2024-2025,laliga
raul,Osasuna,116,69.0,79.6,75.0,27.3,0.7,0.4,-0.7,11,1,0,2024-2025,laliga
abderrahman rebbach,Alavés,74,62.7,70.7,68.6,47.1,0.3,0.4,-0.3,2,5,3,2024-2025,laliga
alex remiro,Real Sociedad,955,74.0,100.0,98.1,48.8,0.0,0.0,0.0,14,0,0,2024-2025,laliga
daniel requena,Villarreal,4,80.0,100.0,100.0,,0.0,0.0,0.0,0,0,0,2024-2025,laliga
diego rico,Getafe,1058,67.6,86.5,70.6,38.3,2.7,3.4,0.3,114,46,29,2024-2025,laliga
luis rioja,Alavés,5,45.5,75.0,40.0,0.0,0.1,0.1,-0.1,0,0,0,2024-2025,laliga
luis rioja,Valencia,821,67.7,84.4,73.3,37.6,4.5,5.5,-1.5,42,60,25,2024-2025,laliga
rodrigo riquelme,Atlético Madrid,210,78.1,87.3,87.0,29.6,0.8,0.8,0.2,17,12,3,2024-2025,laliga
alberto risco,Getafe,25,73.5,83.3,75.0,50.0,0.1,0.2,-0.1,1,4,3,2024-2025,laliga
mihailo ristic,Celta Vigo,191,77.6,91.2,86.9,38.9,0.2,0.1,0.8,10,2,1,2024-2025,laliga
gorka rivera alonso,Getafe,5,45.5,50.0,57.1,0.0,0.0,0.0,0.0,1,0,0,2024-2025,laliga
marc roca,Betis,465,86.4,93.2,91.7,61.1,1.0,0.5,1.0,51,6,2,2024-2025,laliga
rodri,Betis,56,84.8,97.2,82.4,63.6,0.1,0.3,-0.1,4,5,0,2024-2025,laliga
adrian rodriguez,Alavés,19,38.0,100.0,,37.5,0.0,0.0,0.0,1,0,0,2024-2025,laliga
alvaro rodriguez,Getafe,110,46.0,58.2,42.9,33.3,0.3,0.4,-0.3,15,2,1,2024-2025,laliga
oscar rodriguez arnaiz,Leganés,400,72.1,85.0,73.5,53.1,2.2,1.7,1.8,31,21,7,2024-2025,laliga
arturo rodriguez,Las Palmas,5,71.4,100.0,50.0,,0.0,0.0,0.0,0,0,0,2024-2025,laliga
damian rodriguez,Celta Vigo,726,89.2,93.0,94.7,64.0,0.8,1.4,-0.8,85,4,0,2024-2025,laliga
dani rodriguez,Mallorca,498,69.7,82.1,75.7,41.1,3.1,3.4,3.9,42,17,6,2024-2025,laliga
daniel rodriguez,Barcelona,15,75.0,81.8,75.0,0.0,0.0,0.0,0.0,0,2,0,2024-2025,laliga
james rodriguez,Rayo Vallecano,78,79.6,90.9,84.0,54.2,0.2,0.3,-0.2,12,1,0,2024-2025,laliga
javi rodriguez,Celta Vigo,1488,86.7,92.3,91.8,60.9,1.0,1.0,1.0,110,10,1,2024-2025,laliga
jesus rodriguez,Betis,241,72.8,81.4,72.2,69.2,0.2,0.7,-0.2,15,19,2,2024-2025,laliga
kirian rodriguez,Las Palmas,1026,85.2,91.5,88.3,62.5,1.5,1.4,1.5,106,14,1,2024-2025,laliga
ricardo rodriguez,Betis,610,82.0,93.3,77.5,48.3,0.4,0.6,0.6,50,8,5,2024-2025,laliga
rodrygo,Real Madrid,939,85.9,94.9,86.0,41.2,3.0,4.2,2.0,66,26,2,2024-2025,laliga
leo roman,Mallorca,137,57.1,100.0,95.3,40.1,0.0,0.0,0.0,4,0,0,2024-2025,laliga
carlos romero,Espanyol,719,71.4,83.5,78.0,40.4,2.1,2.4,-1.1,47,26,12,2024-2025,laliga
isaac romero,Sevilla,310,70.3,77.5,70.8,72.1,2.1,2.2,-0.1,20,11,4,2024-2025,laliga
luka romero,Alavés,34,69.4,75.0,100.0,12.5,0.2,0.4,-0.2,0,1,1,2024-2025,laliga
oriol romeu,Girona,798,90.4,93.1,93.7,78.0,0.3,0.7,-0.3,81,2,1,2024-2025,laliga
vitor roque,Betis,142,72.8,76.0,80.3,75.0,1.2,0.7,-1.2,4,10,3,2024-2025,laliga
valentin rosier,Leganés,956,79.3,92.1,80.9,42.1,1.1,1.3,0.9,72,17,4,2024-2025,laliga
antonio rudiger,Real Madrid,1706,91.8,96.7,95.2,70.3,0.5,0.9,-0.5,117,6,1,2024-2025,laliga
aitor ruibal,Betis,495,80.9,93.5,82.8,47.2,2.4,1.9,0.6,36,12,6,2024-2025,laliga
abel ruiz,Girona,239,87.9,92.1,94.3,68.2,0.5,0.7,-0.5,14,5,0,2024-2025,laliga
ferran ruiz,Girona,3,50.0,66.7,33.3,,0.0,0.0,0.0,0,0,0,2024-2025,laliga
youssouf sabaly,Betis,862,86.7,94.3,85.0,48.9,0.8,0.9,0.2,49,7,5,2024-2025,laliga
umar sadiq,Valencia,125,72.3,76.7,79.2,60.0,0.7,0.4,-0.7,4,0,0,2024-2025,laliga
umar sadiq,Real Sociedad,25,52.1,60.7,60.0,50.0,0.2,0.1,-0.2,2,0,0,2024-2025,laliga
jorge saenz,Leganés,752,83.7,94.9,92.6,46.3,0.1,0.3,-0.1,35,1,0,2024-2025,laliga
jan salas,Mallorca,20,76.9,90.9,81.8,,0.0,0.1,0.0,4,1,0,2024-2025,laliga
kike salas,Sevilla,1109,78.5,90.1,86.4,41.8,0.6,0.9,1.4,69,3,1,2024-2025,laliga
albert sambi lokonga,Sevilla,799,89.4,94.1,91.5,67.1,1.0,0.9,1.0,81,8,0,2024-2025,laliga
chuky san jose,Valladolid,112,68.7,81.9,72.9,51.7,1.2,1.5,-1.2,10,5,3,2024-2025,laliga
oihan sancet,Athletic Club,461,81.0,86.8,84.0,63.9,1.9,1.5,-0.9,66,15,1,2024-2025,laliga
antonio sanchez,Mallorca,391,72.8,84.8,76.2,49.3,0.6,1.0,-0.6,36,8,4,2024-2025,laliga
ivan sanchez,Valladolid,422,71.4,89.0,73.3,48.8,2.9,2.9,-1.9,52,23,15,2024-2025,laliga
javi sanchez,Valladolid,1015,87.3,95.2,95.1,57.1,0.3,0.4,-0.3,42,1,0,2024-2025,laliga
juanlu sanchez,Sevilla,568,81.5,89.8,85.7,33.3,2.8,1.7,1.2,51,14,5,2024-2025,laliga
manu sanchez,Alavés,807,72.2,86.5,77.4,33.6,1.2,1.3,-1.2,53,21,13,2024-2025,laliga
maroan sannadi,Athletic Club,115,72.3,85.4,71.4,50.0,0.6,0.7,0.4,13,8,0,2024-2025,laliga
jesus santiago,Getafe,99,72.8,79.2,79.1,35.7,0.0,0.2,0.0,10,0,0,2024-2025,laliga
aleksandar sedlar,Alavés,195,82.6,90.6,85.4,69.8,0.0,0.0,0.0,14,0,0,2024-2025,laliga
sergi,Leganés,1271,83.7,92.7,92.6,53.8,0.4,0.5,-0.4,59,5,0,2024-2025,laliga
nicolas serrano,Athletic Club,25,56.8,77.8,73.3,0.0,0.0,0.1,0.0,2,1,1,2024-2025,laliga
fabio silva,Las Palmas,309,66.3,72.4,66.4,55.2,2.0,1.8,1.0,13,14,3,2024-2025,laliga
rui silva,Betis,412,78.6,100.0,100.0,45.8,0.1,0.0,-0.1,5,0,0,2024-2025,laliga
giuliano simeone,Atlético Madrid,600,75.5,86.0,70.7,33.3,5.2,4.7,0.8,30,27,10,2024-2025,laliga
unai simon,Athletic Club,455,69.6,100.0,98.3,44.3,0.0,0.0,0.0,12,0,0,2024-2025,laliga
daley sinkgraven,Las Palmas,50,75.8,100.0,68.0,14.3,0.0,0.0,0.0,2,1,0,2024-2025,laliga
jailson siqueira,Celta Vigo,435,90.4,93.6,94.4,69.6,0.0,0.1,0.0,33,0,0,2024-2025,laliga
antonio sivera,Alavés,521,53.9,100.0,98.0,43.1,0.1,0.2,-0.1,42,1,0,2024-2025,laliga
justin smith,Espanyol,40,65.6,64.0,76.9,33.3,0.0,0.0,0.0,3,0,0,2024-2025,laliga
alex sola,Getafe,155,64.0,80.0,66.1,31.0,0.7,0.8,0.3,12,2,1,2024-2025,laliga
arnau sola,Villarreal,1,50.0,50.0,,,0.0,0.0,0.0,0,0,0,2024-2025,laliga
jhon solis,Girona,264,89.5,94.7,91.0,58.3,0.1,0.3,-0.1,29,1,1,2024-2025,laliga
david soria,Getafe,513,49.9,100.0,98.6,40.5,0.0,0.2,0.0,51,1,0,2024-2025,laliga
juan soriano,Leganés,98,53.0,100.0,100.0,34.6,0.0,0.0,0.0,0,0,0,2024-2025,laliga
hugo sotelo,Celta Vigo,873,85.8,94.6,91.7,60.0,1.7,1.8,-1.7,100,12,3,2024-2025,laliga
djibril sow,Sevilla,883,88.8,91.5,92.2,76.1,1.6,1.0,-0.6,87,10,1,2024-2025,laliga
carl starfelt,Celta Vigo,1539,93.7,95.9,95.5,76.2,0.2,0.2,-0.2,56,1,0,2024-2025,laliga
orri steinn oskarsson,Real Sociedad,104,52.8,63.7,57.9,0.0,0.2,0.5,-0.2,4,3,1,2024-2025,laliga
stoichkov,Alavés,132,61.7,74.4,68.5,42.4,1.2,0.7,-0.2,16,10,1,2024-2025,laliga
cristhian stuani,Girona,107,69.5,80.0,64.0,37.5,0.6,1.0,1.4,1,3,0,2024-2025,laliga
alex suarez,Las Palmas,1165,85.9,94.7,92.1,50.3,0.1,0.2,-0.1,50,3,0,2024-2025,laliga
denis suarez,Villarreal,228,78.4,87.2,85.6,51.3,1.5,1.8,-0.5,21,8,3,2024-2025,laliga
luka sucic,Real Sociedad,727,82.4,90.2,87.6,61.8,2.6,2.2,-1.6,52,13,2,2024-2025,laliga
suso,Sevilla,285,74.0,91.3,76.4,45.8,1.6,1.3,0.4,31,13,4,2024-2025,laliga
williot swedberg,Celta Vigo,266,73.3,82.1,75.0,58.3,2.6,2.2,2.4,16,12,1,2024-2025,laliga
mamadou sylla,Valladolid,177,62.8,73.6,63.4,64.3,1.7,0.6,-0.7,13,5,0,2024-2025,laliga
wojciech szczesny,Barcelona,402,88.5,100.0,98.8,59.1,0.0,0.0,0.0,1,0,0,2024-2025,laliga
alexander srloth,Atlético Madrid,229,63.8,66.7,66.3,71.4,1.6,0.7,0.4,19,10,1,2024-2025,laliga
renato tapia,Leganés,838,78.3,88.7,84.7,53.7,0.4,0.8,-0.4,80,9,0,2024-2025,laliga
cesar tarrega,Valencia,1428,84.4,93.2,91.6,51.4,0.1,0.2,-0.1,79,1,0,2024-2025,laliga
aurelien tchouameni,Real Madrid,1869,92.3,95.2,94.5,75.7,0.6,0.9,-0.6,176,9,1,2024-2025,laliga
alvaro tejero,Espanyol,453,72.4,89.7,82.6,41.6,2.9,3.6,1.1,26,21,12,2024-2025,laliga
martin tejon,Valencia,20,76.9,83.3,80.0,50.0,0.0,0.0,0.0,2,0,0,2024-2025,laliga
nahuel tenaglia,Alavés,1017,72.1,85.7,75.4,41.8,1.6,1.4,-0.6,85,19,9,2024-2025,laliga
marcandre ter stegen,Barcelona,233,92.8,100.0,98.7,77.8,0.0,0.0,0.0,1,1,0,2024-2025,laliga
ramon terrats,Villarreal,64,81.0,96.6,77.1,58.3,0.3,0.4,-0.3,7,2,1,2024-2025,laliga
ramon terrats,Getafe,228,64.8,83.4,68.7,29.0,2.5,1.1,-1.5,29,9,3,2024-2025,laliga
raul de tomas,Rayo Vallecano,5,83.3,100.0,0.0,,0.0,0.0,0.0,0,0,0,2024-2025,laliga
pablo torre,Barcelona,180,81.8,88.9,89.0,52.4,0.8,1.3,0.2,13,4,1,2024-2025,laliga
david torres,Valladolid,589,82.5,94.1,89.8,51.3,0.0,0.1,0.0,27,1,1,2024-2025,laliga
ferran torres,Barcelona,267,74.2,85.4,78.0,36.7,3.1,2.6,2.9,17,18,2,2024-2025,laliga
lucas torro,Osasuna,1026,75.3,79.2,81.2,53.7,1.2,1.7,-1.2,114,5,0,2024-2025,laliga
hamari traore,Real Sociedad,381,82.8,91.5,81.7,66.0,0.2,0.4,0.8,17,5,2,2024-2025,laliga
oscar trejo,Rayo Vallecano,261,83.7,91.4,81.7,50.0,1.0,0.3,-1.0,30,5,0,2024-2025,laliga
viktor tsyhankov,Girona,646,74.2,86.8,74.1,44.1,3.9,4.3,1.1,38,24,6,2024-2025,laliga
benat turrientes,Real Sociedad,405,89.6,92.3,93.5,74.1,0.2,0.4,-0.2,40,2,1,2024-2025,laliga
christantus uche,Getafe,387,65.4,75.6,64.3,37.5,2.9,3.1,3.1,37,16,4,2024-2025,laliga
naci unuvar,Espanyol,13,72.2,87.5,100.0,50.0,0.0,0.1,0.0,1,1,1,2024-2025,laliga
oscar valentin,Rayo Vallecano,688,82.9,89.8,86.7,57.7,0.9,1.1,-0.9,74,6,1,2024-2025,laliga
german valera,Valencia,34,72.3,83.3,92.9,14.3,0.0,0.0,0.0,3,0,0,2024-2025,laliga
martin valjent,Mallorca,1195,85.9,91.9,94.0,57.4,0.1,0.5,-0.1,84,4,0,2024-2025,laliga
jesus vallejo,Real Madrid,60,89.6,100.0,90.2,50.0,0.1,0.2,0.9,5,1,0,2024-2025,laliga
federico valverde,Real Madrid,2010,89.9,93.8,93.8,75.6,3.1,3.2,0.9,232,31,2,2024-2025,laliga
siebe van der heyden,Mallorca,65,89.0,93.9,86.7,77.8,0.1,0.1,-0.1,7,1,1,2024-2025,laliga
ruben vargas,Sevilla,166,67.2,83.2,68.9,41.0,0.8,0.9,0.2,11,9,5,2024-2025,laliga
jose luis garcia vaya,Valencia,970,78.4,90.1,83.5,54.7,2.1,2.6,-0.1,163,6,3,2024-2025,laliga
jesus vazquez,Valencia,345,77.2,91.1,76.7,29.6,0.6,0.6,-0.6,18,3,2,2024-2025,laliga
lucas vazquez,Real Madrid,1415,87.1,92.8,87.9,63.6,4.7,3.9,0.3,65,29,2,2024-2025,laliga
alejo veliz,Espanyol,122,65.2,74.5,60.9,66.7,0.6,0.1,-0.6,9,0,0,2024-2025,laliga
mikel vesga,Athletic Club,429,79.6,88.6,82.1,59.5,1.0,0.7,-1.0,51,5,0,2024-2025,laliga
carlos vicente,Alavés,720,63.2,78.2,67.8,41.6,5.4,5.9,-0.4,36,38,29,2024-2025,laliga
pau victor,Barcelona,98,81.0,90.0,78.7,80.0,0.9,0.4,0.1,5,4,0,2024-2025,laliga
nacho vidal,Osasuna,37,75.5,91.3,72.7,63.6,0.0,0.0,0.0,1,0,0,2024-2025,laliga
fran vieites,Betis,76,63.9,100.0,100.0,35.8,0.0,0.0,0.0,2,0,0,2024-2025,laliga
sergio viera,Las Palmas,45,88.2,88.0,94.1,85.7,0.0,0.0,0.0,5,0,0,2024-2025,laliga
asier villalibre,Alavés,44,63.8,74.4,52.2,75.0,1.0,0.3,0.0,3,4,0,2024-2025,laliga
ivan villar,Celta Vigo,95,81.2,100.0,100.0,31.3,0.0,0.0,0.0,0,0,0,2024-2025,laliga
viti,Las Palmas,757,81.0,91.5,80.5,56.3,1.4,1.3,0.6,40,13,8,2024-2025,laliga
daniel vivian,Athletic Club,1526,87.1,89.8,94.3,64.0,0.4,0.7,-0.4,166,10,3,2024-2025,laliga
krapyvtsov vladyslav,Girona,53,75.7,100.0,94.1,53.1,0.0,0.0,0.0,1,0,0,2024-2025,laliga
inaki williams,Athletic Club,525,63.3,75.2,67.5,30.3,7.8,5.0,0.2,38,51,15,2024-2025,laliga
nico williams,Athletic Club,497,70.5,83.7,74.8,44.3,3.5,4.2,1.5,23,29,8,2024-2025,laliga
axel witsel,Atlético Madrid,494,90.6,91.4,92.3,82.5,0.5,0.7,0.5,17,0,0,2024-2025,laliga
lamine yamal,Barcelona,1161,74.8,86.2,73.0,44.8,13.9,11.6,-0.9,78,95,16,2024-2025,laliga
daniel yanez,Real Madrid,0,,,,,0.0,0.0,0.0,0,0,0,2024-2025,laliga
bertug yldrm,Getafe,101,54.3,56.6,60.0,44.4,1.2,0.6,-1.2,9,9,3,2024-2025,laliga
arsen zakharyan,Real Sociedad,28,84.8,85.0,85.7,80.0,0.1,0.1,-0.1,3,1,0,2024-2025,laliga
bryan zaragoza,Osasuna,358,64.6,78.8,66.8,49.5,3.2,5.1,2.8,23,34,20,2024-2025,laliga
igor zubeldia,Real Sociedad,1281,86.4,90.8,94.2,52.1,0.4,0.6,-0.4,93,6,0,2024-2025,laliga
martin zubimendi,Real Sociedad,1482,83.6,87.7,88.4,64.4,1.1,1.3,-0.1,172,23,1,2024-2025,laliga
