club,club_id,player,player_id,market_value_str,market_value_eur,player_url,player_norm,club_norm,season,competition_code
Paris Saint-Germain,583,Lucas Chevalier,463600,€40.00m,40000000.0,https://www.transfermarkt.com/lucas-chevalier/profil/spieler/463600,lucas chevalier,paris saint-germain,2025,FR1
Paris Saint-Germain,583,Matvey Safonov,318470,€18.00m,18000000.0,https://www.transfermarkt.com/matvey-safonov/profil/spieler/318470,matvey safonov,paris saint-germain,2025,FR1
Paris Saint-Germain,583,Renato Marin,1041614,€500k,500000.0,https://www.transfermarkt.com/renato-marin/profil/spieler/1041614,renato marin,paris saint-germain,2025,FR1
Paris Saint-Germain,583,Willian Pacho,661171,€65.00m,65000000.0,https://www.transfermarkt.com/willian-pacho/profil/spieler/661171,willian pacho,paris saint-germain,2025,FR1
Paris Saint-Germain,583,Ilya Zabarnyi,659089,€55.00m,55000000.0,https://www.transfermarkt.com/ilya-zabarnyi/profil/spieler/659089,ilya zabarnyi,paris saint-germain,2025,FR1
Paris Saint-Germain,583,Marquinhos,181767,€35.00m,35000000.0,https://www.transfermarkt.com/marquinhos/profil/spieler/181767,marquinhos,paris saint-germain,2025,FR1
Paris Saint-Germain,583,Lucas Beraldo,872171,€25.00m,25000000.0,https://www.transfermarkt.com/lucas-beraldo/profil/spieler/872171,lucas beraldo,paris saint-germain,2025,FR1
Paris Saint-Germain,583,Noham Kamara,1275040,€1.00m,1000000.0,https://www.transfermarkt.com/noham-kamara/profil/spieler/1275040,noham kamara,paris saint-germain,2025,FR1
Paris Saint-Germain,583,Nuno Mendes,616341,€75.00m,75000000.0,https://www.transfermarkt.com/nuno-mendes/profil/spieler/616341,nuno mendes,paris saint-germain,2025,FR1
Paris Saint-Germain,583,Lucas Hernández,281963,€25.00m,25000000.0,https://www.transfermarkt.com/lucas-hernandez/profil/spieler/281963,lucas hernandez,paris saint-germain,2025,FR1
Paris Saint-Germain,583,Achraf Hakimi,398073,€80.00m,80000000.0,https://www.transfermarkt.com/achraf-hakimi/profil/spieler/398073,achraf hakimi,paris saint-germain,2025,FR1
Paris Saint-Germain,583,Vitinha,487469,€90.00m,90000000.0,https://www.transfermarkt.com/vitinha/profil/spieler/487469,vitinha,paris saint-germain,2025,FR1
Paris Saint-Germain,583,João Neves,670681,€90.00m,90000000.0,https://www.transfermarkt.com/joao-neves/profil/spieler/670681,joao neves,paris saint-germain,2025,FR1
Paris Saint-Germain,583,Warren Zaïre-Emery,810092,€50.00m,50000000.0,https://www.transfermarkt.com/warren-zaire-emery/profil/spieler/810092,warren zaire-emery,paris saint-germain,2025,FR1
Paris Saint-Germain,583,Fabián Ruiz,350219,€40.00m,40000000.0,https://www.transfermarkt.com/fabian-ruiz/profil/spieler/350219,fabian ruiz,paris saint-germain,2025,FR1
Paris Saint-Germain,583,Senny Mayulu,903693,€25.00m,25000000.0,https://www.transfermarkt.com/senny-mayulu/profil/spieler/903693,senny mayulu,paris saint-germain,2025,FR1
Paris Saint-Germain,583,Kang-in Lee,557149,€25.00m,25000000.0,https://www.transfermarkt.com/kang-in-lee/profil/spieler/557149,kang-in lee,paris saint-germain,2025,FR1
Paris Saint-Germain,583,Khvicha Kvaratskhelia,502670,€90.00m,90000000.0,https://www.transfermarkt.com/khvicha-kvaratskhelia/profil/spieler/502670,khvicha kvaratskhelia,paris saint-germain,2025,FR1
Paris Saint-Germain,583,Bradley Barcola,708265,€70.00m,70000000.0,https://www.transfermarkt.com/bradley-barcola/profil/spieler/708265,bradley barcola,paris saint-germain,2025,FR1
Paris Saint-Germain,583,Quentin Ndjantou,1053208,€3.00m,3000000.0,https://www.transfermarkt.com/quentin-ndjantou/profil/spieler/1053208,quentin ndjantou,paris saint-germain,2025,FR1
Paris Saint-Germain,583,Désiré Doué,914562,€90.00m,90000000.0,https://www.transfermarkt.com/desire-doue/profil/spieler/914562,desire doue,paris saint-germain,2025,FR1
Paris Saint-Germain,583,Ibrahim Mbaye,1185888,€15.00m,15000000.0,https://www.transfermarkt.com/ibrahim-mbaye/profil/spieler/1185888,ibrahim mbaye,paris saint-germain,2025,FR1
Paris Saint-Germain,583,Ousmane Dembélé,288230,€100.00m,100000000.0,https://www.transfermarkt.com/ousmane-dembele/profil/spieler/288230,ousmane dembele,paris saint-germain,2025,FR1
Paris Saint-Germain,583,Gonçalo Ramos,550550,€40.00m,40000000.0,https://www.transfermarkt.com/goncalo-ramos/profil/spieler/550550,goncalo ramos,paris saint-germain,2025,FR1
Olympique Marseille,244,Gerónimo Rulli,229604,€8.00m,8000000.0,https://www.transfermarkt.com/geronimo-rulli/profil/spieler/229604,geronimo rulli,olympique marseille,2025,FR1
Olympique Marseille,244,Jeffrey de Lange,315253,€2.00m,2000000.0,https://www.transfermarkt.com/jeffrey-de-lange/profil/spieler/315253,jeffrey de lange,olympique marseille,2025,FR1
Olympique Marseille,244,Rubén Blanco,199321,€1.00m,1000000.0,https://www.transfermarkt.com/ruben-blanco/profil/spieler/199321,ruben blanco,olympique marseille,2025,FR1
Olympique Marseille,244,Jelle Van Neck,727086,€50k,50000.0,https://www.transfermarkt.com/jelle-van-neck/profil/spieler/727086,jelle van neck,olympique marseille,2025,FR1
Olympique Marseille,244,Facundo Medina,474800,€25.00m,25000000.0,https://www.transfermarkt.com/facundo-medina/profil/spieler/474800,facundo medina,olympique marseille,2025,FR1
Olympique Marseille,244,Leonardo Balerdi,575998,€20.00m,20000000.0,https://www.transfermarkt.com/leonardo-balerdi/profil/spieler/575998,leonardo balerdi,olympique marseille,2025,FR1
Olympique Marseille,244,Nayef Aguerd,361914,€20.00m,20000000.0,https://www.transfermarkt.com/nayef-aguerd/profil/spieler/361914,nayef aguerd,olympique marseille,2025,FR1
Olympique Marseille,244,Benjamin Pavard,353366,€20.00m,20000000.0,https://www.transfermarkt.com/benjamin-pavard/profil/spieler/353366,benjamin pavard,olympique marseille,2025,FR1
Olympique Marseille,244,CJ Egan-Riley,581669,€15.00m,15000000.0,https://www.transfermarkt.com/cj-egan-riley/profil/spieler/581669,cj egan-riley,olympique marseille,2025,FR1
Olympique Marseille,244,Emerson,181778,€10.00m,10000000.0,https://www.transfermarkt.com/emerson/profil/spieler/181778,emerson,olympique marseille,2025,FR1
Olympique Marseille,244,Ulisses Garcia,192616,€5.00m,5000000.0,https://www.transfermarkt.com/ulisses-garcia/profil/spieler/192616,ulisses garcia,olympique marseille,2025,FR1
Olympique Marseille,244,Amir Murillo,354482,€10.00m,10000000.0,https://www.transfermarkt.com/amir-murillo/profil/spieler/354482,amir murillo,olympique marseille,2025,FR1
Olympique Marseille,244,Pol Lirola,298975,€3.00m,3000000.0,https://www.transfermarkt.com/pol-lirola/profil/spieler/298975,pol lirola,olympique marseille,2025,FR1
Olympique Marseille,244,Arthur Vermeeren,926694,€22.00m,22000000.0,https://www.transfermarkt.com/arthur-vermeeren/profil/spieler/926694,arthur vermeeren,olympique marseille,2025,FR1
Olympique Marseille,244,Pierre-Emile Højbjerg,167799,€20.00m,20000000.0,https://www.transfermarkt.com/pierre-emile-hojbjerg/profil/spieler/167799,pierre-emile højbjerg,olympique marseille,2025,FR1
Olympique Marseille,244,Geoffrey Kondogbia,127189,€7.00m,7000000.0,https://www.transfermarkt.com/geoffrey-kondogbia/profil/spieler/127189,geoffrey kondogbia,olympique marseille,2025,FR1
Olympique Marseille,244,Matt O'Riley,406634,€22.00m,22000000.0,https://www.transfermarkt.com/matt-oriley/profil/spieler/406634,matt o'riley,olympique marseille,2025,FR1
Olympique Marseille,244,Bilal Nadir,659520,€9.00m,9000000.0,https://www.transfermarkt.com/bilal-nadir/profil/spieler/659520,bilal nadir,olympique marseille,2025,FR1
Olympique Marseille,244,Angel Gomes,392770,€20.00m,20000000.0,https://www.transfermarkt.com/angel-gomes/profil/spieler/392770,angel gomes,olympique marseille,2025,FR1
Olympique Marseille,244,Darryl Bakola,1170286,€1.00m,1000000.0,https://www.transfermarkt.com/darryl-bakola/profil/spieler/1170286,darryl bakola,olympique marseille,2025,FR1
Olympique Marseille,244,Igor Paixão,653610,€35.00m,35000000.0,https://www.transfermarkt.com/igor-paixao/profil/spieler/653610,igor paixao,olympique marseille,2025,FR1
Olympique Marseille,244,Hamed Traoré,391065,€20.00m,20000000.0,https://www.transfermarkt.com/hamed-traore/profil/spieler/391065,hamed traore,olympique marseille,2025,FR1
Olympique Marseille,244,Mason Greenwood,532826,€40.00m,40000000.0,https://www.transfermarkt.com/mason-greenwood/profil/spieler/532826,mason greenwood,olympique marseille,2025,FR1
Olympique Marseille,244,Timothy Weah,370846,€20.00m,20000000.0,https://www.transfermarkt.com/timothy-weah/profil/spieler/370846,timothy weah,olympique marseille,2025,FR1
Olympique Marseille,244,Amine Gouiri,418659,€30.00m,30000000.0,https://www.transfermarkt.com/amine-gouiri/profil/spieler/418659,amine gouiri,olympique marseille,2025,FR1
Olympique Marseille,244,Neal Maupay,217115,€5.00m,5000000.0,https://www.transfermarkt.com/neal-maupay/profil/spieler/217115,neal maupay,olympique marseille,2025,FR1
Olympique Marseille,244,Robinio Vaz,1131161,€4.00m,4000000.0,https://www.transfermarkt.com/robinio-vaz/profil/spieler/1131161,robinio vaz,olympique marseille,2025,FR1
Olympique Marseille,244,Pierre-Emerick Aubameyang,58864,€3.50m,3500000.0,https://www.transfermarkt.com/pierre-emerick-aubameyang/profil/spieler/58864,pierre-emerick aubameyang,olympique marseille,2025,FR1
AS Monaco,162,Philipp Köhn,251322,€5.00m,5000000.0,https://www.transfermarkt.com/philipp-kohn/profil/spieler/251322,philipp kohn,as monaco,2025,FR1
AS Monaco,162,Lukas Hradecky,48015,€2.00m,2000000.0,https://www.transfermarkt.com/lukas-hradecky/profil/spieler/48015,lukas hradecky,as monaco,2025,FR1
AS Monaco,162,Jules Stawiecki,1075582,€200k,200000.0,https://www.transfermarkt.com/jules-stawiecki/profil/spieler/1075582,jules stawiecki,as monaco,2025,FR1
AS Monaco,162,Yann Lienard,745341,€100k,100000.0,https://www.transfermarkt.com/yann-lienard/profil/spieler/745341,yann lienard,as monaco,2025,FR1
AS Monaco,162,Thilo Kehrer,228948,€20.00m,20000000.0,https://www.transfermarkt.com/thilo-kehrer/profil/spieler/228948,thilo kehrer,as monaco,2025,FR1
AS Monaco,162,Christian Mawissa,1005240,€15.00m,15000000.0,https://www.transfermarkt.com/christian-mawissa/profil/spieler/1005240,christian mawissa,as monaco,2025,FR1
AS Monaco,162,Mohammed Salisu,563963,€10.00m,10000000.0,https://www.transfermarkt.com/mohammed-salisu/profil/spieler/563963,mohammed salisu,as monaco,2025,FR1
AS Monaco,162,Eric Dier,175722,€8.00m,8000000.0,https://www.transfermarkt.com/eric-dier/profil/spieler/175722,eric dier,as monaco,2025,FR1
AS Monaco,162,Caio Henrique,420064,€15.00m,15000000.0,https://www.transfermarkt.com/caio-henrique/profil/spieler/420064,caio henrique,as monaco,2025,FR1
AS Monaco,162,Kassoum Ouattara,947360,€7.00m,7000000.0,https://www.transfermarkt.com/kassoum-ouattara/profil/spieler/947360,kassoum ouattara,as monaco,2025,FR1
AS Monaco,162,Vanderson,789082,€20.00m,20000000.0,https://www.transfermarkt.com/vanderson/profil/spieler/789082,vanderson,as monaco,2025,FR1
AS Monaco,162,Jordan Teze,364245,€9.00m,9000000.0,https://www.transfermarkt.com/jordan-teze/profil/spieler/364245,jordan teze,as monaco,2025,FR1
AS Monaco,162,Denis Zakaria,334526,€30.00m,30000000.0,https://www.transfermarkt.com/denis-zakaria/profil/spieler/334526,denis zakaria,as monaco,2025,FR1
AS Monaco,162,Aladji Bamba,975347,€2.50m,2500000.0,https://www.transfermarkt.com/aladji-bamba/profil/spieler/975347,aladji bamba,as monaco,2025,FR1
AS Monaco,162,Lamine Camara,918969,€30.00m,30000000.0,https://www.transfermarkt.com/lamine-camara/profil/spieler/918969,lamine camara,as monaco,2025,FR1
AS Monaco,162,Paul Pogba,122153,€5.00m,5000000.0,https://www.transfermarkt.com/paul-pogba/profil/spieler/122153,paul pogba,as monaco,2025,FR1
AS Monaco,162,Mamadou Coulibaly,745173,€4.00m,4000000.0,https://www.transfermarkt.com/mamadou-coulibaly/profil/spieler/745173,mamadou coulibaly,as monaco,2025,FR1
AS Monaco,162,Aleksandr Golovin,263918,€20.00m,20000000.0,https://www.transfermarkt.com/aleksandr-golovin/profil/spieler/263918,aleksandr golovin,as monaco,2025,FR1
AS Monaco,162,Stanis Idumbo,743387,€5.00m,5000000.0,https://www.transfermarkt.com/stanis-idumbo/profil/spieler/743387,stanis idumbo,as monaco,2025,FR1
AS Monaco,162,Takumi Minamino,165793,€15.00m,15000000.0,https://www.transfermarkt.com/takumi-minamino/profil/spieler/165793,takumi minamino,as monaco,2025,FR1
AS Monaco,162,Ansu Fati,466810,€10.00m,10000000.0,https://www.transfermarkt.com/ansu-fati/profil/spieler/466810,ansu fati,as monaco,2025,FR1
AS Monaco,162,Lucas Michal,810909,€1.00m,1000000.0,https://www.transfermarkt.com/lucas-michal/profil/spieler/810909,lucas michal,as monaco,2025,FR1
AS Monaco,162,Maghnes Akliouche,745200,€45.00m,45000000.0,https://www.transfermarkt.com/maghnes-akliouche/profil/spieler/745200,maghnes akliouche,as monaco,2025,FR1
AS Monaco,162,Krépin Diatta,490426,€5.00m,5000000.0,https://www.transfermarkt.com/krepin-diatta/profil/spieler/490426,krepin diatta,as monaco,2025,FR1
AS Monaco,162,Mika Biereth,565821,€30.00m,30000000.0,https://www.transfermarkt.com/mika-biereth/profil/spieler/565821,mika biereth,as monaco,2025,FR1
AS Monaco,162,Folarin Balogun,503770,€18.00m,18000000.0,https://www.transfermarkt.com/folarin-balogun/profil/spieler/503770,folarin balogun,as monaco,2025,FR1
AS Monaco,162,George Ilenikhena,1004834,€15.00m,15000000.0,https://www.transfermarkt.com/george-ilenikhena/profil/spieler/1004834,george ilenikhena,as monaco,2025,FR1
AS Monaco,162,Paris Brunner,918414,€1.50m,1500000.0,https://www.transfermarkt.com/paris-brunner/profil/spieler/918414,paris brunner,as monaco,2025,FR1
RC Strasbourg Alsace,667,Mike Penders,834397,€12.00m,12000000.0,https://www.transfermarkt.com/mike-penders/profil/spieler/834397,mike penders,rc strasbourg alsace,2025,FR1
RC Strasbourg Alsace,667,Stefan Bajic,465836,€600k,600000.0,https://www.transfermarkt.com/stefan-bajic/profil/spieler/465836,stefan bajic,rc strasbourg alsace,2025,FR1
RC Strasbourg Alsace,667,Karl-Johan Johnsson,112822,€300k,300000.0,https://www.transfermarkt.com/karl-johan-johnsson/profil/spieler/112822,karl-johan johnsson,rc strasbourg alsace,2025,FR1
RC Strasbourg Alsace,667,Mamadou Sarr,910905,€20.00m,20000000.0,https://www.transfermarkt.com/mamadou-sarr/profil/spieler/910905,mamadou sarr,rc strasbourg alsace,2025,FR1
RC Strasbourg Alsace,667,Ismaël Doukouré,786436,€18.00m,18000000.0,https://www.transfermarkt.com/ismael-doukoure/profil/spieler/786436,ismael doukoure,rc strasbourg alsace,2025,FR1
RC Strasbourg Alsace,667,Lucas Høgsberg,926978,€10.00m,10000000.0,https://www.transfermarkt.com/lucas-hogsberg/profil/spieler/926978,lucas høgsberg,rc strasbourg alsace,2025,FR1
RC Strasbourg Alsace,667,Andrew Omobamidele,621993,€8.00m,8000000.0,https://www.transfermarkt.com/andrew-omobamidele/profil/spieler/621993,andrew omobamidele,rc strasbourg alsace,2025,FR1
RC Strasbourg Alsace,667,Abakar Sylla,962555,€5.00m,5000000.0,https://www.transfermarkt.com/abakar-sylla/profil/spieler/962555,abakar sylla,rc strasbourg alsace,2025,FR1
RC Strasbourg Alsace,667,Saïdou Sow,807128,€4.00m,4000000.0,https://www.transfermarkt.com/saidou-sow/profil/spieler/807128,saidou sow,rc strasbourg alsace,2025,FR1
RC Strasbourg Alsace,667,Ben Chilwell,316125,€15.00m,15000000.0,https://www.transfermarkt.com/ben-chilwell/profil/spieler/316125,ben chilwell,rc strasbourg alsace,2025,FR1
RC Strasbourg Alsace,667,Eduard Sobol,206717,€900k,900000.0,https://www.transfermarkt.com/eduard-sobol/profil/spieler/206717,eduard sobol,rc strasbourg alsace,2025,FR1
RC Strasbourg Alsace,667,Guéla Doué,711980,€18.00m,18000000.0,https://www.transfermarkt.com/guela-doue/profil/spieler/711980,guela doue,rc strasbourg alsace,2025,FR1
RC Strasbourg Alsace,667,Maxi Oyedele,863204,€4.00m,4000000.0,https://www.transfermarkt.com/maxi-oyedele/profil/spieler/863204,maxi oyedele,rc strasbourg alsace,2025,FR1
RC Strasbourg Alsace,667,Rafael Luís,637803,€4.00m,4000000.0,https://www.transfermarkt.com/rafael-luis/profil/spieler/637803,rafael luis,rc strasbourg alsace,2025,FR1
RC Strasbourg Alsace,667,Rabby Nzingoula,1068110,€2.50m,2500000.0,https://www.transfermarkt.com/rabby-nzingoula/profil/spieler/1068110,rabby nzingoula,rc strasbourg alsace,2025,FR1
RC Strasbourg Alsace,667,Valentín Barco,849410,€15.00m,15000000.0,https://www.transfermarkt.com/valentin-barco/profil/spieler/849410,valentin barco,rc strasbourg alsace,2025,FR1
RC Strasbourg Alsace,667,Mathis Amougou,1010854,€10.00m,10000000.0,https://www.transfermarkt.com/mathis-amougou/profil/spieler/1010854,mathis amougou,rc strasbourg alsace,2025,FR1
RC Strasbourg Alsace,667,Samir El Mourabet,1130514,€2.00m,2000000.0,https://www.transfermarkt.com/samir-el-mourabet/profil/spieler/1130514,samir el mourabet,rc strasbourg alsace,2025,FR1
RC Strasbourg Alsace,667,Diego Moreira,655006,€18.00m,18000000.0,https://www.transfermarkt.com/diego-moreira/profil/spieler/655006,diego moreira,rc strasbourg alsace,2025,FR1
RC Strasbourg Alsace,667,Sebastian Nanasi,579928,€18.00m,18000000.0,https://www.transfermarkt.com/sebastian-nanasi/profil/spieler/579928,sebastian nanasi,rc strasbourg alsace,2025,FR1
RC Strasbourg Alsace,667,Julio Enciso,660867,€22.00m,22000000.0,https://www.transfermarkt.com/julio-enciso/profil/spieler/660867,julio enciso,rc strasbourg alsace,2025,FR1
RC Strasbourg Alsace,667,Kendry Páez,1052439,€10.00m,10000000.0,https://www.transfermarkt.com/kendry-paez/profil/spieler/1052439,kendry paez,rc strasbourg alsace,2025,FR1
RC Strasbourg Alsace,667,Félix Lemaréchal,659518,€10.00m,10000000.0,https://www.transfermarkt.com/felix-lemarechal/profil/spieler/659518,felix lemarechal,rc strasbourg alsace,2025,FR1
RC Strasbourg Alsace,667,Martial Godo,992686,€4.00m,4000000.0,https://www.transfermarkt.com/martial-godo/profil/spieler/992686,martial godo,rc strasbourg alsace,2025,FR1
RC Strasbourg Alsace,667,Samuel Amo-Ameyaw,933900,€6.00m,6000000.0,https://www.transfermarkt.com/samuel-amo-ameyaw/profil/spieler/933900,samuel amo-ameyaw,rc strasbourg alsace,2025,FR1
RC Strasbourg Alsace,667,Abdoul Ouattara,991487,€4.00m,4000000.0,https://www.transfermarkt.com/abdoul-ouattara/profil/spieler/991487,abdoul ouattara,rc strasbourg alsace,2025,FR1
RC Strasbourg Alsace,667,Emmanuel Emegha,559328,€25.00m,25000000.0,https://www.transfermarkt.com/emmanuel-emegha/profil/spieler/559328,emmanuel emegha,rc strasbourg alsace,2025,FR1
RC Strasbourg Alsace,667,Joaquín Panichelli,1064871,€12.00m,12000000.0,https://www.transfermarkt.com/joaquin-panichelli/profil/spieler/1064871,joaquin panichelli,rc strasbourg alsace,2025,FR1
LOSC Lille,1082,Berke Özer,361256,€8.00m,8000000.0,https://www.transfermarkt.com/berke-ozer/profil/spieler/361256,berke ozer,losc lille,2025,FR1
LOSC Lille,1082,Arnaud Bodart,417278,€2.50m,2500000.0,https://www.transfermarkt.com/arnaud-bodart/profil/spieler/417278,arnaud bodart,losc lille,2025,FR1
LOSC Lille,1082,Marc-Aurèle Caillard,205465,€100k,100000.0,https://www.transfermarkt.com/marc-aurele-caillard/profil/spieler/205465,marc-aurele caillard,losc lille,2025,FR1
LOSC Lille,1082,Alexsandro,648020,€20.00m,20000000.0,https://www.transfermarkt.com/alexsandro/profil/spieler/648020,alexsandro,losc lille,2025,FR1
LOSC Lille,1082,Nathan Ngoy,548254,€7.00m,7000000.0,https://www.transfermarkt.com/nathan-ngoy/profil/spieler/548254,nathan ngoy,losc lille,2025,FR1
LOSC Lille,1082,Chancel Mbemba,203348,€2.00m,2000000.0,https://www.transfermarkt.com/chancel-mbemba/profil/spieler/203348,chancel mbemba,losc lille,2025,FR1
LOSC Lille,1082,Aïssa Mandi,80293,€1.20m,1200000.0,https://www.transfermarkt.com/aissa-mandi/profil/spieler/80293,aissa mandi,losc lille,2025,FR1
LOSC Lille,1082,Rafael Fernandes,744074,€800k,800000.0,https://www.transfermarkt.com/rafael-fernandes/profil/spieler/744074,rafael fernandes,losc lille,2025,FR1
LOSC Lille,1082,Ousmane Touré,990732,€500k,500000.0,https://www.transfermarkt.com/ousmane-toure/profil/spieler/990732,ousmane toure,losc lille,2025,FR1
LOSC Lille,1082,Romain Perraud,318523,€5.00m,5000000.0,https://www.transfermarkt.com/romain-perraud/profil/spieler/318523,romain perraud,losc lille,2025,FR1
LOSC Lille,1082,Calvin Verdonk,258364,€3.00m,3000000.0,https://www.transfermarkt.com/calvin-verdonk/profil/spieler/258364,calvin verdonk,losc lille,2025,FR1
LOSC Lille,1082,Tiago Santos,816580,€15.00m,15000000.0,https://www.transfermarkt.com/tiago-santos/profil/spieler/816580,tiago santos,losc lille,2025,FR1
LOSC Lille,1082,Thomas Meunier,100986,€2.00m,2000000.0,https://www.transfermarkt.com/thomas-meunier/profil/spieler/100986,thomas meunier,losc lille,2025,FR1
LOSC Lille,1082,Ngal'ayel Mukau,1016015,€15.00m,15000000.0,https://www.transfermarkt.com/ngalayel-mukau/profil/spieler/1016015,ngal'ayel mukau,losc lille,2025,FR1
LOSC Lille,1082,Nabil Bentaleb,245537,€6.00m,6000000.0,https://www.transfermarkt.com/nabil-bentaleb/profil/spieler/245537,nabil bentaleb,losc lille,2025,FR1
LOSC Lille,1082,Benjamin André,84301,€5.00m,5000000.0,https://www.transfermarkt.com/benjamin-andre/profil/spieler/84301,benjamin andre,losc lille,2025,FR1
LOSC Lille,1082,Ugo Raghouber,707230,€4.00m,4000000.0,https://www.transfermarkt.com/ugo-raghouber/profil/spieler/707230,ugo raghouber,losc lille,2025,FR1
LOSC Lille,1082,Ayyoub Bouaddi,1097139,€30.00m,30000000.0,https://www.transfermarkt.com/ayyoub-bouaddi/profil/spieler/1097139,ayyoub bouaddi,losc lille,2025,FR1
LOSC Lille,1082,André Gomes,221025,€6.00m,6000000.0,https://www.transfermarkt.com/andre-gomes/profil/spieler/221025,andre gomes,losc lille,2025,FR1
LOSC Lille,1082,Ethan Mbappé,903666,€5.00m,5000000.0,https://www.transfermarkt.com/ethan-mbappe/profil/spieler/903666,ethan mbappe,losc lille,2025,FR1
LOSC Lille,1082,Hákon Arnar Haraldsson,652275,€18.00m,18000000.0,https://www.transfermarkt.com/hakon-arnar-haraldsson/profil/spieler/652275,hakon arnar haraldsson,losc lille,2025,FR1
LOSC Lille,1082,Matías Fernández-Pardo,724129,€20.00m,20000000.0,https://www.transfermarkt.com/matias-fernandez-pardo/profil/spieler/724129,matias fernandez-pardo,losc lille,2025,FR1
LOSC Lille,1082,Osame Sahraoui,580657,€12.00m,12000000.0,https://www.transfermarkt.com/osame-sahraoui/profil/spieler/580657,osame sahraoui,losc lille,2025,FR1
LOSC Lille,1082,Félix Correia,479648,€7.00m,7000000.0,https://www.transfermarkt.com/felix-correia/profil/spieler/479648,felix correia,losc lille,2025,FR1
LOSC Lille,1082,Marius Broholm,903359,€7.00m,7000000.0,https://www.transfermarkt.com/marius-broholm/profil/spieler/903359,marius broholm,losc lille,2025,FR1
LOSC Lille,1082,Hamza Igamane,885445,€12.00m,12000000.0,https://www.transfermarkt.com/hamza-igamane/profil/spieler/885445,hamza igamane,losc lille,2025,FR1
LOSC Lille,1082,Olivier Giroud,82442,€1.50m,1500000.0,https://www.transfermarkt.com/olivier-giroud/profil/spieler/82442,olivier giroud,losc lille,2025,FR1
Olympique Lyon,1041,Dominik Greif,316884,€6.00m,6000000.0,https://www.transfermarkt.com/dominik-greif/profil/spieler/316884,dominik greif,olympique lyon,2025,FR1
Olympique Lyon,1041,Rémy Descamps,282028,€2.00m,2000000.0,https://www.transfermarkt.com/remy-descamps/profil/spieler/282028,remy descamps,olympique lyon,2025,FR1
Olympique Lyon,1041,Lassine Diarra,1071430,€50k,50000.0,https://www.transfermarkt.com/lassine-diarra/profil/spieler/1071430,lassine diarra,olympique lyon,2025,FR1
Olympique Lyon,1041,Moussa Niakhaté,291200,€15.00m,15000000.0,https://www.transfermarkt.com/moussa-niakhate/profil/spieler/291200,moussa niakhate,olympique lyon,2025,FR1
Olympique Lyon,1041,Clinton Mata,187718,€3.50m,3500000.0,https://www.transfermarkt.com/clinton-mata/profil/spieler/187718,clinton mata,olympique lyon,2025,FR1
Olympique Lyon,1041,Ruben Kluivert,578421,€2.50m,2500000.0,https://www.transfermarkt.com/ruben-kluivert/profil/spieler/578421,ruben kluivert,olympique lyon,2025,FR1
Olympique Lyon,1041,Abner,646402,€7.00m,7000000.0,https://www.transfermarkt.com/abner/profil/spieler/646402,abner,olympique lyon,2025,FR1
Olympique Lyon,1041,Nicolás Tagliafico,131225,€6.00m,6000000.0,https://www.transfermarkt.com/nicolas-tagliafico/profil/spieler/131225,nicolas tagliafico,olympique lyon,2025,FR1
Olympique Lyon,1041,Achraf Laâziri,902862,€800k,800000.0,https://www.transfermarkt.com/achraf-laaziri/profil/spieler/902862,achraf laaziri,olympique lyon,2025,FR1
Olympique Lyon,1041,Ainsley Maitland-Niles,285845,€12.00m,12000000.0,https://www.transfermarkt.com/ainsley-maitland-niles/profil/spieler/285845,ainsley maitland-niles,olympique lyon,2025,FR1
Olympique Lyon,1041,Hans Hateboer,275303,€2.50m,2500000.0,https://www.transfermarkt.com/hans-hateboer/profil/spieler/275303,hans hateboer,olympique lyon,2025,FR1
Olympique Lyon,1041,Téo Barišić,979773,-,,https://www.transfermarkt.com/teo-barisic/profil/spieler/979773,teo barisic,olympique lyon,2025,FR1
Olympique Lyon,1041,Orel Mangala,289592,€15.00m,15000000.0,https://www.transfermarkt.com/orel-mangala/profil/spieler/289592,orel mangala,olympique lyon,2025,FR1
Olympique Lyon,1041,Tyler Morton,618494,€12.00m,12000000.0,https://www.transfermarkt.com/tyler-morton/profil/spieler/618494,tyler morton,olympique lyon,2025,FR1
Olympique Lyon,1041,Tanner Tessmann,670096,€10.00m,10000000.0,https://www.transfermarkt.com/tanner-tessmann/profil/spieler/670096,tanner tessmann,olympique lyon,2025,FR1
Olympique Lyon,1041,Mathys De Carvalho,1004486,€1.00m,1000000.0,https://www.transfermarkt.com/mathys-de-carvalho/profil/spieler/1004486,mathys de carvalho,olympique lyon,2025,FR1
Olympique Lyon,1041,Corentin Tolisso,190393,€12.00m,12000000.0,https://www.transfermarkt.com/corentin-tolisso/profil/spieler/190393,corentin tolisso,olympique lyon,2025,FR1
Olympique Lyon,1041,Khalis Merah,1187942,€6.00m,6000000.0,https://www.transfermarkt.com/khalis-merah/profil/spieler/1187942,khalis merah,olympique lyon,2025,FR1
Olympique Lyon,1041,Pavel Sulc,500053,€10.00m,10000000.0,https://www.transfermarkt.com/pavel-sulc/profil/spieler/500053,pavel sulc,olympique lyon,2025,FR1
Olympique Lyon,1041,Adam Karabec,652061,€6.00m,6000000.0,https://www.transfermarkt.com/adam-karabec/profil/spieler/652061,adam karabec,olympique lyon,2025,FR1
Olympique Lyon,1041,Malick Fofana,743386,€30.00m,30000000.0,https://www.transfermarkt.com/malick-fofana/profil/spieler/743386,malick fofana,olympique lyon,2025,FR1
Olympique Lyon,1041,Afonso Moreira,952282,€400k,400000.0,https://www.transfermarkt.com/afonso-moreira/profil/spieler/952282,afonso moreira,olympique lyon,2025,FR1
Olympique Lyon,1041,Ernest Nuamah,955070,€15.00m,15000000.0,https://www.transfermarkt.com/ernest-nuamah/profil/spieler/955070,ernest nuamah,olympique lyon,2025,FR1
Olympique Lyon,1041,Rachid Ghezzal,118287,€800k,800000.0,https://www.transfermarkt.com/rachid-ghezzal/profil/spieler/118287,rachid ghezzal,olympique lyon,2025,FR1
Olympique Lyon,1041,Martín Satriano,640109,€5.00m,5000000.0,https://www.transfermarkt.com/martin-satriano/profil/spieler/640109,martin satriano,olympique lyon,2025,FR1
Olympique Lyon,1041,Enzo Molebe,1106860,€100k,100000.0,https://www.transfermarkt.com/enzo-molebe/profil/spieler/1106860,enzo molebe,olympique lyon,2025,FR1
Olympique Lyon,1041,Alejandro Gomes Rodríguez,1108478,€100k,100000.0,https://www.transfermarkt.com/alejandro-gomes-rodriguez/profil/spieler/1108478,alejandro gomes rodriguez,olympique lyon,2025,FR1
OGC Nice,417,Yehvann Diouf,448632,€12.00m,12000000.0,https://www.transfermarkt.com/yehvann-diouf/profil/spieler/448632,yehvann diouf,ogc nice,2025,FR1
OGC Nice,417,Maxime Dupé,127188,€900k,900000.0,https://www.transfermarkt.com/maxime-dupe/profil/spieler/127188,maxime dupe,ogc nice,2025,FR1
OGC Nice,417,Bartosz Zelazowski,828889,-,,https://www.transfermarkt.com/bartosz-zelazowski/profil/spieler/828889,bartosz zelazowski,ogc nice,2025,FR1
OGC Nice,417,Youssouf Ndayishimiye,674612,€10.00m,10000000.0,https://www.transfermarkt.com/youssouf-ndayishimiye/profil/spieler/674612,youssouf ndayishimiye,ogc nice,2025,FR1
OGC Nice,417,Moïse Bombito,1089202,€10.00m,10000000.0,https://www.transfermarkt.com/moise-bombito/profil/spieler/1089202,moise bombito,ogc nice,2025,FR1
OGC Nice,417,Juma Bah,1121298,€6.00m,6000000.0,https://www.transfermarkt.com/juma-bah/profil/spieler/1121298,juma bah,ogc nice,2025,FR1
OGC Nice,417,Mohamed Abdelmonem,566025,€3.00m,3000000.0,https://www.transfermarkt.com/mohamed-abdelmonem/profil/spieler/566025,mohamed abdelmonem,ogc nice,2025,FR1
OGC Nice,417,Antoine Mendy,891998,€3.00m,3000000.0,https://www.transfermarkt.com/antoine-mendy/profil/spieler/891998,antoine mendy,ogc nice,2025,FR1
OGC Nice,417,Kojo Peprah Oppong,1113451,€3.00m,3000000.0,https://www.transfermarkt.com/kojo-peprah-oppong/profil/spieler/1113451,kojo peprah oppong,ogc nice,2025,FR1
OGC Nice,417,Dante,16136,€500k,500000.0,https://www.transfermarkt.com/dante/profil/spieler/16136,dante,ogc nice,2025,FR1
OGC Nice,417,Melvin Bard,532775,€15.00m,15000000.0,https://www.transfermarkt.com/melvin-bard/profil/spieler/532775,melvin bard,ogc nice,2025,FR1
OGC Nice,417,Ali Abdi,211474,€3.00m,3000000.0,https://www.transfermarkt.com/ali-abdi/profil/spieler/211474,ali abdi,ogc nice,2025,FR1
OGC Nice,417,Jonathan Clauss,175639,€5.00m,5000000.0,https://www.transfermarkt.com/jonathan-clauss/profil/spieler/175639,jonathan clauss,ogc nice,2025,FR1
OGC Nice,417,Charles Vanhoutte,569845,€7.00m,7000000.0,https://www.transfermarkt.com/charles-vanhoutte/profil/spieler/569845,charles vanhoutte,ogc nice,2025,FR1
OGC Nice,417,Salis Abdul Samed,688707,€5.00m,5000000.0,https://www.transfermarkt.com/salis-abdul-samed/profil/spieler/688707,salis abdul samed,ogc nice,2025,FR1
OGC Nice,417,Hicham Boudaoui,560593,€15.00m,15000000.0,https://www.transfermarkt.com/hicham-boudaoui/profil/spieler/560593,hicham boudaoui,ogc nice,2025,FR1
OGC Nice,417,Morgan Sanson,174094,€5.00m,5000000.0,https://www.transfermarkt.com/morgan-sanson/profil/spieler/174094,morgan sanson,ogc nice,2025,FR1
OGC Nice,417,Tanguy Ndombélé,450936,€4.00m,4000000.0,https://www.transfermarkt.com/tanguy-ndombele/profil/spieler/450936,tanguy ndombele,ogc nice,2025,FR1
OGC Nice,417,Djibril Coulibaly,1208968,€500k,500000.0,https://www.transfermarkt.com/djibril-coulibaly/profil/spieler/1208968,djibril coulibaly,ogc nice,2025,FR1
OGC Nice,417,Tom Louchet,750904,€5.00m,5000000.0,https://www.transfermarkt.com/tom-louchet/profil/spieler/750904,tom louchet,ogc nice,2025,FR1
OGC Nice,417,Gabin Bernardeau,1254786,€600k,600000.0,https://www.transfermarkt.com/gabin-bernardeau/profil/spieler/1254786,gabin bernardeau,ogc nice,2025,FR1
OGC Nice,417,Jérémie Boga,216569,€10.00m,10000000.0,https://www.transfermarkt.com/jeremie-boga/profil/spieler/216569,jeremie boga,ogc nice,2025,FR1
OGC Nice,417,Sofiane Diop,569389,€8.00m,8000000.0,https://www.transfermarkt.com/sofiane-diop/profil/spieler/569389,sofiane diop,ogc nice,2025,FR1
OGC Nice,417,Isak Jansson,535820,€6.00m,6000000.0,https://www.transfermarkt.com/isak-jansson/profil/spieler/535820,isak jansson,ogc nice,2025,FR1
OGC Nice,417,Mohamed-Ali Cho,670847,€15.00m,15000000.0,https://www.transfermarkt.com/mohamed-ali-cho/profil/spieler/670847,mohamed-ali cho,ogc nice,2025,FR1
OGC Nice,417,Tiago Gouveia,479638,€4.00m,4000000.0,https://www.transfermarkt.com/tiago-gouveia/profil/spieler/479638,tiago gouveia,ogc nice,2025,FR1
OGC Nice,417,Terem Moffi,538874,€15.00m,15000000.0,https://www.transfermarkt.com/terem-moffi/profil/spieler/538874,terem moffi,ogc nice,2025,FR1
OGC Nice,417,Kevin Carlos,718201,€6.00m,6000000.0,https://www.transfermarkt.com/kevin-carlos/profil/spieler/718201,kevin carlos,ogc nice,2025,FR1
OGC Nice,417,Bernard Nguene,1314671,€100k,100000.0,https://www.transfermarkt.com/bernard-nguene/profil/spieler/1314671,bernard nguene,ogc nice,2025,FR1
Stade Rennais FC,273,Brice Samba,191056,€12.00m,12000000.0,https://www.transfermarkt.com/brice-samba/profil/spieler/191056,brice samba,stade rennais fc,2025,FR1
Stade Rennais FC,273,Gauthier Gallon,193256,€800k,800000.0,https://www.transfermarkt.com/gauthier-gallon/profil/spieler/193256,gauthier gallon,stade rennais fc,2025,FR1
Stade Rennais FC,273,Mathys Silistrie,979761,-,,https://www.transfermarkt.com/mathys-silistrie/profil/spieler/979761,mathys silistrie,stade rennais fc,2025,FR1
Stade Rennais FC,273,Jérémy Jacquet,1004301,€12.00m,12000000.0,https://www.transfermarkt.com/jeremy-jacquet/profil/spieler/1004301,jeremy jacquet,stade rennais fc,2025,FR1
Stade Rennais FC,273,Lilian Brassier,485960,€10.00m,10000000.0,https://www.transfermarkt.com/lilian-brassier/profil/spieler/485960,lilian brassier,stade rennais fc,2025,FR1
Stade Rennais FC,273,Anthony Rouault,690799,€10.00m,10000000.0,https://www.transfermarkt.com/anthony-rouault/profil/spieler/690799,anthony rouault,stade rennais fc,2025,FR1
Stade Rennais FC,273,Alidu Seidu,798404,€6.00m,6000000.0,https://www.transfermarkt.com/alidu-seidu/profil/spieler/798404,alidu seidu,stade rennais fc,2025,FR1
Stade Rennais FC,273,Abdelhamid Ait Boudlal,1134251,€1.50m,1500000.0,https://www.transfermarkt.com/abdelhamid-ait-boudlal/profil/spieler/1134251,abdelhamid ait boudlal,stade rennais fc,2025,FR1
Stade Rennais FC,273,Quentin Merlin,557613,€15.00m,15000000.0,https://www.transfermarkt.com/quentin-merlin/profil/spieler/557613,quentin merlin,stade rennais fc,2025,FR1
Stade Rennais FC,273,Mahamadou Nagida,1176345,€800k,800000.0,https://www.transfermarkt.com/mahamadou-nagida/profil/spieler/1176345,mahamadou nagida,stade rennais fc,2025,FR1
Stade Rennais FC,273,Przemyslaw Frankowski,239743,€7.00m,7000000.0,https://www.transfermarkt.com/przemyslaw-frankowski/profil/spieler/239743,przemyslaw frankowski,stade rennais fc,2025,FR1
Stade Rennais FC,273,Djaoui Cissé,931160,€10.00m,10000000.0,https://www.transfermarkt.com/djaoui-cisse/profil/spieler/931160,djaoui cisse,stade rennais fc,2025,FR1
Stade Rennais FC,273,Seko Fofana,182893,€10.00m,10000000.0,https://www.transfermarkt.com/seko-fofana/profil/spieler/182893,seko fofana,stade rennais fc,2025,FR1
Stade Rennais FC,273,Valentin Rongier,332889,€9.00m,9000000.0,https://www.transfermarkt.com/valentin-rongier/profil/spieler/332889,valentin rongier,stade rennais fc,2025,FR1
Stade Rennais FC,273,Mahdi Camara,324795,€9.00m,9000000.0,https://www.transfermarkt.com/mahdi-camara/profil/spieler/324795,mahdi camara,stade rennais fc,2025,FR1
Stade Rennais FC,273,Glen Kamara,242632,€3.00m,3000000.0,https://www.transfermarkt.com/glen-kamara/profil/spieler/242632,glen kamara,stade rennais fc,2025,FR1
Stade Rennais FC,273,Nordan Mukiele,986285,€200k,200000.0,https://www.transfermarkt.com/nordan-mukiele/profil/spieler/986285,nordan mukiele,stade rennais fc,2025,FR1
Stade Rennais FC,273,Ludovic Blas,288225,€18.00m,18000000.0,https://www.transfermarkt.com/ludovic-blas/profil/spieler/288225,ludovic blas,stade rennais fc,2025,FR1
Stade Rennais FC,273,Mousa Tamari,551505,€6.00m,6000000.0,https://www.transfermarkt.com/mousa-tamari/profil/spieler/551505,mousa tamari,stade rennais fc,2025,FR1
Stade Rennais FC,273,Breel Embolo,237662,€12.00m,12000000.0,https://www.transfermarkt.com/breel-embolo/profil/spieler/237662,breel embolo,stade rennais fc,2025,FR1
Stade Rennais FC,273,Estéban Lepaul,461607,€12.00m,12000000.0,https://www.transfermarkt.com/esteban-lepaul/profil/spieler/461607,esteban lepaul,stade rennais fc,2025,FR1
Stade Rennais FC,273,Kader Meïté,1141560,€8.00m,8000000.0,https://www.transfermarkt.com/kader-meite/profil/spieler/1141560,kader meite,stade rennais fc,2025,FR1
Paris FC,10004,Obed Nkambadio,750878,€7.00m,7000000.0,https://www.transfermarkt.com/obed-nkambadio/profil/spieler/750878,obed nkambadio,paris fc,2025,FR1
Paris FC,10004,Kevin Trapp,45672,€2.50m,2500000.0,https://www.transfermarkt.com/kevin-trapp/profil/spieler/45672,kevin trapp,paris fc,2025,FR1
Paris FC,10004,Rémy Riou,18940,€100k,100000.0,https://www.transfermarkt.com/remy-riou/profil/spieler/18940,remy riou,paris fc,2025,FR1
Paris FC,10004,Otávio,818495,€12.00m,12000000.0,https://www.transfermarkt.com/otavio/profil/spieler/818495,otavio,paris fc,2025,FR1
Paris FC,10004,Moustapha Mbow,649026,€4.00m,4000000.0,https://www.transfermarkt.com/moustapha-mbow/profil/spieler/649026,moustapha mbow,paris fc,2025,FR1
Paris FC,10004,Samir Chergui,668167,€2.00m,2000000.0,https://www.transfermarkt.com/samir-chergui/profil/spieler/668167,samir chergui,paris fc,2025,FR1
Paris FC,10004,Timothée Kolodziejczak,84085,€250k,250000.0,https://www.transfermarkt.com/timothee-kolodziejczak/profil/spieler/84085,timothee kolodziejczak,paris fc,2025,FR1
Paris FC,10004,Nhoa Sangui,955281,€6.00m,6000000.0,https://www.transfermarkt.com/nhoa-sangui/profil/spieler/955281,nhoa sangui,paris fc,2025,FR1
Paris FC,10004,Thibault De Smet,340177,€2.50m,2500000.0,https://www.transfermarkt.com/thibault-de-smet/profil/spieler/340177,thibault de smet,paris fc,2025,FR1
Paris FC,10004,Tuomas Ollila,433887,€600k,600000.0,https://www.transfermarkt.com/tuomas-ollila/profil/spieler/433887,tuomas ollila,paris fc,2025,FR1
Paris FC,10004,Hamari Traoré,297070,€2.00m,2000000.0,https://www.transfermarkt.com/hamari-traore/profil/spieler/297070,hamari traore,paris fc,2025,FR1
Paris FC,10004,Sofiane Alakouch,434358,€250k,250000.0,https://www.transfermarkt.com/sofiane-alakouch/profil/spieler/434358,sofiane alakouch,paris fc,2025,FR1
Paris FC,10004,Maxime Lopez,290862,€6.00m,6000000.0,https://www.transfermarkt.com/maxime-lopez/profil/spieler/290862,maxime lopez,paris fc,2025,FR1
Paris FC,10004,Pierre Lees-Melou,377393,€6.00m,6000000.0,https://www.transfermarkt.com/pierre-lees-melou/profil/spieler/377393,pierre lees-melou,paris fc,2025,FR1
Paris FC,10004,Adama Camara,973949,€2.50m,2500000.0,https://www.transfermarkt.com/adama-camara/profil/spieler/973949,adama camara,paris fc,2025,FR1
Paris FC,10004,Lohann Doucet,830265,€700k,700000.0,https://www.transfermarkt.com/lohann-doucet/profil/spieler/830265,lohann doucet,paris fc,2025,FR1
Paris FC,10004,Vincent Marchetti,374040,€2.00m,2000000.0,https://www.transfermarkt.com/vincent-marchetti/profil/spieler/374040,vincent marchetti,paris fc,2025,FR1
Paris FC,10004,Moses Simon,274862,€10.00m,10000000.0,https://www.transfermarkt.com/moses-simon/profil/spieler/274862,moses simon,paris fc,2025,FR1
Paris FC,10004,Alimami Gory,435492,€1.50m,1500000.0,https://www.transfermarkt.com/alimami-gory/profil/spieler/435492,alimami gory,paris fc,2025,FR1
Paris FC,10004,Julien Lopez,170506,€250k,250000.0,https://www.transfermarkt.com/julien-lopez/profil/spieler/170506,julien lopez,paris fc,2025,FR1
Paris FC,10004,Ilan Kebbal,739769,€10.00m,10000000.0,https://www.transfermarkt.com/ilan-kebbal/profil/spieler/739769,ilan kebbal,paris fc,2025,FR1
Paris FC,10004,Jonathan Ikoné,324690,€6.00m,6000000.0,https://www.transfermarkt.com/jonathan-ikone/profil/spieler/324690,jonathan ikone,paris fc,2025,FR1
Paris FC,10004,Mathieu Cafaro,399383,€2.50m,2500000.0,https://www.transfermarkt.com/mathieu-cafaro/profil/spieler/399383,mathieu cafaro,paris fc,2025,FR1
Paris FC,10004,Lamine Gueye,568701,€300k,300000.0,https://www.transfermarkt.com/lamine-gueye/profil/spieler/568701,lamine gueye,paris fc,2025,FR1
Paris FC,10004,Willem Geubbels,463620,€10.00m,10000000.0,https://www.transfermarkt.com/willem-geubbels/profil/spieler/463620,willem geubbels,paris fc,2025,FR1
Paris FC,10004,Jean-Philippe Krasso,358515,€5.00m,5000000.0,https://www.transfermarkt.com/jean-philippe-krasso/profil/spieler/358515,jean-philippe krasso,paris fc,2025,FR1
Paris FC,10004,Pierre-Yves Hamel,203504,€500k,500000.0,https://www.transfermarkt.com/pierre-yves-hamel/profil/spieler/203504,pierre-yves hamel,paris fc,2025,FR1
Paris FC,10004,Nouha Dicko,173750,€350k,350000.0,https://www.transfermarkt.com/nouha-dicko/profil/spieler/173750,nouha dicko,paris fc,2025,FR1
RC Lens,826,Robin Risser,743515,€5.00m,5000000.0,https://www.transfermarkt.com/robin-risser/profil/spieler/743515,robin risser,rc lens,2025,FR1
RC Lens,826,Régis Gurtner,39918,€150k,150000.0,https://www.transfermarkt.com/regis-gurtner/profil/spieler/39918,regis gurtner,rc lens,2025,FR1
RC Lens,826,Ilan Jourdren,1200424,-,,https://www.transfermarkt.com/ilan-jourdren/profil/spieler/1200424,ilan jourdren,rc lens,2025,FR1
RC Lens,826,Samson Baidoo,655217,€8.00m,8000000.0,https://www.transfermarkt.com/samson-baidoo/profil/spieler/655217,samson baidoo,rc lens,2025,FR1
RC Lens,826,Malang Sarr,344596,€7.00m,7000000.0,https://www.transfermarkt.com/malang-sarr/profil/spieler/344596,malang sarr,rc lens,2025,FR1
RC Lens,826,Jonathan Gradit,126557,€4.00m,4000000.0,https://www.transfermarkt.com/jonathan-gradit/profil/spieler/126557,jonathan gradit,rc lens,2025,FR1
RC Lens,826,Nidal Celik,819566,€1.20m,1200000.0,https://www.transfermarkt.com/nidal-celik/profil/spieler/819566,nidal celik,rc lens,2025,FR1
RC Lens,826,Ismaëlo Ganiou,1020191,€1.00m,1000000.0,https://www.transfermarkt.com/ismaelo-ganiou/profil/spieler/1020191,ismaelo ganiou,rc lens,2025,FR1
RC Lens,826,Kyllian Antonio,1186789,€300k,300000.0,https://www.transfermarkt.com/kyllian-antonio/profil/spieler/1186789,kyllian antonio,rc lens,2025,FR1
RC Lens,826,Jhoanner Chávez,713787,€3.50m,3500000.0,https://www.transfermarkt.com/jhoanner-chavez/profil/spieler/713787,jhoanner chavez,rc lens,2025,FR1
RC Lens,826,Matthieu Udol,344886,€3.50m,3500000.0,https://www.transfermarkt.com/matthieu-udol/profil/spieler/344886,matthieu udol,rc lens,2025,FR1
RC Lens,826,Deiver Machado,332560,€3.00m,3000000.0,https://www.transfermarkt.com/deiver-machado/profil/spieler/332560,deiver machado,rc lens,2025,FR1
RC Lens,826,Ruben Aguilar,203746,€3.50m,3500000.0,https://www.transfermarkt.com/ruben-aguilar/profil/spieler/203746,ruben aguilar,rc lens,2025,FR1
RC Lens,826,Saud Abdulhamid,631927,€3.00m,3000000.0,https://www.transfermarkt.com/saud-abdulhamid/profil/spieler/631927,saud abdulhamid,rc lens,2025,FR1
RC Lens,826,Hamzat Ojediran,718312,€1.20m,1200000.0,https://www.transfermarkt.com/hamzat-ojediran/profil/spieler/718312,hamzat ojediran,rc lens,2025,FR1
RC Lens,826,Fodé Sylla,955359,€1.00m,1000000.0,https://www.transfermarkt.com/fode-sylla/profil/spieler/955359,fode sylla,rc lens,2025,FR1
RC Lens,826,Mamadou Sangaré,808348,€8.00m,8000000.0,https://www.transfermarkt.com/mamadou-sangare/profil/spieler/808348,mamadou sangare,rc lens,2025,FR1
RC Lens,826,Andrija Bulatovic,986291,€1.00m,1000000.0,https://www.transfermarkt.com/andrija-bulatovic/profil/spieler/986291,andrija bulatovic,rc lens,2025,FR1
RC Lens,826,Adrien Thomasson,215977,€5.00m,5000000.0,https://www.transfermarkt.com/adrien-thomasson/profil/spieler/215977,adrien thomasson,rc lens,2025,FR1
RC Lens,826,Alpha Diallo,1047099,-,,https://www.transfermarkt.com/alpha-diallo/profil/spieler/1047099,alpha diallo,rc lens,2025,FR1
RC Lens,826,Abdallah Sima,776798,€6.00m,6000000.0,https://www.transfermarkt.com/abdallah-sima/profil/spieler/776798,abdallah sima,rc lens,2025,FR1
RC Lens,826,Anthony Bermont,1088110,€1.00m,1000000.0,https://www.transfermarkt.com/anthony-bermont/profil/spieler/1088110,anthony bermont,rc lens,2025,FR1
RC Lens,826,Florian Thauvin,184892,€5.00m,5000000.0,https://www.transfermarkt.com/florian-thauvin/profil/spieler/184892,florian thauvin,rc lens,2025,FR1
RC Lens,826,Morgan Guilavogui,691786,€4.00m,4000000.0,https://www.transfermarkt.com/morgan-guilavogui/profil/spieler/691786,morgan guilavogui,rc lens,2025,FR1
RC Lens,826,Odsonne Édouard,344152,€6.00m,6000000.0,https://www.transfermarkt.com/odsonne-edouard/profil/spieler/344152,odsonne edouard,rc lens,2025,FR1
RC Lens,826,Rayan Fofana,1160814,€5.00m,5000000.0,https://www.transfermarkt.com/rayan-fofana/profil/spieler/1160814,rayan fofana,rc lens,2025,FR1
RC Lens,826,Wesley Saïd,182916,€3.00m,3000000.0,https://www.transfermarkt.com/wesley-said/profil/spieler/182916,wesley said,rc lens,2025,FR1
RC Lens,826,Florian Sotoca,354726,€2.00m,2000000.0,https://www.transfermarkt.com/florian-sotoca/profil/spieler/354726,florian sotoca,rc lens,2025,FR1
FC Toulouse,415,Guillaume Restes,912902,€20.00m,20000000.0,https://www.transfermarkt.com/guillaume-restes/profil/spieler/912902,guillaume restes,fc toulouse,2025,FR1
FC Toulouse,415,Kjetil Haug,328770,€600k,600000.0,https://www.transfermarkt.com/kjetil-haug/profil/spieler/328770,kjetil haug,fc toulouse,2025,FR1
FC Toulouse,415,Álex Domínguez,524937,€300k,300000.0,https://www.transfermarkt.com/alex-dominguez/profil/spieler/524937,alex dominguez,fc toulouse,2025,FR1
FC Toulouse,415,Charlie Cresswell,597659,€12.00m,12000000.0,https://www.transfermarkt.com/charlie-cresswell/profil/spieler/597659,charlie cresswell,fc toulouse,2025,FR1
FC Toulouse,415,Mark McKenzie,429259,€6.00m,6000000.0,https://www.transfermarkt.com/mark-mckenzie/profil/spieler/429259,mark mckenzie,fc toulouse,2025,FR1
FC Toulouse,415,Rasmus Nicolaisen,283227,€5.00m,5000000.0,https://www.transfermarkt.com/rasmus-nicolaisen/profil/spieler/283227,rasmus nicolaisen,fc toulouse,2025,FR1
FC Toulouse,415,Seny Koumbassa,1075583,€100k,100000.0,https://www.transfermarkt.com/seny-koumbassa/profil/spieler/1075583,seny koumbassa,fc toulouse,2025,FR1
FC Toulouse,415,Dayann Methalie,1191444,€4.00m,4000000.0,https://www.transfermarkt.com/dayann-methalie/profil/spieler/1191444,dayann methalie,fc toulouse,2025,FR1
FC Toulouse,415,Warren Kamanzi,794758,€2.00m,2000000.0,https://www.transfermarkt.com/warren-kamanzi/profil/spieler/794758,warren kamanzi,fc toulouse,2025,FR1
FC Toulouse,415,Djibril Sidibé,161869,€1.00m,1000000.0,https://www.transfermarkt.com/djibril-sidibe/profil/spieler/161869,djibril sidibe,fc toulouse,2025,FR1
FC Toulouse,415,Cristian Cásseres Jr.,467632,€6.00m,6000000.0,https://www.transfermarkt.com/cristian-casseres-jr-/profil/spieler/467632,cristian casseres jr.,fc toulouse,2025,FR1
FC Toulouse,415,Abu Francis,658533,€1.80m,1800000.0,https://www.transfermarkt.com/abu-francis/profil/spieler/658533,abu francis,fc toulouse,2025,FR1
FC Toulouse,415,Niklas Schmidt,275249,€1.80m,1800000.0,https://www.transfermarkt.com/niklas-schmidt/profil/spieler/275249,niklas schmidt,fc toulouse,2025,FR1
FC Toulouse,415,Alexis Vossah,1200427,€1.00m,1000000.0,https://www.transfermarkt.com/alexis-vossah/profil/spieler/1200427,alexis vossah,fc toulouse,2025,FR1
FC Toulouse,415,Rafik Messali,883865,€800k,800000.0,https://www.transfermarkt.com/rafik-messali/profil/spieler/883865,rafik messali,fc toulouse,2025,FR1
FC Toulouse,415,Aron Dønnum,476836,€4.00m,4000000.0,https://www.transfermarkt.com/aron-donnum/profil/spieler/476836,aron dønnum,fc toulouse,2025,FR1
FC Toulouse,415,Mario Sauer,710885,€2.00m,2000000.0,https://www.transfermarkt.com/mario-sauer/profil/spieler/710885,mario sauer,fc toulouse,2025,FR1
FC Toulouse,415,Yann Gboho,463613,€10.00m,10000000.0,https://www.transfermarkt.com/yann-gboho/profil/spieler/463613,yann gboho,fc toulouse,2025,FR1
FC Toulouse,415,Noah Edjouma,1078326,€3.00m,3000000.0,https://www.transfermarkt.com/noah-edjouma/profil/spieler/1078326,noah edjouma,fc toulouse,2025,FR1
FC Toulouse,415,Frank Magri,807689,€3.00m,3000000.0,https://www.transfermarkt.com/frank-magri/profil/spieler/807689,frank magri,fc toulouse,2025,FR1
FC Toulouse,415,Santiago Hidalgo,989574,€2.50m,2500000.0,https://www.transfermarkt.com/santiago-hidalgo/profil/spieler/989574,santiago hidalgo,fc toulouse,2025,FR1
FC Toulouse,415,Emersonn,743599,€2.50m,2500000.0,https://www.transfermarkt.com/emersonn/profil/spieler/743599,emersonn,fc toulouse,2025,FR1
FC Toulouse,415,Julián Vignolo,1234988,€1.00m,1000000.0,https://www.transfermarkt.com/julian-vignolo/profil/spieler/1234988,julian vignolo,fc toulouse,2025,FR1
FC Toulouse,415,Enzo Faty,1075572,-,,https://www.transfermarkt.com/enzo-faty/profil/spieler/1075572,enzo faty,fc toulouse,2025,FR1
Stade Brestois 29,3911,Radoslaw Majecki,346546,€5.00m,5000000.0,https://www.transfermarkt.com/radoslaw-majecki/profil/spieler/346546,radoslaw majecki,stade brestois 29,2025,FR1
Stade Brestois 29,3911,Grégoire Coudert,525155,€500k,500000.0,https://www.transfermarkt.com/gregoire-coudert/profil/spieler/525155,gregoire coudert,stade brestois 29,2025,FR1
Stade Brestois 29,3911,Noah Jauny,975438,-,,https://www.transfermarkt.com/noah-jauny/profil/spieler/975438,noah jauny,stade brestois 29,2025,FR1
Stade Brestois 29,3911,Soumaïla Coulibaly,659513,€8.00m,8000000.0,https://www.transfermarkt.com/soumaila-coulibaly/profil/spieler/659513,soumaila coulibaly,stade brestois 29,2025,FR1
Stade Brestois 29,3911,Brendan Chardonnet,250779,€6.00m,6000000.0,https://www.transfermarkt.com/brendan-chardonnet/profil/spieler/250779,brendan chardonnet,stade brestois 29,2025,FR1
Stade Brestois 29,3911,Junior Diaz,1009596,€5.00m,5000000.0,https://www.transfermarkt.com/junior-diaz/profil/spieler/1009596,junior diaz,stade brestois 29,2025,FR1
Stade Brestois 29,3911,Julien Le Cardinal,794349,€2.00m,2000000.0,https://www.transfermarkt.com/julien-le-cardinal/profil/spieler/794349,julien le cardinal,stade brestois 29,2025,FR1
Stade Brestois 29,3911,Raphaël Le Guen,1166473,€50k,50000.0,https://www.transfermarkt.com/raphael-le-guen/profil/spieler/1166473,raphael le guen,stade brestois 29,2025,FR1
Stade Brestois 29,3911,Bradley Locko,805908,€9.00m,9000000.0,https://www.transfermarkt.com/bradley-locko/profil/spieler/805908,bradley locko,stade brestois 29,2025,FR1
Stade Brestois 29,3911,Daouda Guindo,671590,€2.00m,2000000.0,https://www.transfermarkt.com/daouda-guindo/profil/spieler/671590,daouda guindo,stade brestois 29,2025,FR1
Stade Brestois 29,3911,Justin Bourgault,1030153,€800k,800000.0,https://www.transfermarkt.com/justin-bourgault/profil/spieler/1030153,justin bourgault,stade brestois 29,2025,FR1
Stade Brestois 29,3911,Luck Zogbé,1144999,€2.50m,2500000.0,https://www.transfermarkt.com/luck-zogbe/profil/spieler/1144999,luck zogbe,stade brestois 29,2025,FR1
Stade Brestois 29,3911,Kenny Lala,174196,€2.00m,2000000.0,https://www.transfermarkt.com/kenny-lala/profil/spieler/174196,kenny lala,stade brestois 29,2025,FR1
Stade Brestois 29,3911,Joris Chotard,624037,€6.00m,6000000.0,https://www.transfermarkt.com/joris-chotard/profil/spieler/624037,joris chotard,stade brestois 29,2025,FR1
Stade Brestois 29,3911,Hamidou Makalou,1200289,€800k,800000.0,https://www.transfermarkt.com/hamidou-makalou/profil/spieler/1200289,hamidou makalou,stade brestois 29,2025,FR1
Stade Brestois 29,3911,Hugo Magnetti,474662,€6.00m,6000000.0,https://www.transfermarkt.com/hugo-magnetti/profil/spieler/474662,hugo magnetti,stade brestois 29,2025,FR1
Stade Brestois 29,3911,Lucas Tousart,353948,€2.50m,2500000.0,https://www.transfermarkt.com/lucas-tousart/profil/spieler/353948,lucas tousart,stade brestois 29,2025,FR1
Stade Brestois 29,3911,Junior Dina Ebimbe,536482,€6.00m,6000000.0,https://www.transfermarkt.com/junior-dina-ebimbe/profil/spieler/536482,junior dina ebimbe,stade brestois 29,2025,FR1
Stade Brestois 29,3911,Kamory Doumbia,671594,€5.00m,5000000.0,https://www.transfermarkt.com/kamory-doumbia/profil/spieler/671594,kamory doumbia,stade brestois 29,2025,FR1
Stade Brestois 29,3911,Pathé Mboup,979551,€2.50m,2500000.0,https://www.transfermarkt.com/pathe-mboup/profil/spieler/979551,pathe mboup,stade brestois 29,2025,FR1
Stade Brestois 29,3911,Romain Del Castillo,353399,€7.00m,7000000.0,https://www.transfermarkt.com/romain-del-castillo/profil/spieler/353399,romain del castillo,stade brestois 29,2025,FR1
Stade Brestois 29,3911,Mama Baldé,325223,€4.00m,4000000.0,https://www.transfermarkt.com/mama-balde/profil/spieler/325223,mama balde,stade brestois 29,2025,FR1
Stade Brestois 29,3911,Ludovic Ajorque,283994,€4.00m,4000000.0,https://www.transfermarkt.com/ludovic-ajorque/profil/spieler/283994,ludovic ajorque,stade brestois 29,2025,FR1
Stade Brestois 29,3911,Rémy Labeau Lascary,917778,€2.00m,2000000.0,https://www.transfermarkt.com/remy-labeau-lascary/profil/spieler/917778,remy labeau lascary,stade brestois 29,2025,FR1
Stade Brestois 29,3911,Saliou Diop,1237907,€50k,50000.0,https://www.transfermarkt.com/saliou-diop/profil/spieler/1237907,saliou diop,stade brestois 29,2025,FR1
FC Nantes,995,Anthony Lopes,60561,€1.20m,1200000.0,https://www.transfermarkt.com/anthony-lopes/profil/spieler/60561,anthony lopes,fc nantes,2025,FR1
FC Nantes,995,Patrik Carlgren,190280,€600k,600000.0,https://www.transfermarkt.com/patrik-carlgren/profil/spieler/190280,patrik carlgren,fc nantes,2025,FR1
FC Nantes,995,Alexis Mirbach,928873,€100k,100000.0,https://www.transfermarkt.com/alexis-mirbach/profil/spieler/928873,alexis mirbach,fc nantes,2025,FR1
FC Nantes,995,Tylel Tati,1241207,€6.00m,6000000.0,https://www.transfermarkt.com/tylel-tati/profil/spieler/1241207,tylel tati,fc nantes,2025,FR1
FC Nantes,995,Chidozie Awaziem,358143,€3.00m,3000000.0,https://www.transfermarkt.com/chidozie-awaziem/profil/spieler/358143,chidozie awaziem,fc nantes,2025,FR1
FC Nantes,995,Uros Radakovic,169511,€650k,650000.0,https://www.transfermarkt.com/uros-radakovic/profil/spieler/169511,uros radakovic,fc nantes,2025,FR1
FC Nantes,995,Sékou Doucouré,825438,€50k,50000.0,https://www.transfermarkt.com/sekou-doucoure/profil/spieler/825438,sekou doucoure,fc nantes,2025,FR1
FC Nantes,995,Nicolas Cozza,485965,€3.50m,3500000.0,https://www.transfermarkt.com/nicolas-cozza/profil/spieler/485965,nicolas cozza,fc nantes,2025,FR1
FC Nantes,995,Kelvin Amian,344072,€2.50m,2500000.0,https://www.transfermarkt.com/kelvin-amian/profil/spieler/344072,kelvin amian,fc nantes,2025,FR1
FC Nantes,995,Fabien Centonze,384859,€1.50m,1500000.0,https://www.transfermarkt.com/fabien-centonze/profil/spieler/384859,fabien centonze,fc nantes,2025,FR1
FC Nantes,995,Johann Lepenant,585973,€6.00m,6000000.0,https://www.transfermarkt.com/johann-lepenant/profil/spieler/585973,johann lepenant,fc nantes,2025,FR1
FC Nantes,995,Junior Mwanga,1011200,€6.00m,6000000.0,https://www.transfermarkt.com/junior-mwanga/profil/spieler/1011200,junior mwanga,fc nantes,2025,FR1
FC Nantes,995,Francis Coquelin,74869,€900k,900000.0,https://www.transfermarkt.com/francis-coquelin/profil/spieler/74869,francis coquelin,fc nantes,2025,FR1
FC Nantes,995,Hyeok-kyu Kwon,550957,€700k,700000.0,https://www.transfermarkt.com/hyeok-kyu-kwon/profil/spieler/550957,hyeok-kyu kwon,fc nantes,2025,FR1
FC Nantes,995,Bahmed Deuff,1176215,€100k,100000.0,https://www.transfermarkt.com/bahmed-deuff/profil/spieler/1176215,bahmed deuff,fc nantes,2025,FR1
FC Nantes,995,Dehmaine Tabibou,1004619,€600k,600000.0,https://www.transfermarkt.com/dehmaine-tabibou/profil/spieler/1004619,dehmaine tabibou,fc nantes,2025,FR1
FC Nantes,995,Louis Leroux,1119456,€9.00m,9000000.0,https://www.transfermarkt.com/louis-leroux/profil/spieler/1119456,louis leroux,fc nantes,2025,FR1
FC Nantes,995,Hyun-seok Hong,562948,€3.50m,3500000.0,https://www.transfermarkt.com/hyun-seok-hong/profil/spieler/562948,hyun-seok hong,fc nantes,2025,FR1
FC Nantes,995,Herba Guirassy,1119453,€4.00m,4000000.0,https://www.transfermarkt.com/herba-guirassy/profil/spieler/1119453,herba guirassy,fc nantes,2025,FR1
FC Nantes,995,Adel Mahamoud,952436,€50k,50000.0,https://www.transfermarkt.com/adel-mahamoud/profil/spieler/952436,adel mahamoud,fc nantes,2025,FR1
FC Nantes,995,Mayckel Lahdo,795274,€3.00m,3000000.0,https://www.transfermarkt.com/mayckel-lahdo/profil/spieler/795274,mayckel lahdo,fc nantes,2025,FR1
FC Nantes,995,Yassine Benhattab,796589,€2.00m,2000000.0,https://www.transfermarkt.com/yassine-benhattab/profil/spieler/796589,yassine benhattab,fc nantes,2025,FR1
FC Nantes,995,Matthis Abline,659543,€22.00m,22000000.0,https://www.transfermarkt.com/matthis-abline/profil/spieler/659543,matthis abline,fc nantes,2025,FR1
FC Nantes,995,Mostafa Mohamed,462348,€5.00m,5000000.0,https://www.transfermarkt.com/mostafa-mohamed/profil/spieler/462348,mostafa mohamed,fc nantes,2025,FR1
FC Nantes,995,Amady Camara,1155608,€1.50m,1500000.0,https://www.transfermarkt.com/amady-camara/profil/spieler/1155608,amady camara,fc nantes,2025,FR1
FC Nantes,995,Youssef El Arabi,96533,€150k,150000.0,https://www.transfermarkt.com/youssef-el-arabi/profil/spieler/96533,youssef el arabi,fc nantes,2025,FR1
AJ Auxerre,290,Donovan Léon,170911,€1.00m,1000000.0,https://www.transfermarkt.com/donovan-leon/profil/spieler/170911,donovan leon,aj auxerre,2025,FR1
AJ Auxerre,290,Théo De Percin,695422,€300k,300000.0,https://www.transfermarkt.com/theo-de-percin/profil/spieler/695422,theo de percin,aj auxerre,2025,FR1
AJ Auxerre,290,Tom Negrel,866916,€50k,50000.0,https://www.transfermarkt.com/tom-negrel/profil/spieler/866916,tom negrel,aj auxerre,2025,FR1
AJ Auxerre,290,Louis Mezerette,1167216,-,,https://www.transfermarkt.com/louis-mezerette/profil/spieler/1167216,louis mezerette,aj auxerre,2025,FR1
AJ Auxerre,290,Clément Akpa,806793,€7.00m,7000000.0,https://www.transfermarkt.com/clement-akpa/profil/spieler/806793,clement akpa,aj auxerre,2025,FR1
AJ Auxerre,290,Sinaly Diomandé,702441,€5.00m,5000000.0,https://www.transfermarkt.com/sinaly-diomande/profil/spieler/702441,sinaly diomande,aj auxerre,2025,FR1
AJ Auxerre,290,Francisco Sierralta,371436,€1.50m,1500000.0,https://www.transfermarkt.com/francisco-sierralta/profil/spieler/371436,francisco sierralta,aj auxerre,2025,FR1
AJ Auxerre,290,Telli Siwe,1091353,€1.00m,1000000.0,https://www.transfermarkt.com/telli-siwe/profil/spieler/1091353,telli siwe,aj auxerre,2025,FR1
AJ Auxerre,290,Elikya Legros,1291928,-,,https://www.transfermarkt.com/elikya-legros/profil/spieler/1291928,elikya legros,aj auxerre,2025,FR1
AJ Auxerre,290,Alvin Petit Dol,1144938,-,,https://www.transfermarkt.com/alvin-petit-dol/profil/spieler/1144938,alvin petit dol,aj auxerre,2025,FR1
AJ Auxerre,290,Gideon Mensah,397171,€4.00m,4000000.0,https://www.transfermarkt.com/gideon-mensah/profil/spieler/397171,gideon mensah,aj auxerre,2025,FR1
AJ Auxerre,290,Fredrik Oppegård,539665,€600k,600000.0,https://www.transfermarkt.com/fredrik-oppegard/profil/spieler/539665,fredrik oppegard,aj auxerre,2025,FR1
AJ Auxerre,290,Marvin Senaya,830890,€3.00m,3000000.0,https://www.transfermarkt.com/marvin-senaya/profil/spieler/830890,marvin senaya,aj auxerre,2025,FR1
AJ Auxerre,290,Lamine Sy,796865,€500k,500000.0,https://www.transfermarkt.com/lamine-sy/profil/spieler/796865,lamine sy,aj auxerre,2025,FR1
AJ Auxerre,290,Elisha Owusu,395695,€3.00m,3000000.0,https://www.transfermarkt.com/elisha-owusu/profil/spieler/395695,elisha owusu,aj auxerre,2025,FR1
AJ Auxerre,290,Oussama El Azzouzi,531065,€1.40m,1400000.0,https://www.transfermarkt.com/oussama-el-azzouzi/profil/spieler/531065,oussama el azzouzi,aj auxerre,2025,FR1
AJ Auxerre,290,Assane Dioussé,287635,€700k,700000.0,https://www.transfermarkt.com/assane-diousse/profil/spieler/287635,assane diousse,aj auxerre,2025,FR1
AJ Auxerre,290,Nathan Buayi-Kiala,743523,€100k,100000.0,https://www.transfermarkt.com/nathan-buayi-kiala/profil/spieler/743523,nathan buayi-kiala,aj auxerre,2025,FR1
AJ Auxerre,290,Kévin Danois,743496,€10.00m,10000000.0,https://www.transfermarkt.com/kevin-danois/profil/spieler/743496,kevin danois,aj auxerre,2025,FR1
AJ Auxerre,290,Rudy Matondo,1241211,€1.50m,1500000.0,https://www.transfermarkt.com/rudy-matondo/profil/spieler/1241211,rudy matondo,aj auxerre,2025,FR1
AJ Auxerre,290,Tidiane Devernois,1174032,-,,https://www.transfermarkt.com/tidiane-devernois/profil/spieler/1174032,tidiane devernois,aj auxerre,2025,FR1
AJ Auxerre,290,Ibrahim Osman,1110406,€10.00m,10000000.0,https://www.transfermarkt.com/ibrahim-osman/profil/spieler/1110406,ibrahim osman,aj auxerre,2025,FR1
AJ Auxerre,290,Josué Casimir,763182,€4.00m,4000000.0,https://www.transfermarkt.com/josue-casimir/profil/spieler/763182,josue casimir,aj auxerre,2025,FR1
AJ Auxerre,290,Lasso Coulibaly,658534,€1.20m,1200000.0,https://www.transfermarkt.com/lasso-coulibaly/profil/spieler/658534,lasso coulibaly,aj auxerre,2025,FR1
AJ Auxerre,290,Lassine Sinayoko,569140,€7.00m,7000000.0,https://www.transfermarkt.com/lassine-sinayoko/profil/spieler/569140,lassine sinayoko,aj auxerre,2025,FR1
AJ Auxerre,290,Sékou Mara,557612,€5.00m,5000000.0,https://www.transfermarkt.com/sekou-mara/profil/spieler/557612,sekou mara,aj auxerre,2025,FR1
AJ Auxerre,290,Danny Namaso,392767,€4.00m,4000000.0,https://www.transfermarkt.com/danny-namaso/profil/spieler/392767,danny namaso,aj auxerre,2025,FR1
AJ Auxerre,290,Ryan Rodin,1010856,-,,https://www.transfermarkt.com/ryan-rodin/profil/spieler/1010856,ryan rodin,aj auxerre,2025,FR1
FC Lorient,1158,Yvon Mvogo,147051,€3.00m,3000000.0,https://www.transfermarkt.com/yvon-mvogo/profil/spieler/147051,yvon mvogo,fc lorient,2025,FR1
FC Lorient,1158,Bingourou Kamara,333175,€800k,800000.0,https://www.transfermarkt.com/bingourou-kamara/profil/spieler/333175,bingourou kamara,fc lorient,2025,FR1
FC Lorient,1158,Benjamin Leroy,124901,€150k,150000.0,https://www.transfermarkt.com/benjamin-leroy/profil/spieler/124901,benjamin leroy,fc lorient,2025,FR1
FC Lorient,1158,Montassar Talbi,496706,€6.00m,6000000.0,https://www.transfermarkt.com/montassar-talbi/profil/spieler/496706,montassar talbi,fc lorient,2025,FR1
FC Lorient,1158,Bamo Meïté,807165,€4.00m,4000000.0,https://www.transfermarkt.com/bamo-meite/profil/spieler/807165,bamo meite,fc lorient,2025,FR1
FC Lorient,1158,Abdoulaye Faye,1182738,€3.00m,3000000.0,https://www.transfermarkt.com/abdoulaye-faye/profil/spieler/1182738,abdoulaye faye,fc lorient,2025,FR1
FC Lorient,1158,Isaak Touré,708678,€3.00m,3000000.0,https://www.transfermarkt.com/isaak-toure/profil/spieler/708678,isaak toure,fc lorient,2025,FR1
FC Lorient,1158,Nathaniel Adjei,646829,€1.50m,1500000.0,https://www.transfermarkt.com/nathaniel-adjei/profil/spieler/646829,nathaniel adjei,fc lorient,2025,FR1
FC Lorient,1158,Darlin Yongwa,717118,€3.00m,3000000.0,https://www.transfermarkt.com/darlin-yongwa/profil/spieler/717118,darlin yongwa,fc lorient,2025,FR1
FC Lorient,1158,Arsène Kouassi,1088199,€2.00m,2000000.0,https://www.transfermarkt.com/arsene-kouassi/profil/spieler/1088199,arsene kouassi,fc lorient,2025,FR1
FC Lorient,1158,Igor Silva,391720,€1.00m,1000000.0,https://www.transfermarkt.com/igor-silva/profil/spieler/391720,igor silva,fc lorient,2025,FR1
FC Lorient,1158,Dermane Karim,969447,€3.00m,3000000.0,https://www.transfermarkt.com/dermane-karim/profil/spieler/969447,dermane karim,fc lorient,2025,FR1
FC Lorient,1158,Laurent Abergel,238626,€2.50m,2500000.0,https://www.transfermarkt.com/laurent-abergel/profil/spieler/238626,laurent abergel,fc lorient,2025,FR1
FC Lorient,1158,Arthur Avom,1074628,€7.00m,7000000.0,https://www.transfermarkt.com/arthur-avom/profil/spieler/1074628,arthur avom,fc lorient,2025,FR1
FC Lorient,1158,Jean-Victor Makengo,322305,€2.50m,2500000.0,https://www.transfermarkt.com/jean-victor-makengo/profil/spieler/322305,jean-victor makengo,fc lorient,2025,FR1
FC Lorient,1158,Noah Cadiou,691958,€1.20m,1200000.0,https://www.transfermarkt.com/noah-cadiou/profil/spieler/691958,noah cadiou,fc lorient,2025,FR1
FC Lorient,1158,Panos Katseris,816308,€2.50m,2500000.0,https://www.transfermarkt.com/panos-katseris/profil/spieler/816308,panos katseris,fc lorient,2025,FR1
FC Lorient,1158,Théo Le Bris,766412,€1.50m,1500000.0,https://www.transfermarkt.com/theo-le-bris/profil/spieler/766412,theo le bris,fc lorient,2025,FR1
FC Lorient,1158,Bandiougou Fadiga,590914,€300k,300000.0,https://www.transfermarkt.com/bandiougou-fadiga/profil/spieler/590914,bandiougou fadiga,fc lorient,2025,FR1
FC Lorient,1158,Trevan Sanusi,1011152,€500k,500000.0,https://www.transfermarkt.com/trevan-sanusi/profil/spieler/1011152,trevan sanusi,fc lorient,2025,FR1
FC Lorient,1158,Joel Mvuka,700078,€2.50m,2500000.0,https://www.transfermarkt.com/joel-mvuka/profil/spieler/700078,joel mvuka,fc lorient,2025,FR1
FC Lorient,1158,Pablo Pagis,810411,€4.00m,4000000.0,https://www.transfermarkt.com/pablo-pagis/profil/spieler/810411,pablo pagis,fc lorient,2025,FR1
FC Lorient,1158,Sambou Soumano,704270,€4.00m,4000000.0,https://www.transfermarkt.com/sambou-soumano/profil/spieler/704270,sambou soumano,fc lorient,2025,FR1
FC Lorient,1158,Mohamed Bamba,619461,€3.00m,3000000.0,https://www.transfermarkt.com/mohamed-bamba/profil/spieler/619461,mohamed bamba,fc lorient,2025,FR1
FC Lorient,1158,Bamba Dieng,822458,€2.00m,2000000.0,https://www.transfermarkt.com/bamba-dieng/profil/spieler/822458,bamba dieng,fc lorient,2025,FR1
FC Lorient,1158,Aiyegun Tosin,239647,€2.00m,2000000.0,https://www.transfermarkt.com/aiyegun-tosin/profil/spieler/239647,aiyegun tosin,fc lorient,2025,FR1
FC Metz,347,Jonathan Fischer,542452,€3.50m,3500000.0,https://www.transfermarkt.com/jonathan-fischer/profil/spieler/542452,jonathan fischer,fc metz,2025,FR1
FC Metz,347,Pape Sy,568728,€300k,300000.0,https://www.transfermarkt.com/pape-sy/profil/spieler/568728,pape sy,fc metz,2025,FR1
FC Metz,347,Ousmane Ba,666975,€150k,150000.0,https://www.transfermarkt.com/ousmane-ba/profil/spieler/666975,ousmane ba,fc metz,2025,FR1
FC Metz,347,Sadibou Sané,1111777,€5.00m,5000000.0,https://www.transfermarkt.com/sadibou-sane/profil/spieler/1111777,sadibou sane,fc metz,2025,FR1
FC Metz,347,Terry Yegbe,991054,€2.50m,2500000.0,https://www.transfermarkt.com/terry-yegbe/profil/spieler/991054,terry yegbe,fc metz,2025,FR1
FC Metz,347,Jean-Philippe Gbamin,182894,€2.00m,2000000.0,https://www.transfermarkt.com/jean-philippe-gbamin/profil/spieler/182894,jean-philippe gbamin,fc metz,2025,FR1
FC Metz,347,Michel Mboula,1038308,€1.20m,1200000.0,https://www.transfermarkt.com/michel-mboula/profil/spieler/1038308,michel mboula,fc metz,2025,FR1
FC Metz,347,Fodé Ballo-Touré,296422,€1.20m,1200000.0,https://www.transfermarkt.com/fode-ballo-toure/profil/spieler/296422,fode ballo-toure,fc metz,2025,FR1
FC Metz,347,Yannis Lawson,1041555,€300k,300000.0,https://www.transfermarkt.com/yannis-lawson/profil/spieler/1041555,yannis lawson,fc metz,2025,FR1
FC Metz,347,Koffi Kouao,481513,€2.00m,2000000.0,https://www.transfermarkt.com/koffi-kouao/profil/spieler/481513,koffi kouao,fc metz,2025,FR1
FC Metz,347,Maxime Colin,156618,€300k,300000.0,https://www.transfermarkt.com/maxime-colin/profil/spieler/156618,maxime colin,fc metz,2025,FR1
FC Metz,347,Cléo Mélières,1099860,-,,https://www.transfermarkt.com/cleo-melieres/profil/spieler/1099860,cleo melieres,fc metz,2025,FR1
FC Metz,347,Boubacar Traoré,649020,€5.00m,5000000.0,https://www.transfermarkt.com/boubacar-traore/profil/spieler/649020,boubacar traore,fc metz,2025,FR1
FC Metz,347,Alpha Touré,1178489,€1.00m,1000000.0,https://www.transfermarkt.com/alpha-toure/profil/spieler/1178489,alpha toure,fc metz,2025,FR1
FC Metz,347,Benjamin Stambouli,127160,€400k,400000.0,https://www.transfermarkt.com/benjamin-stambouli/profil/spieler/127160,benjamin stambouli,fc metz,2025,FR1
FC Metz,347,Jessy Deminguet,539232,€2.50m,2500000.0,https://www.transfermarkt.com/jessy-deminguet/profil/spieler/539232,jessy deminguet,fc metz,2025,FR1
FC Metz,347,Ismaël Guerti,860053,€50k,50000.0,https://www.transfermarkt.com/ismael-guerti/profil/spieler/860053,ismael guerti,fc metz,2025,FR1
FC Metz,347,Cheikh Sabaly,568696,€4.00m,4000000.0,https://www.transfermarkt.com/cheikh-sabaly/profil/spieler/568696,cheikh sabaly,fc metz,2025,FR1
FC Metz,347,Giorgi Abuashvili,677057,€1.00m,1000000.0,https://www.transfermarkt.com/giorgi-abuashvili/profil/spieler/677057,giorgi abuashvili,fc metz,2025,FR1
FC Metz,347,Morgan Bokele,838562,€800k,800000.0,https://www.transfermarkt.com/morgan-bokele/profil/spieler/838562,morgan bokele,fc metz,2025,FR1
FC Metz,347,Gauthier Hein,344892,€4.00m,4000000.0,https://www.transfermarkt.com/gauthier-hein/profil/spieler/344892,gauthier hein,fc metz,2025,FR1
FC Metz,347,Giorgi Tsitaishvili,419067,€2.00m,2000000.0,https://www.transfermarkt.com/giorgi-tsitaishvili/profil/spieler/419067,giorgi tsitaishvili,fc metz,2025,FR1
FC Metz,347,Joel Asoro,375391,€1.00m,1000000.0,https://www.transfermarkt.com/joel-asoro/profil/spieler/375391,joel asoro,fc metz,2025,FR1
FC Metz,347,Malick Mbaye,707063,€500k,500000.0,https://www.transfermarkt.com/malick-mbaye/profil/spieler/707063,malick mbaye,fc metz,2025,FR1
FC Metz,347,Habib Diallo,344888,€6.00m,6000000.0,https://www.transfermarkt.com/habib-diallo/profil/spieler/344888,habib diallo,fc metz,2025,FR1
FC Metz,347,Brian Madjo,1226357,€4.00m,4000000.0,https://www.transfermarkt.com/brian-madjo/profil/spieler/1226357,brian madjo,fc metz,2025,FR1
FC Metz,347,Ibou Sané,1111776,€800k,800000.0,https://www.transfermarkt.com/ibou-sane/profil/spieler/1111776,ibou sane,fc metz,2025,FR1
FC Metz,347,Joseph Mangondo,1101719,€50k,50000.0,https://www.transfermarkt.com/joseph-mangondo/profil/spieler/1101719,joseph mangondo,fc metz,2025,FR1
Le Havre AC,738,Mory Diaw,164904,€1.00m,1000000.0,https://www.transfermarkt.com/mory-diaw/profil/spieler/164904,mory diaw,le havre ac,2025,FR1
Le Havre AC,738,Lionel Mpasi-Nzau,164915,€400k,400000.0,https://www.transfermarkt.com/lionel-mpasi-nzau/profil/spieler/164915,lionel mpasi-nzau,le havre ac,2025,FR1
Le Havre AC,738,Paul Argney,988275,€100k,100000.0,https://www.transfermarkt.com/paul-argney/profil/spieler/988275,paul argney,le havre ac,2025,FR1
Le Havre AC,738,Arouna Sangante,768380,€8.00m,8000000.0,https://www.transfermarkt.com/arouna-sangante/profil/spieler/768380,arouna sangante,le havre ac,2025,FR1
Le Havre AC,738,Étienne Youté Kinkoué,639712,€4.00m,4000000.0,https://www.transfermarkt.com/etienne-youte-kinkoue/profil/spieler/639712,etienne youte kinkoue,le havre ac,2025,FR1
Le Havre AC,738,Gautier Lloris,249636,€3.00m,3000000.0,https://www.transfermarkt.com/gautier-lloris/profil/spieler/249636,gautier lloris,le havre ac,2025,FR1
Le Havre AC,738,Stephan Zagadou,1228317,-,,https://www.transfermarkt.com/stephan-zagadou/profil/spieler/1228317,stephan zagadou,le havre ac,2025,FR1
Le Havre AC,738,Yanis Zouaoui,691841,€1.20m,1200000.0,https://www.transfermarkt.com/yanis-zouaoui/profil/spieler/691841,yanis zouaoui,le havre ac,2025,FR1
Le Havre AC,738,Thomas Delaine,170961,€600k,600000.0,https://www.transfermarkt.com/thomas-delaine/profil/spieler/170961,thomas delaine,le havre ac,2025,FR1
Le Havre AC,738,Fodé Doucouré,798925,€2.00m,2000000.0,https://www.transfermarkt.com/fode-doucoure/profil/spieler/798925,fode doucoure,le havre ac,2025,FR1
Le Havre AC,738,Loïc Nego,122840,€700k,700000.0,https://www.transfermarkt.com/loic-nego/profil/spieler/122840,loic nego,le havre ac,2025,FR1
Le Havre AC,738,Rassoul Ndiaye,662242,€3.00m,3000000.0,https://www.transfermarkt.com/rassoul-ndiaye/profil/spieler/662242,rassoul ndiaye,le havre ac,2025,FR1
Le Havre AC,738,Abdoulaye Touré,181382,€3.00m,3000000.0,https://www.transfermarkt.com/abdoulaye-toure/profil/spieler/181382,abdoulaye toure,le havre ac,2025,FR1
Le Havre AC,738,Ayumu Seko,405389,€2.00m,2000000.0,https://www.transfermarkt.com/ayumu-seko/profil/spieler/405389,ayumu seko,le havre ac,2025,FR1
Le Havre AC,738,Daren Mosengo,1119880,€50k,50000.0,https://www.transfermarkt.com/daren-mosengo/profil/spieler/1119880,daren mosengo,le havre ac,2025,FR1
Le Havre AC,738,Yassine Kechta,667967,€5.00m,5000000.0,https://www.transfermarkt.com/yassine-kechta/profil/spieler/667967,yassine kechta,le havre ac,2025,FR1
Le Havre AC,738,Simon Ebonog,770436,€400k,400000.0,https://www.transfermarkt.com/simon-ebonog/profil/spieler/770436,simon ebonog,le havre ac,2025,FR1
Le Havre AC,738,Guy-Noël Zohouri,1119877,-,,https://www.transfermarkt.com/guy-noel-zohouri/profil/spieler/1119877,guy-noel zohouri,le havre ac,2025,FR1
Le Havre AC,738,Reda Khadra,405686,€2.00m,2000000.0,https://www.transfermarkt.com/reda-khadra/profil/spieler/405686,reda khadra,le havre ac,2025,FR1
Le Havre AC,738,Issa Soumaré,568698,€3.00m,3000000.0,https://www.transfermarkt.com/issa-soumare/profil/spieler/568698,issa soumare,le havre ac,2025,FR1
Le Havre AC,738,Felix Mambimbi,507496,€600k,600000.0,https://www.transfermarkt.com/felix-mambimbi/profil/spieler/507496,felix mambimbi,le havre ac,2025,FR1
Le Havre AC,738,Younes Namli,227039,€1.20m,1200000.0,https://www.transfermarkt.com/younes-namli/profil/spieler/227039,younes namli,le havre ac,2025,FR1
Le Havre AC,738,Godson Kyeremeh,651973,€700k,700000.0,https://www.transfermarkt.com/godson-kyeremeh/profil/spieler/651973,godson kyeremeh,le havre ac,2025,FR1
Le Havre AC,738,Damián Pizarro,950593,€3.00m,3000000.0,https://www.transfermarkt.com/damian-pizarro/profil/spieler/950593,damian pizarro,le havre ac,2025,FR1
Le Havre AC,738,Ally Samatta,182201,€900k,900000.0,https://www.transfermarkt.com/ally-samatta/profil/spieler/182201,ally samatta,le havre ac,2025,FR1
Le Havre AC,738,Elysée Logbo,770407,€400k,400000.0,https://www.transfermarkt.com/elysee-logbo/profil/spieler/770407,elysee logbo,le havre ac,2025,FR1
Angers SCO,1420,Hervé Koffi,415383,€1.20m,1200000.0,https://www.transfermarkt.com/herve-koffi/profil/spieler/415383,herve koffi,angers sco,2025,FR1
Angers SCO,1420,Melvin Zinga,548347,€300k,300000.0,https://www.transfermarkt.com/melvin-zinga/profil/spieler/548347,melvin zinga,angers sco,2025,FR1
Angers SCO,1420,Oumar Pona,1073176,-,,https://www.transfermarkt.com/oumar-pona/profil/spieler/1073176,oumar pona,angers sco,2025,FR1
Angers SCO,1420,Emmanuel Biumla,1071956,€3.00m,3000000.0,https://www.transfermarkt.com/emmanuel-biumla/profil/spieler/1071956,emmanuel biumla,angers sco,2025,FR1
Angers SCO,1420,Jordan Lefort,192492,€1.50m,1500000.0,https://www.transfermarkt.com/jordan-lefort/profil/spieler/192492,jordan lefort,angers sco,2025,FR1
Angers SCO,1420,Ousmane Camara,804711,€1.00m,1000000.0,https://www.transfermarkt.com/ousmane-camara/profil/spieler/804711,ousmane camara,angers sco,2025,FR1
Angers SCO,1420,Abdoulaye Bamba,62351,€300k,300000.0,https://www.transfermarkt.com/abdoulaye-bamba/profil/spieler/62351,abdoulaye bamba,angers sco,2025,FR1
Angers SCO,1420,Jacques Ekomié,970279,€1.50m,1500000.0,https://www.transfermarkt.com/jacques-ekomie/profil/spieler/970279,jacques ekomie,angers sco,2025,FR1
Angers SCO,1420,Florent Hanin,111811,€300k,300000.0,https://www.transfermarkt.com/florent-hanin/profil/spieler/111811,florent hanin,angers sco,2025,FR1
Angers SCO,1420,Dan Sinaté,955354,-,,https://www.transfermarkt.com/dan-sinate/profil/spieler/955354,dan sinate,angers sco,2025,FR1
Angers SCO,1420,Carlens Arcus,371686,€1.80m,1800000.0,https://www.transfermarkt.com/carlens-arcus/profil/spieler/371686,carlens arcus,angers sco,2025,FR1
Angers SCO,1420,Lilian Raolisoa,829874,€1.50m,1500000.0,https://www.transfermarkt.com/lilian-raolisoa/profil/spieler/829874,lilian raolisoa,angers sco,2025,FR1
Angers SCO,1420,Marius Louër,1103652,€100k,100000.0,https://www.transfermarkt.com/marius-louer/profil/spieler/1103652,marius louer,angers sco,2025,FR1
Angers SCO,1420,Marius Courcoul,1075575,€700k,700000.0,https://www.transfermarkt.com/marius-courcoul/profil/spieler/1075575,marius courcoul,angers sco,2025,FR1
Angers SCO,1420,Yassin Belkhdim,807688,€2.50m,2500000.0,https://www.transfermarkt.com/yassin-belkhdim/profil/spieler/807688,yassin belkhdim,angers sco,2025,FR1
Angers SCO,1420,Haris Belkebla,138055,€2.00m,2000000.0,https://www.transfermarkt.com/haris-belkebla/profil/spieler/138055,haris belkebla,angers sco,2025,FR1
Angers SCO,1420,Louis Mouton,904662,€1.00m,1000000.0,https://www.transfermarkt.com/louis-mouton/profil/spieler/904662,louis mouton,angers sco,2025,FR1
Angers SCO,1420,Pierrick Capelle,214532,€200k,200000.0,https://www.transfermarkt.com/pierrick-capelle/profil/spieler/214532,pierrick capelle,angers sco,2025,FR1
Angers SCO,1420,Himad Abdelli,592979,€7.00m,7000000.0,https://www.transfermarkt.com/himad-abdelli/profil/spieler/592979,himad abdelli,angers sco,2025,FR1
Angers SCO,1420,Amine Sbaï,851220,€750k,750000.0,https://www.transfermarkt.com/amine-sbai/profil/spieler/851220,amine sbai,angers sco,2025,FR1
Angers SCO,1420,Jim Allevinah,646733,€1.50m,1500000.0,https://www.transfermarkt.com/jim-allevinah/profil/spieler/646733,jim allevinah,angers sco,2025,FR1
Angers SCO,1420,Justin Kalumba,1101641,€800k,800000.0,https://www.transfermarkt.com/justin-kalumba/profil/spieler/1101641,justin kalumba,angers sco,2025,FR1
Angers SCO,1420,Sidiki Chérif,986288,€2.00m,2000000.0,https://www.transfermarkt.com/sidiki-cherif/profil/spieler/986288,sidiki cherif,angers sco,2025,FR1
Angers SCO,1420,Prosper Peter,1103958,€1.00m,1000000.0,https://www.transfermarkt.com/prosper-peter/profil/spieler/1103958,prosper peter,angers sco,2025,FR1
Angers SCO,1420,Lanroy Machine,1096744,€700k,700000.0,https://www.transfermarkt.com/lanroy-machine/profil/spieler/1096744,lanroy machine,angers sco,2025,FR1
