Player,Squad,Pass_cmp,Pass_cmp%,Pass_Short,Pass_cmp_Short%,Pass_Medium,Pass_cmp_Medium%,pass_Long,Pass_cmp_Long%,xAG,xA,A-xAG,Pass_cmp_Att_3rd,PPA,CrsPA,Season,Competition
nabil aberdin,Getafe,60,75.9,26,84.6,34,85.3,17,41.2,0.0,0.0,0.0,4,0,0,2023-2024,laliga
abner,Betis,615,77.2,394,89.1,265,76.6,79,46.8,1.0,1.0,0.0,20,7,2,2023-2024,laliga
abdel abqar,Alavés,553,72.6,164,86.0,339,89.1,225,44.0,0.2,0.2,-0.2,61,2,0,2023-2024,laliga
marcos acuna,Sevilla,628,74.1,297,87.5,328,79.9,183,51.4,1.5,2.1,0.5,52,19,12,2023-2024,laliga
julen agirrezabala,Athletic Club,67,67.0,19,100.0,27,100.0,53,39.6,0.0,0.0,0.0,2,0,0,2023-2024,laliga
lucien agoume,Sevilla,301,83.6,163,86.5,135,88.9,42,73.8,0.6,0.3,-0.6,36,5,1,2023-2024,laliga
joseph aidoo,Celta Vigo,145,78.4,46,89.1,102,82.4,35,54.3,0.1,0.0,-0.1,8,1,0,2023-2024,laliga
ilias akhomach,Villarreal,372,77.3,275,86.9,133,75.9,28,50.0,2.6,2.5,-0.6,20,24,6,2023-2024,laliga
sergio akieme,Almería,620,77.4,346,90.8,298,82.9,111,43.2,2.2,2.1,-2.2,30,14,12,2023-2024,laliga
paul akouokou,Betis,16,94.1,8,87.5,7,100.0,1,100.0,0.0,0.0,0.0,0,0,0,2023-2024,laliga
david alaba,Real Madrid,810,89.6,464,96.3,330,90.0,84,58.3,0.7,0.8,0.3,56,5,0,2023-2024,laliga
raul albiol,Villarreal,1095,86.1,325,90.8,714,92.9,206,63.1,0.8,0.6,0.2,64,1,0,2023-2024,laliga
ruben alcaraz,Cádiz,1271,80.3,637,90.6,558,87.3,303,55.1,1.4,1.6,-0.4,151,16,3,2023-2024,laliga
omar alderete,Getafe,678,64.2,199,77.9,441,79.6,384,43.5,1.0,0.8,0.0,98,14,1,2023-2024,laliga
ivan alejo,Cádiz,245,50.9,163,71.8,147,47.6,104,37.5,1.3,2.8,0.7,17,25,22,2023-2024,laliga
carles alena,Getafe,308,77.8,169,85.2,138,82.6,59,64.4,1.6,1.0,-0.6,31,3,2,2023-2024,laliga
mohamed ali cho,Real Sociedad,38,57.6,32,71.9,18,66.7,9,11.1,0.1,0.3,-0.1,1,0,0,2023-2024,laliga
tadeo allende,Celta Vigo,60,61.2,52,75.0,22,54.5,8,62.5,0.4,0.2,-0.4,5,2,1,2023-2024,laliga
domingos andre ribeiro almeida,Valencia,315,78.9,202,90.6,124,79.8,40,57.5,1.2,0.9,-0.2,29,10,0,2023-2024,laliga
marcos alonso,Barcelona,180,84.1,112,93.8,67,85.1,21,38.1,0.5,0.3,-0.5,10,3,1,2023-2024,laliga
adria altimira,Villarreal,389,83.7,208,86.5,193,88.1,42,73.8,0.1,0.2,-0.1,25,5,2,2023-2024,laliga
sergi altimira,Betis,289,90.3,154,92.2,116,94.8,36,83.3,0.3,0.3,-0.3,26,2,0,2023-2024,laliga
gaston alvarez,Getafe,754,74.1,339,87.3,438,81.3,197,43.7,0.6,0.4,-0.6,64,5,3,2023-2024,laliga
hugo alvarez,Celta Vigo,380,83.5,263,91.6,134,87.3,27,29.6,1.5,1.8,-0.5,19,15,3,2023-2024,laliga
yeray alvarez,Athletic Club,572,80.6,181,86.7,378,91.5,128,49.2,0.1,0.4,-0.1,38,3,0,2023-2024,laliga
selim amallah,Valencia,120,73.2,83,83.1,46,69.6,14,50.0,0.3,0.3,0.7,11,3,0,2023-2024,laliga
amath,Mallorca,76,67.3,55,76.4,38,63.2,8,75.0,0.4,0.3,-0.4,8,4,2,2023-2024,laliga
miguel angel rubio,Granada,622,80.3,229,87.8,405,88.1,120,48.3,0.1,0.1,-0.1,24,3,0,2023-2024,laliga
fabrizio angileri,Getafe,68,66.0,38,78.9,36,69.4,18,44.4,1.3,0.9,-1.3,4,4,3,2023-2024,laliga
mauro arambarri,Getafe,114,80.3,55,87.3,56,85.7,25,72.0,0.0,0.1,0.0,17,2,2,2023-2024,laliga
jon aramburu,Real Sociedad,254,79.1,141,89.4,137,83.2,27,40.7,0.0,0.1,0.0,25,2,1,2023-2024,laliga
julian araujo,Las Palmas,680,81.8,367,89.4,352,84.4,75,57.3,1.2,0.9,-1.2,69,12,4,2023-2024,laliga
ronald araujo,Barcelona,1458,88.8,578,93.9,818,94.0,218,62.4,1.4,1.7,0.6,111,6,1,2023-2024,laliga
adu ares,Athletic Club,79,76.0,53,84.9,34,79.4,9,55.6,0.0,0.1,0.0,5,0,0,2023-2024,laliga
jesus areso,Osasuna,1021,74.6,572,87.8,547,76.1,160,49.4,3.6,2.9,2.4,77,40,24,2023-2024,laliga
matias arezo,Granada,52,63.4,44,70.5,21,52.4,8,75.0,0.1,0.1,-0.1,3,2,1,2023-2024,laliga
inigo arguibide,Osasuna,1,25.0,3,33.3,0,,0,,0.0,0.0,0.0,0,0,0,2023-2024,laliga
jose arnaiz,Osasuna,233,73.3,157,86.6,85,76.5,43,48.8,1.8,1.6,-0.8,6,5,1,2023-2024,laliga
sergio arribas,Almería,588,78.3,412,86.2,196,85.7,77,41.6,3.7,3.3,0.3,51,26,4,2023-2024,laliga
kepa arrizabalaga,Real Madrid,386,84.6,90,98.9,226,99.6,139,51.8,0.0,0.0,0.0,2,0,0,2023-2024,laliga
iago aspas,Celta Vigo,949,72.7,583,81.5,408,78.4,202,48.5,10.1,9.3,-0.1,99,55,6,2023-2024,laliga
ezequiel avila,Osasuna,232,62.5,122,77.0,118,63.6,109,54.1,2.3,2.7,0.7,25,18,7,2023-2024,laliga
ezequiel avila,Betis,55,60.4,30,86.7,30,60.0,17,35.3,0.1,0.1,-0.1,2,2,0,2023-2024,laliga
cesar azpilicueta,Atlético Madrid,867,83.8,522,93.9,353,85.0,111,45.9,2.4,1.9,-0.4,74,15,2,2023-2024,laliga
iddrisu baba,Almería,543,83.0,245,84.5,308,88.3,67,77.6,0.6,0.4,-0.6,51,3,2,2023-2024,laliga
sran babic,Almería,58,93.5,13,100.0,41,90.2,8,100.0,0.0,0.0,0.0,2,0,0,2023-2024,laliga
loic bade,Sevilla,1113,82.7,411,90.8,701,88.9,199,53.3,0.5,0.5,0.5,79,1,0,2023-2024,laliga
alex baena,Villarreal,893,71.2,460,85.7,467,75.2,244,52.9,9.2,9.5,4.8,95,59,15,2023-2024,laliga
eric bailly,Villarreal,337,87.5,123,91.1,210,91.0,41,70.7,0.0,0.0,0.0,12,1,0,2023-2024,laliga
cedric bakambu,Betis,26,66.7,20,70.0,12,58.3,0,,0.3,0.4,-0.3,1,0,0,2023-2024,laliga
alejandro balde,Barcelona,694,84.9,473,90.9,264,86.7,42,52.4,1.2,1.5,-0.2,26,20,7,2023-2024,laliga
ivan balliu,Rayo Vallecano,1116,75.1,626,88.3,566,78.3,206,47.1,2.6,2.3,-1.6,77,18,10,2023-2024,laliga
jonathan bamba,Celta Vigo,590,76.7,455,87.3,190,72.6,36,55.6,4.7,3.7,-2.7,38,33,10,2023-2024,laliga
leo baptistao,Almería,366,64.4,297,73.1,157,66.2,49,46.9,1.8,1.0,-1.8,21,8,2,2023-2024,laliga
kike barja,Osasuna,83,72.8,50,88.0,34,70.6,17,47.1,0.5,0.4,-0.5,0,6,3,2023-2024,laliga
ander barrenetxea,Real Sociedad,372,67.0,280,81.4,163,63.8,47,55.3,1.3,1.1,-0.3,15,15,4,2023-2024,laliga
pablo barrios,Atlético Madrid,728,83.4,431,88.4,327,87.5,71,64.8,1.9,1.0,-0.9,75,16,0,2023-2024,laliga
marc bartra,Betis,101,85.6,42,92.9,52,92.3,21,61.9,0.0,0.0,0.0,5,0,0,2023-2024,laliga
augusto batalla,Granada,445,64.6,73,100.0,198,99.0,416,42.3,0.0,0.1,0.0,26,0,0,2023-2024,laliga
bebe,Rayo Vallecano,63,60.6,43,74.4,30,70.0,27,33.3,0.2,0.5,-0.2,5,4,3,2023-2024,laliga
sheraldo becker,Real Sociedad,154,63.4,119,81.5,69,59.4,24,41.7,1.8,1.8,0.2,1,10,3,2023-2024,laliga
hector bellerin,Betis,756,77.2,469,86.8,381,78.0,73,42.5,1.6,1.2,-0.6,56,15,4,2023-2024,laliga
jude bellingham,Real Madrid,1363,88.3,930,92.0,428,90.4,90,84.4,5.3,4.3,0.7,137,45,3,2023-2024,laliga
fran beltran,Celta Vigo,1180,86.5,662,90.9,525,90.1,104,61.5,1.1,1.7,-1.1,120,15,2,2023-2024,laliga
carlos benavidez,Alavés,321,69.9,179,82.1,178,73.0,84,44.0,0.5,0.7,0.5,45,9,0,2023-2024,laliga
yuri berchiche,Athletic Club,1078,82.7,622,89.9,508,86.2,111,51.4,1.6,2.0,-0.6,103,16,9,2023-2024,laliga
alex berenguer,Athletic Club,373,62.6,258,81.4,156,63.5,124,34.7,3.7,4.0,-0.7,10,17,10,2023-2024,laliga
antonio blanco,Alavés,811,77.0,444,86.3,379,81.8,154,56.5,1.2,1.1,-0.2,100,19,8,2023-2024,laliga
daley blind,Girona,2304,89.1,1112,95.2,1158,93.5,236,58.1,1.1,1.9,0.9,256,26,3,2023-2024,laliga
adri bosch,Granada,11,78.6,7,85.7,2,100.0,5,60.0,0.0,0.0,0.0,2,0,0,2023-2024,laliga
yassine bounou,Sevilla,20,64.5,5,100.0,7,85.7,19,47.4,0.0,0.0,0.0,1,0,0,2023-2024,laliga
lucas boye,Granada,454,71.9,351,79.8,160,72.5,43,74.4,2.8,2.0,0.2,44,13,4,2023-2024,laliga
darko brasanac,Osasuna,9,60.0,7,71.4,6,50.0,2,50.0,0.0,0.0,0.0,1,0,0,2023-2024,laliga
brau,Granada,7,70.0,6,83.3,2,100.0,2,0.0,0.0,0.0,0.0,0,0,0,2023-2024,laliga
claudio bravo,Betis,186,80.9,42,100.0,86,100.0,99,56.6,0.0,0.1,0.0,3,2,0,2023-2024,laliga
ben brereton,Villarreal,55,74.3,37,73.0,27,85.2,4,75.0,0.3,0.2,-0.3,3,2,0,2023-2024,laliga
ante budimir,Osasuna,241,54.6,249,68.3,127,42.5,12,33.3,1.8,1.8,0.2,27,10,2,2023-2024,laliga
manu bueno,Sevilla,45,91.8,18,88.9,22,95.5,7,85.7,0.1,0.0,-0.1,1,1,0,2023-2024,laliga
pablo busto,Betis,18,69.2,14,78.6,7,71.4,3,33.3,0.2,0.1,-0.2,1,1,0,2023-2024,laliga
jose callejon,Granada,286,77.7,157,91.1,124,76.6,71,53.5,1.5,1.4,-0.5,23,14,2,2023-2024,laliga
eduardo camavinga,Real Madrid,1205,90.7,629,94.3,540,93.5,102,73.5,1.4,1.8,0.6,100,14,3,2023-2024,laliga
sergio camello,Rayo Vallecano,273,71.8,207,78.7,104,72.1,24,54.2,1.3,1.3,-0.3,22,12,0,2023-2024,laliga
jose campana,Las Palmas,135,83.3,83,90.4,51,94.1,14,42.9,0.0,0.1,0.0,7,2,0,2023-2024,laliga
joao cancelo,Barcelona,1533,82.8,924,92.4,648,82.9,183,62.3,6.1,6.7,-2.1,123,37,11,2023-2024,laliga
sergi canos,Valencia,260,64.2,174,75.3,127,75.6,53,37.7,2.4,2.1,-0.4,29,17,4,2023-2024,laliga
etienne capoue,Villarreal,699,86.0,392,92.1,314,87.3,76,69.7,0.6,1.0,0.4,73,11,1,2023-2024,laliga
isaac carcelen,Cádiz,851,73.2,485,86.2,448,77.2,163,38.7,1.0,1.3,-1.0,54,16,9,2023-2024,laliga
dani cardenas,Rayo Vallecano,26,65.0,7,100.0,16,100.0,17,17.6,0.0,0.0,0.0,1,0,0,2023-2024,laliga
marc cardona,Las Palmas,170,74.9,153,79.7,43,79.1,11,27.3,1.1,0.6,-0.1,9,6,1,2023-2024,laliga
sergi cardona,Las Palmas,1727,80.3,1134,89.2,704,82.5,171,47.4,2.8,3.7,-0.8,108,39,15,2023-2024,laliga
johnny cardoso,Betis,539,84.2,325,88.6,228,88.2,46,67.4,0.5,1.0,1.5,41,8,1,2023-2024,laliga
carmona,Getafe,419,73.5,259,86.9,199,72.4,77,51.9,1.0,1.4,0.0,29,12,5,2023-2024,laliga
yannick carrasco,Atlético Madrid,65,73.9,49,85.7,20,65.0,12,66.7,0.2,0.2,0.8,2,3,1,2023-2024,laliga
alvaro carreras,Granada,169,76.1,120,83.3,64,78.1,23,60.9,0.4,0.4,-0.4,10,8,3,2023-2024,laliga
dani carvajal,Real Madrid,1265,85.8,744,91.3,552,88.0,111,68.5,2.7,3.1,0.3,52,26,5,2023-2024,laliga
william carvalho,Betis,560,88.3,343,93.0,204,89.2,50,72.0,0.7,0.7,2.3,67,8,0,2023-2024,laliga
marc casado,Barcelona,6,100.0,4,100.0,1,100.0,1,100.0,0.0,0.0,0.0,2,0,0,2023-2024,laliga
catena,Osasuna,1095,81.7,284,89.8,679,91.5,355,59.2,1.0,1.0,2.0,89,3,0,2023-2024,laliga
dani ceballos,Real Madrid,486,89.7,317,95.0,153,88.9,45,75.6,1.5,1.0,0.5,48,6,0,2023-2024,laliga
alex centelles,Almería,400,73.5,214,90.2,199,81.4,96,40.6,1.6,1.0,-0.6,35,12,9,2023-2024,laliga
franco cervi,Celta Vigo,225,79.2,151,90.7,90,82.2,18,50.0,2.0,1.2,-1.0,16,4,0,2023-2024,laliga
pep chavarria,Rayo Vallecano,618,76.1,352,87.8,328,79.3,89,40.4,0.7,1.2,0.3,48,27,13,2023-2024,laliga
andreas christensen,Barcelona,1480,94.3,699,95.7,724,96.7,108,80.6,1.1,0.8,0.9,116,1,0,2023-2024,laliga
chumi,Almería,1044,86.4,465,91.4,565,95.0,143,49.0,1.4,0.6,-0.4,44,3,1,2023-2024,laliga
victor chust,Cádiz,831,79.9,317,90.9,459,90.6,230,51.3,0.3,0.2,0.7,62,4,0,2023-2024,laliga
pathe ciss,Rayo Vallecano,738,82.9,362,87.0,383,88.5,101,68.3,0.5,0.7,-0.5,73,6,1,2023-2024,laliga
silvi clua,Girona,5,100.0,1,100.0,4,100.0,0,,0.0,0.0,0.0,1,0,0,2023-2024,laliga
saul coco,Las Palmas,1257,88.4,620,94.7,646,92.6,116,45.7,0.0,0.2,0.0,52,0,0,2023-2024,laliga
santi comesana,Villarreal,752,86.6,396,90.4,360,88.6,78,74.4,2.0,1.3,-2.0,80,8,0,2023-2024,laliga
copete,Mallorca,449,76.9,180,86.1,268,85.8,117,48.7,0.8,0.5,0.2,46,6,3,2023-2024,laliga
francis coquelin,Villarreal,379,87.9,188,92.0,184,91.8,41,73.2,0.1,0.6,-0.1,37,7,1,2023-2024,laliga
theo corbeanu,Granada,37,61.7,27,77.8,17,47.1,11,54.5,0.0,0.2,0.0,5,2,2,2023-2024,laliga
jesus corona,Sevilla,9,64.3,7,85.7,6,50.0,1,0.0,0.0,0.0,0.0,0,0,0,2023-2024,laliga
angel correa,Atlético Madrid,379,73.4,301,82.7,110,77.3,46,39.1,3.6,3.8,-1.6,29,23,2,2023-2024,laliga
thierry correia,Valencia,1017,75.9,608,89.8,462,79.9,209,40.7,2.1,2.5,-0.1,70,29,11,2023-2024,laliga
jaume costa,Mallorca,615,73.7,385,89.6,291,74.6,115,37.4,1.2,1.2,-0.2,36,21,14,2023-2024,laliga
samu costa,Mallorca,830,76.4,433,82.4,432,83.1,153,64.7,0.5,1.0,0.5,77,11,4,2023-2024,laliga
thibaut courtois,Real Madrid,113,91.9,25,100.0,63,100.0,34,70.6,0.1,0.0,-0.1,1,0,0,2023-2024,laliga
yan couto,Girona,1057,78.1,644,87.9,512,79.3,117,53.8,4.2,4.3,3.8,62,34,17,2023-2024,laliga
crespo,Rayo Vallecano,230,84.2,142,88.7,100,85.0,18,61.1,1.0,0.5,-1.0,31,5,0,2023-2024,laliga
cristian,Valencia,13,72.2,3,100.0,8,100.0,7,28.6,0.0,0.0,0.0,0,0,0,2023-2024,laliga
juan cruz armada,Osasuna,712,75.7,382,90.3,387,74.2,145,51.7,0.4,0.6,0.6,69,9,3,2023-2024,laliga
juan cruz,Betis,15,75.0,15,86.7,4,50.0,1,0.0,0.0,0.0,0.0,0,3,0,2023-2024,laliga
pau cubarsi,Barcelona,1360,91.5,523,94.3,772,95.5,170,71.8,0.4,0.4,-0.4,73,0,0,2023-2024,laliga
ivan cuellar,Mallorca,24,68.6,4,75.0,14,100.0,17,41.2,0.0,0.0,0.0,0,0,0,2023-2024,laliga
jorge cuenca,Villarreal,957,83.2,388,94.6,579,88.9,154,42.2,0.2,0.8,0.8,62,10,6,2023-2024,laliga
eric curbelo,Las Palmas,57,96.6,30,100.0,27,92.6,2,100.0,0.0,0.0,0.0,0,0,0,2023-2024,laliga
alberto dadie,Real Sociedad,3,42.9,4,50.0,1,100.0,0,,0.0,0.1,0.0,0,0,0,2023-2024,laliga
sergi darder,Mallorca,725,72.4,357,87.7,349,78.8,229,50.2,6.4,5.0,-1.4,120,32,14,2023-2024,laliga
rodrigo de paul,Atlético Madrid,1291,83.1,688,92.3,548,84.5,218,67.9,5.0,6.2,0.0,146,63,7,2023-2024,laliga
mouctar diakhaby,Valencia,475,87.0,160,95.0,294,92.5,76,56.6,0.0,0.1,0.0,23,2,0,2023-2024,laliga
moussa diakite,Cádiz,0,,0,,0,,0,,0.0,0.0,0.0,0,0,0,2023-2024,laliga
assane diao,Betis,200,75.8,164,85.4,47,74.5,9,77.8,0.7,0.8,-0.7,4,6,1,2023-2024,laliga
brahim diaz,Real Madrid,624,84.3,463,92.9,170,77.6,40,57.5,4.4,4.7,1.6,42,34,7,2023-2024,laliga
victor diaz,Granada,47,63.5,15,80.0,32,87.5,20,35.0,0.0,0.0,0.0,2,0,0,2023-2024,laliga
famara diedhiou,Granada,20,48.8,22,63.6,9,33.3,3,66.7,0.2,0.2,0.8,0,0,0,2023-2024,laliga
stole dimitrievski,Rayo Vallecano,732,61.1,129,99.2,333,97.9,730,37.7,0.1,0.1,-0.1,28,0,0,2023-2024,laliga
djene,Getafe,861,76.8,386,86.8,505,82.2,182,50.5,0.3,0.7,-0.3,64,11,5,2023-2024,laliga
marko dmitrovic,Sevilla,292,74.1,65,100.0,153,99.3,174,42.5,0.0,0.0,0.0,8,0,0,2023-2024,laliga
jaume domenech,Valencia,13,41.9,2,100.0,6,100.0,23,21.7,0.0,0.0,0.0,0,0,0,2023-2024,laliga
carlos dominguez,Celta Vigo,681,78.8,302,85.1,398,88.7,134,47.0,0.1,0.3,-0.1,72,3,0,2023-2024,laliga
mario dominguez,Valencia,4,80.0,2,100.0,1,0.0,1,100.0,0.0,0.0,0.0,1,0,0,2023-2024,laliga
carlos dotor,Celta Vigo,289,82.6,185,90.3,115,81.7,24,62.5,0.1,0.3,-0.1,26,3,1,2023-2024,laliga
anastasios douvikas,Celta Vigo,105,63.3,91,69.2,45,64.4,7,57.1,1.3,0.6,-0.3,7,6,1,2023-2024,laliga
artem dovbyk,Girona,277,70.7,235,79.1,89,69.7,6,83.3,6.2,3.7,1.8,9,10,0,2023-2024,laliga
domingos duarte,Getafe,294,77.4,87,77.0,201,83.6,85,69.4,0.1,0.1,-0.1,40,1,1,2023-2024,laliga
ruben duarte,Alavés,566,68.4,262,86.3,331,76.7,198,40.4,1.5,1.5,-0.5,58,15,10,2023-2024,laliga
hugo duro,Valencia,406,71.2,322,80.4,151,71.5,15,46.7,1.3,0.6,0.7,19,4,0,2023-2024,laliga
aritz elustondo,Real Sociedad,402,85.9,163,86.5,255,91.0,43,60.5,0.6,0.1,0.4,22,0,0,2023-2024,laliga
adri embarba,Almería,609,65.6,396,85.6,263,68.1,173,38.7,4.4,3.6,-2.4,40,25,16,2023-2024,laliga
youssef ennesyri,Sevilla,205,64.5,165,71.5,98,68.4,13,38.5,1.3,0.9,0.7,11,5,0,2023-2024,laliga
gonzalo escalante,Cádiz,537,75.5,321,85.4,250,78.8,91,51.6,1.7,1.6,0.3,60,7,0,2023-2024,laliga
aaron escandell,Las Palmas,64,74.4,15,100.0,29,100.0,39,46.2,0.0,0.0,0.0,1,0,0,2023-2024,laliga
alfonso espino,Rayo Vallecano,1061,74.6,588,88.8,559,78.0,182,43.4,2.8,2.9,-1.8,74,25,10,2023-2024,laliga
bernardo espinosa,Girona,7,87.5,3,100.0,4,100.0,1,0.0,0.0,0.0,0.0,0,0,0,2023-2024,laliga
karl etta,Cádiz,2,100.0,1,100.0,0,,0,,0.0,0.0,0.0,0,0,0,2023-2024,laliga
abde ezzalzouli,Barcelona,23,62.2,23,78.3,8,50.0,4,25.0,0.1,0.0,-0.1,0,2,1,2023-2024,laliga
abde ezzalzouli,Betis,232,65.7,204,77.9,77,66.2,17,29.4,0.3,0.5,-0.3,11,9,1,2023-2024,laliga
radamel falcao,Rayo Vallecano,92,83.6,74,87.8,21,85.7,4,75.0,0.3,0.3,-0.3,5,2,0,2023-2024,laliga
fali,Cádiz,799,76.1,243,88.5,505,87.1,278,49.3,0.1,0.3,-0.1,76,5,1,2023-2024,laliga
ansu fati,Barcelona,24,85.7,15,100.0,9,77.8,1,100.0,0.0,0.1,0.0,2,1,0,2023-2024,laliga
nabil fekir,Betis,482,78.9,312,87.2,151,86.8,71,46.5,2.3,2.7,-0.3,53,21,3,2023-2024,laliga
luiz felipe,Betis,151,89.3,62,95.2,86,90.7,14,64.3,0.2,0.2,-0.2,4,0,0,2023-2024,laliga
joao felix,Barcelona,538,81.1,392,90.6,173,79.8,46,47.8,3.1,2.6,-0.1,31,20,1,2023-2024,laliga
kiko femenia,Villarreal,939,83.8,497,94.2,467,86.3,120,48.3,0.6,0.7,-0.6,84,6,3,2023-2024,laliga
aitor fernandez,Osasuna,127,64.1,10,100.0,49,98.0,137,50.4,0.0,0.0,0.0,10,0,0,2023-2024,laliga
alex fernandez,Cádiz,539,83.1,302,92.1,218,87.6,86,58.1,0.8,1.4,0.2,46,9,4,2023-2024,laliga
carlos fernandez,Real Sociedad,44,53.0,44,63.6,24,54.2,5,20.0,0.5,0.2,0.5,4,1,0,2023-2024,laliga
raul fernandez,Granada,69,64.5,9,100.0,40,95.0,56,39.3,0.0,0.0,0.0,1,0,0,2023-2024,laliga
valery fernandez,Girona,188,85.1,132,94.7,68,79.4,6,50.0,0.8,0.5,-0.8,4,9,3,2023-2024,laliga
fernando,Almería,110,68.8,10,100.0,62,100.0,87,43.7,0.0,0.0,0.0,1,0,0,2023-2024,laliga
fernando,Sevilla,209,86.4,107,91.6,99,89.9,24,75.0,0.3,0.3,-0.3,21,5,2,2023-2024,laliga
andre ferreira,Granada,359,72.1,74,97.3,176,97.7,243,46.1,0.0,0.0,0.0,7,0,0,2023-2024,laliga
rachad fettal,Almería,4,66.7,4,75.0,1,100.0,0,,0.0,0.0,0.0,0,0,0,2023-2024,laliga
pablo fornals,Betis,500,74.4,296,87.5,217,77.0,89,48.3,1.6,2.0,0.4,56,25,6,2023-2024,laliga
hector fort,Barcelona,200,87.0,129,93.8,76,85.5,19,57.9,0.8,0.5,1.2,10,3,1,2023-2024,laliga
dimitri foulquier,Valencia,766,73.5,463,85.1,382,80.6,118,35.6,1.2,0.8,-1.2,47,14,6,2023-2024,laliga
juan foyth,Villarreal,565,81.9,320,90.6,270,83.7,66,60.6,0.9,0.9,0.1,50,7,2,2023-2024,laliga
jorge de frutos,Rayo Vallecano,344,71.2,237,81.4,163,73.6,32,50.0,1.4,1.2,-1.4,23,20,8,2023-2024,laliga
daniel fuzato,Getafe,5,50.0,0,,1,100.0,9,44.4,0.0,0.0,0.0,0,0,0,2023-2024,laliga
matteo gabbia,Villarreal,267,89.3,102,91.2,151,95.4,42,69.0,0.1,0.1,-0.1,15,1,0,2023-2024,laliga
javi galan,Atlético Madrid,45,75.0,28,85.7,24,79.2,5,20.0,0.1,0.1,-0.1,0,2,1,2023-2024,laliga
javi galan,Real Sociedad,526,80.1,284,90.5,272,81.6,75,52.0,0.7,0.9,0.3,36,15,10,2023-2024,laliga
inigo ruiz de galarreta,Athletic Club,993,80.6,527,87.3,474,86.5,171,60.2,2.3,2.5,-1.3,127,23,4,2023-2024,laliga
aleix garcia,Girona,2567,87.5,1293,94.8,1018,92.8,518,64.5,5.5,6.0,0.5,306,27,8,2023-2024,laliga
alvaro garcia,Rayo Vallecano,518,62.8,381,79.0,258,64.3,109,27.5,3.0,2.9,-2.0,30,34,21,2023-2024,laliga
dani garcia,Athletic Club,279,84.3,152,89.5,129,85.3,34,64.7,0.2,0.2,-0.2,24,3,0,2023-2024,laliga
david garcia,Osasuna,1109,82.8,399,90.5,693,88.6,218,58.7,1.3,1.0,-0.3,129,5,0,2023-2024,laliga
eric garcia,Barcelona,46,95.8,23,95.7,21,100.0,4,75.0,0.0,0.0,0.0,4,0,0,2023-2024,laliga
eric garcia,Girona,2064,89.5,866,93.5,1123,94.3,252,67.1,0.5,1.1,-0.5,223,17,2,2023-2024,laliga
fran garcia,Real Madrid,841,84.4,554,93.5,327,85.6,68,41.2,2.4,1.8,2.6,38,14,6,2023-2024,laliga
gonzalo garcia,Real Madrid,4,57.1,6,66.7,0,,0,,0.0,0.0,0.0,0,0,0,2023-2024,laliga
jastin garcia,Girona,7,63.6,7,71.4,3,66.7,0,,0.0,0.0,0.0,1,1,0,2023-2024,laliga
raul garcia,Athletic Club,79,57.2,66,68.2,38,50.0,11,54.5,0.0,0.6,0.0,12,3,0,2023-2024,laliga
ruben garcia,Osasuna,519,67.1,354,81.4,217,75.1,130,42.3,3.3,3.5,-1.3,31,26,9,2023-2024,laliga
santiago garcia,Getafe,6,85.7,3,100.0,3,66.7,0,,0.0,0.1,0.0,0,2,0,2023-2024,laliga
unai garcia,Osasuna,158,78.2,51,90.2,99,88.9,49,49.0,0.0,0.0,0.0,6,0,0,2023-2024,laliga
yarek gasiorowski,Valencia,208,71.2,113,84.1,116,80.2,54,35.2,0.0,0.1,0.0,11,0,0,2023-2024,laliga
federico gattoni,Sevilla,7,77.8,3,66.7,3,66.7,2,100.0,0.0,0.0,0.0,0,0,0,2023-2024,laliga
gavi,Barcelona,489,90.4,315,94.3,165,88.5,35,80.0,1.1,1.4,-0.1,37,8,2,2023-2024,laliga
paulo gazzaniga,Girona,1094,78.6,282,99.6,553,99.1,544,47.8,0.7,0.1,-0.7,17,2,0,2023-2024,laliga
david gil,Cádiz,78,51.3,4,100.0,18,100.0,129,42.6,0.0,0.0,0.0,1,0,0,2023-2024,laliga
maxi gomez,Cádiz,132,51.8,129,61.2,63,52.4,19,26.3,0.6,0.5,-0.6,16,4,2,2023-2024,laliga
moi gomez,Osasuna,953,81.0,484,89.7,451,87.4,149,61.7,0.9,1.9,-0.9,116,12,5,2023-2024,laliga
unai gomez,Athletic Club,198,76.2,122,82.0,90,77.8,34,61.8,0.7,0.7,-0.7,18,3,0,2023-2024,laliga
edgar gonzalez,Almería,1150,85.2,445,90.8,697,90.2,172,58.1,0.3,0.3,-0.3,51,3,1,2023-2024,laliga
fabio gonzalez,Las Palmas,119,92.2,75,93.3,41,95.1,9,88.9,0.0,0.1,0.0,11,0,0,2023-2024,laliga
giovanni gonzalez,Mallorca,936,75.2,549,88.3,448,76.3,176,51.1,1.4,1.9,-0.4,80,28,15,2023-2024,laliga
hugo gonzalez,Valencia,24,61.5,19,78.9,11,63.6,3,33.3,0.5,0.2,0.5,2,1,1,2023-2024,laliga
inaki gonzalez,Las Palmas,4,100.0,1,100.0,2,100.0,0,,0.0,0.0,0.0,0,0,0,2023-2024,laliga
peter gonzalez,Valencia,108,66.7,82,75.6,52,67.3,9,44.4,1.0,0.5,-1.0,8,6,3,2023-2024,laliga
urko gonzalez,Real Sociedad,71,79.8,46,84.8,33,90.9,9,22.2,0.0,0.0,0.0,5,1,0,2023-2024,laliga
andoni gorosabel,Alavés,1059,79.7,704,89.1,439,78.6,100,55.0,1.3,2.4,-1.3,57,32,10,2023-2024,laliga
pablo gozalbez,Valencia,16,50.0,15,53.3,9,66.7,3,33.3,0.0,0.0,0.0,1,0,0,2023-2024,laliga
mason greenwood,Getafe,777,75.0,450,86.2,333,79.9,183,55.2,4.6,4.3,1.4,62,27,11,2023-2024,laliga
dominik greif,Mallorca,24,75.0,2,100.0,11,100.0,19,57.9,0.0,0.0,0.0,2,0,0,2023-2024,laliga
antoine griezmann,Atlético Madrid,1062,76.8,671,87.8,414,75.6,178,55.6,5.6,5.8,0.4,86,34,2,2023-2024,laliga
vicente guaita,Celta Vigo,555,69.0,105,99.0,260,98.8,437,44.4,0.0,0.0,0.0,9,0,0,2023-2024,laliga
andres guardado,Betis,253,84.9,108,93.5,115,88.7,58,72.4,0.2,0.3,-0.2,34,5,1,2023-2024,laliga
sergi guardiola,Cádiz,148,70.8,101,82.2,65,80.0,23,34.8,0.8,0.8,0.2,10,2,2,2023-2024,laliga
nemanja gudelj,Sevilla,914,86.1,374,92.5,535,91.0,114,62.3,0.4,0.4,0.6,82,2,2,2023-2024,laliga
goncalo guedes,Villarreal,255,76.6,159,85.5,121,81.0,28,57.1,1.5,1.1,0.5,19,23,8,2023-2024,laliga
javier guerra,Valencia,700,72.2,415,80.5,360,80.0,112,42.9,0.9,1.9,0.1,64,11,2,2023-2024,laliga
ander guevara,Alavés,1111,75.5,641,82.7,558,78.7,173,60.7,0.9,1.5,-0.9,167,21,2,2023-2024,laliga
hugo guillamon,Valencia,564,81.2,308,88.0,253,83.8,105,62.9,0.4,0.5,-0.4,62,3,1,2023-2024,laliga
marc guiu,Barcelona,8,100.0,3,100.0,3,100.0,0,,0.3,0.1,-0.3,0,1,0,2023-2024,laliga
arda guler,Real Madrid,183,83.9,121,95.0,61,82.0,21,47.6,0.1,0.5,-0.1,8,6,0,2023-2024,laliga
gerard gumbau,Granada,1079,71.7,525,85.7,524,81.3,371,50.4,4.0,4.0,-1.0,132,22,5,2023-2024,laliga
ilkay gundogan,Barcelona,2163,86.2,1186,92.3,904,91.8,313,58.1,10.3,9.8,-1.3,188,48,4,2023-2024,laliga
jon guridi,Alavés,643,77.5,389,83.8,303,82.8,78,61.5,3.5,2.9,0.5,67,23,4,2023-2024,laliga
gorka guruzeta,Athletic Club,422,68.3,324,76.2,179,72.1,38,55.3,2.4,1.8,2.6,38,14,3,2023-2024,laliga
miguel gutierrez,Girona,1595,86.0,916,93.9,685,86.1,146,65.8,7.5,6.8,-0.5,102,56,19,2023-2024,laliga
munir el haddadi,Las Palmas,584,76.8,386,86.8,227,78.9,76,50.0,1.9,2.8,0.1,40,22,1,2023-2024,laliga
ianis hagi,Alavés,194,64.5,119,84.0,93,65.6,65,47.7,2.0,1.8,0.0,21,12,4,2023-2024,laliga
luiz henrique,Betis,146,69.2,101,77.2,62,74.2,24,54.2,1.6,1.5,1.4,10,10,6,2023-2024,laliga
mario hermoso,Atlético Madrid,1676,86.1,879,94.2,737,89.4,260,60.0,0.8,1.1,0.2,162,18,6,2023-2024,laliga
javi hernandez,Cádiz,922,71.4,524,85.7,452,77.4,242,38.4,2.1,2.8,-0.1,73,24,18,2023-2024,laliga
aridane hernandez,Rayo Vallecano,675,85.7,272,91.2,387,91.0,114,59.6,0.0,0.1,0.0,20,0,0,2023-2024,laliga
luis hernandez,Cádiz,257,70.8,92,84.8,170,80.6,98,41.8,0.4,0.4,-0.4,27,1,0,2023-2024,laliga
jorge herrando,Osasuna,589,79.8,237,89.9,347,90.8,131,42.7,0.2,0.1,0.8,33,1,0,2023-2024,laliga
ander herrera,Athletic Club,643,85.1,369,91.3,271,86.3,71,62.0,1.2,1.9,1.8,67,17,3,2023-2024,laliga
cristian herrera,Las Palmas,92,91.1,69,95.7,25,92.0,1,100.0,0.0,0.1,0.0,6,0,0,2023-2024,laliga
sergio herrera,Osasuna,766,64.6,87,100.0,323,97.5,770,47.0,0.0,0.1,0.0,35,0,0,2023-2024,laliga
yangel herrera,Girona,972,85.5,608,91.0,377,84.9,88,67.0,2.4,1.9,-2.4,79,15,7,2023-2024,laliga
juan herzog,Las Palmas,195,88.6,127,95.3,68,91.2,12,41.7,0.0,0.0,0.0,2,0,0,2023-2024,laliga
martin hongla,Granada,237,83.7,95,91.6,131,90.1,48,60.4,0.0,0.1,0.0,20,1,0,2023-2024,laliga
xabier huarte armendariz,Osasuna,2,100.0,1,100.0,1,100.0,0,,0.0,0.0,0.0,0,0,0,2023-2024,laliga
pablo ibanez,Osasuna,343,75.9,208,78.4,172,85.5,40,55.0,1.2,1.1,0.8,41,10,2,2023-2024,laliga
iglesias,Getafe,382,60.2,188,82.4,236,65.7,169,36.1,0.7,1.0,1.3,41,15,12,2023-2024,laliga
borja iglesias,Betis,83,82.2,66,86.4,23,87.0,6,66.7,0.9,0.7,0.1,2,6,0,2023-2024,laliga
imanol,Athletic Club,280,81.6,178,89.9,115,86.1,30,53.3,0.2,0.3,-0.2,24,6,3,2023-2024,laliga
isco,Betis,1201,80.0,699,90.7,442,83.9,239,56.1,6.4,6.4,-1.4,130,58,7,2023-2024,laliga
diego iturralde,Sevilla,9,64.3,5,100.0,7,57.1,2,0.0,0.0,0.0,0.0,0,0,0,2023-2024,laliga
adnan januzaj,Sevilla,70,79.5,38,92.1,28,82.1,18,55.6,0.0,0.2,0.0,6,1,1,2023-2024,laliga
mikel jauregizar,Athletic Club,56,70.9,37,78.4,27,85.2,10,30.0,0.1,0.1,-0.1,5,1,0,2023-2024,laliga
luis javier suarez,Almería,150,74.3,91,82.4,71,83.1,17,70.6,0.6,0.5,-0.6,14,2,1,2023-2024,laliga
salim el jebari,Atlético Madrid,3,75.0,3,100.0,1,0.0,0,,0.0,0.0,0.0,0,0,0,2023-2024,laliga
frenkie de jong,Barcelona,1542,92.1,905,96.4,608,91.8,104,76.9,2.2,4.9,-2.2,187,34,7,2023-2024,laliga
joan jordan,Sevilla,212,87.2,109,92.7,94,91.5,24,83.3,0.0,0.1,0.0,34,1,0,2023-2024,laliga
jordi,Getafe,150,62.0,112,79.5,88,56.8,21,33.3,0.6,0.4,-0.6,13,2,1,2023-2024,laliga
jeremy jorge,Getafe,0,,0,,0,,0,,0.0,0.0,0.0,0,0,0,2023-2024,laliga
willian jose,Betis,429,79.3,306,83.3,130,82.3,38,76.3,2.5,1.7,2.5,16,7,1,2023-2024,laliga
joselu,Real Madrid,260,72.2,224,76.3,82,72.0,11,72.7,1.7,2.0,0.3,16,3,0,2023-2024,laliga
kamil jozwiak,Granada,128,71.1,87,80.5,61,72.1,13,46.2,1.2,0.6,-0.2,9,11,1,2023-2024,laliga
juanmi,Cádiz,181,80.1,132,85.6,64,82.8,9,55.6,1.6,0.6,-0.6,6,4,1,2023-2024,laliga
juanpe,Girona,500,90.9,181,96.1,299,94.0,61,63.9,0.0,0.0,0.0,8,0,0,2023-2024,laliga
vinicius junior,Real Madrid,499,72.3,370,84.3,171,67.3,76,56.6,4.2,4.4,0.8,37,20,2,2023-2024,laliga
filip jrgensen,Villarreal,1052,80.7,241,99.6,572,99.7,482,49.4,0.0,0.0,0.0,13,0,0,2023-2024,laliga
sory kaba,Las Palmas,111,70.3,82,74.4,40,77.5,13,69.2,0.3,0.4,0.7,7,1,0,2023-2024,laliga
kaiky,Almería,217,82.5,67,86.6,133,91.7,52,57.7,0.0,0.0,0.0,18,1,0,2023-2024,laliga
jon karrikaburu,Alavés,2,40.0,2,0.0,1,100.0,1,100.0,0.0,0.0,0.0,0,0,0,2023-2024,laliga
ibrahima kebe,Girona,5,62.5,6,50.0,2,100.0,0,,0.0,0.0,0.0,0,0,0,2023-2024,laliga
kike,Alavés,200,66.4,147,71.4,95,70.5,19,57.9,2.0,1.4,0.0,15,8,2,2023-2024,laliga
koke,Atlético Madrid,2037,90.0,1117,95.4,790,91.6,242,71.9,3.6,3.0,0.4,196,33,1,2023-2024,laliga
ibrahima kone,Almería,38,67.9,30,73.3,18,72.2,3,66.7,0.1,0.5,-0.1,0,0,0,2023-2024,laliga
rominigue kouame,Cádiz,355,86.4,194,85.6,169,89.9,34,88.2,0.1,0.3,-0.1,41,5,1,2023-2024,laliga
jules kounde,Barcelona,2478,89.9,1263,94.4,1164,93.6,237,65.8,2.2,2.6,-0.2,267,20,5,2023-2024,laliga
toni kroos,Real Madrid,2291,91.5,1121,97.0,881,94.0,438,76.0,4.9,5.9,3.1,327,23,5,2023-2024,laliga
takefusa kubo,Real Sociedad,611,70.9,417,84.7,255,71.8,116,46.6,6.4,6.5,-2.4,38,31,5,2023-2024,laliga
luca de la torre,Celta Vigo,620,81.2,440,90.0,205,85.9,27,51.9,1.4,1.5,2.6,58,7,0,2023-2024,laliga
yoel lago,Celta Vigo,82,95.3,38,92.1,43,100.0,3,100.0,0.0,0.0,0.0,0,0,0,2023-2024,laliga
erik lamela,Sevilla,142,81.6,102,88.2,54,79.6,6,33.3,1.0,0.7,-1.0,11,6,2,2023-2024,laliga
bruno langa,Almería,307,76.8,176,86.9,153,80.4,51,47.1,0.4,0.3,-0.4,18,8,3,2023-2024,laliga
cyle larin,Mallorca,184,62.6,149,71.8,79,64.6,16,62.5,1.4,0.5,0.6,8,1,0,2023-2024,laliga
juanmi latasa,Getafe,192,52.2,209,57.9,97,47.4,18,38.9,1.5,1.4,-1.5,13,8,0,2023-2024,laliga
toni lato,Mallorca,595,75.5,352,87.8,306,76.1,87,48.3,1.3,1.3,-0.3,26,14,9,2023-2024,laliga
lazaro,Almería,69,69.0,47,74.5,29,82.8,13,46.2,0.5,0.3,-0.5,4,1,0,2023-2024,laliga
robin le normand,Real Sociedad,1562,88.5,524,91.4,955,92.8,249,74.7,0.1,0.8,-0.1,94,0,0,2023-2024,laliga
jeremias ledesma,Cádiz,689,58.1,79,97.5,248,98.8,850,43.2,0.1,0.2,-0.1,58,0,0,2023-2024,laliga
florian lejeune,Rayo Vallecano,1636,80.6,489,87.9,997,93.0,494,53.0,0.7,0.8,0.3,137,5,1,2023-2024,laliga
stefan lekovic,Villarreal,12,85.7,8,87.5,4,75.0,2,100.0,0.0,0.0,0.0,0,0,0,2023-2024,laliga
inigo lekue,Athletic Club,1012,79.5,499,88.2,577,84.7,143,48.3,1.1,0.9,0.9,86,16,7,2023-2024,laliga
thomas lemar,Atlético Madrid,71,84.5,46,89.1,29,86.2,6,33.3,0.0,0.1,0.0,10,1,0,2023-2024,laliga
alvaro lemos,Las Palmas,145,78.4,95,93.7,60,76.7,23,39.1,0.0,0.1,0.0,12,2,0,2023-2024,laliga
ruben lendinez,Valencia,6,100.0,3,100.0,3,100.0,0,,0.0,0.0,0.0,0,0,0,2023-2024,laliga
robert lewandowski,Barcelona,416,70.3,311,79.7,168,71.4,35,60.0,4.9,3.6,3.1,27,25,4,2023-2024,laliga
samuel lino,Atlético Madrid,816,80.4,582,88.7,279,82.4,66,59.1,4.7,3.5,0.3,36,38,3,2023-2024,laliga
javier llabres,Mallorca,64,66.0,35,82.9,37,67.6,15,46.7,0.3,0.3,-0.3,2,2,1,2023-2024,laliga
marcos llorente,Atlético Madrid,974,79.9,654,90.5,371,80.6,73,50.7,5.6,4.5,-1.6,60,36,11,2023-2024,laliga
enzo loiodice,Las Palmas,935,82.8,635,89.6,323,85.8,74,54.1,1.3,1.8,-0.3,81,7,0,2023-2024,laliga
david lopez,Girona,1468,92.8,551,94.4,882,96.3,115,66.1,0.2,0.4,-0.2,48,1,0,2023-2024,laliga
diego lopez,Valencia,512,64.7,412,73.8,223,66.4,59,49.2,5.4,2.4,0.6,35,21,7,2023-2024,laliga
fermin lopez,Barcelona,522,82.7,349,92.0,172,80.2,54,70.4,1.1,1.3,-1.1,53,16,2,2023-2024,laliga
javi lopez,Alavés,775,68.6,458,85.4,395,71.4,204,41.2,3.0,2.5,0.0,63,21,16,2023-2024,laliga
unai lopez,Rayo Vallecano,1184,81.0,585,93.5,552,85.7,254,52.4,2.5,2.7,-0.5,113,26,7,2023-2024,laliga
dion lopy,Almería,745,84.5,316,87.3,384,88.5,137,80.3,1.2,0.7,-1.2,81,8,1,2023-2024,laliga
anthony lozano,Getafe,10,62.5,8,75.0,4,50.0,1,100.0,0.3,0.2,-0.3,1,1,1,2023-2024,laliga
anthony lozano,Almería,98,72.1,61,78.7,43,83.7,7,57.1,0.7,0.2,-0.7,12,1,0,2023-2024,laliga
lucas,Cádiz,595,73.7,351,88.6,298,74.2,115,42.6,1.9,2.0,-1.9,33,21,14,2023-2024,laliga
jose luis gaya,Valencia,801,75.4,425,88.5,434,79.0,153,46.4,2.6,2.5,-0.6,50,22,12,2023-2024,laliga
jose luis morales,Villarreal,154,72.0,111,83.8,69,68.1,17,70.6,0.6,0.8,-0.6,10,3,1,2023-2024,laliga
dodi lukebakio,Sevilla,269,76.6,173,88.4,100,80.0,40,57.5,0.7,1.1,0.3,8,10,4,2023-2024,laliga
andriy lunin,Real Madrid,580,87.1,148,99.3,335,98.5,176,56.8,0.3,0.0,-0.3,6,0,0,2023-2024,laliga
darwin machis,Cádiz,177,61.0,101,84.2,103,64.1,60,36.7,0.7,1.1,-0.7,12,7,6,2023-2024,laliga
pablo maffeo,Mallorca,374,62.0,207,83.1,233,66.5,116,32.8,0.9,0.9,1.1,32,9,8,2023-2024,laliga
jon magunazelaia,Real Sociedad,30,66.7,24,70.8,15,66.7,0,,0.5,0.3,-0.5,1,0,0,2023-2024,laliga
nemanja maksimovic,Getafe,844,81.5,557,86.9,338,82.2,62,59.7,1.1,1.6,-1.1,67,7,1,2023-2024,laliga
giorgi mamardashvili,Valencia,589,53.0,111,96.4,262,96.6,734,31.1,0.4,0.1,-0.4,26,1,0,2023-2024,laliga
wilson manafa,Granada,104,77.0,57,91.2,52,78.8,18,50.0,0.3,0.2,-0.3,2,3,1,2023-2024,laliga
reinildo mandava,Atlético Madrid,353,85.3,210,90.5,157,89.2,29,51.7,0.6,0.5,0.4,21,3,1,2023-2024,laliga
aissa mandi,Villarreal,671,91.4,257,91.4,355,96.6,108,81.5,0.7,0.4,-0.7,57,4,0,2023-2024,laliga
javier manquillo,Celta Vigo,357,81.9,198,90.4,193,82.9,26,42.3,0.2,0.4,0.8,22,4,0,2023-2024,laliga
faitout maouassa,Granada,58,59.8,39,69.2,29,82.8,22,22.7,0.5,0.4,0.5,4,1,1,2023-2024,laliga
marcao,Sevilla,176,88.4,67,97.0,105,91.4,20,70.0,0.2,0.1,-0.2,17,0,0,2023-2024,laliga
oscar de marcos,Athletic Club,1243,79.4,708,89.5,593,80.4,183,56.3,3.1,3.4,1.9,131,37,26,2023-2024,laliga
alberto mari,Valencia,38,62.3,30,73.3,16,68.8,2,100.0,0.9,0.9,0.1,3,1,0,2023-2024,laliga
jose mari,Cádiz,16,76.2,5,100.0,9,88.9,4,50.0,0.0,0.0,0.0,4,0,0,2023-2024,laliga
jose maria gimenez,Atlético Madrid,562,86.1,188,89.9,333,92.5,116,69.0,0.1,0.1,-0.1,27,0,0,2023-2024,laliga
mariano,Sevilla,37,69.8,26,73.1,14,71.4,8,62.5,0.1,0.1,-0.1,2,1,1,2023-2024,laliga
rafa marin,Alavés,846,82.5,291,89.0,506,89.7,211,60.2,0.3,0.4,-0.3,71,2,0,2023-2024,laliga
diego marino,Almería,23,85.2,11,100.0,10,100.0,6,33.3,0.0,0.0,0.0,1,0,0,2023-2024,laliga
mika marmol,Las Palmas,2282,88.2,1235,94.7,1048,92.5,218,44.0,1.0,1.1,0.0,147,5,2,2023-2024,laliga
unai marrero,Real Sociedad,28,62.2,6,83.3,13,100.0,26,38.5,0.0,0.1,0.0,2,0,0,2023-2024,laliga
roger marti,Cádiz,225,65.4,191,73.3,98,70.4,23,39.1,2.9,1.3,0.1,12,6,0,2023-2024,laliga
ivan martin,Girona,1487,91.3,873,94.4,592,93.2,76,81.6,3.4,3.3,0.6,104,17,1,2023-2024,laliga
jon martin,Real Sociedad,5,71.4,2,50.0,3,100.0,2,50.0,0.0,0.0,0.0,0,0,0,2023-2024,laliga
mario martin,Real Madrid,12,80.0,5,100.0,9,66.7,0,,0.0,0.0,0.0,1,0,0,2023-2024,laliga
arnau martinez,Girona,751,90.0,384,94.3,366,93.4,49,55.1,1.4,1.5,0.6,62,9,4,2023-2024,laliga
inigo martinez,Barcelona,1001,88.4,432,93.3,496,93.5,173,68.2,0.0,0.5,0.0,99,5,1,2023-2024,laliga
marc martinez,Granada,75,76.5,19,100.0,32,96.9,47,53.2,0.0,0.0,0.0,1,0,0,2023-2024,laliga
marvin,Las Palmas,557,72.0,378,83.6,266,76.3,52,32.7,2.5,2.0,-0.5,16,13,6,2023-2024,laliga
omar mascarell,Mallorca,638,81.9,310,87.7,317,88.0,120,65.8,0.0,0.2,0.0,64,6,0,2023-2024,laliga
jaime mata,Getafe,340,65.3,281,77.9,142,62.0,39,35.9,1.5,1.6,-0.5,12,11,6,2023-2024,laliga
luis maximiano,Almería,833,65.8,144,100.0,434,97.7,681,38.9,0.0,0.0,0.0,11,0,0,2023-2024,laliga
borja mayoral,Getafe,422,75.6,252,85.7,166,74.7,63,76.2,1.4,1.3,-0.4,48,7,2,2023-2024,laliga
mamadou mbaye,Cádiz,47,56.0,21,71.4,29,69.0,28,35.7,0.0,0.0,0.0,3,0,0,2023-2024,laliga
hannibal mejbri,Sevilla,41,82.0,29,93.1,16,81.3,4,25.0,0.5,0.2,-0.5,4,3,0,2023-2024,laliga
oscar melendo,Granada,328,80.2,180,88.9,156,82.1,41,65.9,0.5,1.0,-0.5,34,10,0,2023-2024,laliga
gonzalo melero,Almería,381,81.9,245,85.7,164,87.2,26,65.4,1.2,0.9,-0.2,44,7,0,2023-2024,laliga
memphis,Atlético Madrid,195,73.9,149,81.2,60,81.7,25,64.0,1.8,1.6,-0.8,20,9,2,2023-2024,laliga
houboulang mendes,Almería,129,72.9,69,89.9,75,72.0,22,45.5,0.0,0.0,0.0,12,1,1,2023-2024,laliga
tomas mendes,Alavés,4,66.7,2,50.0,3,100.0,0,,0.0,0.0,0.0,0,0,0,2023-2024,laliga
brais mendez,Real Sociedad,942,75.7,609,84.1,357,85.2,181,45.9,4.2,4.4,1.8,109,30,5,2023-2024,laliga
bruno mendez,Granada,452,71.1,195,84.1,283,77.7,120,45.8,0.1,0.2,-0.1,45,5,2,2023-2024,laliga
diego mendez,Rayo Vallecano,2,100.0,1,100.0,1,100.0,0,,0.0,0.0,0.0,0,0,0,2023-2024,laliga
ferland mendy,Real Madrid,1201,94.2,781,97.2,383,93.0,50,82.0,0.9,0.7,-0.9,63,10,1,2023-2024,laliga
jorge mere,Cádiz,166,71.2,54,83.3,106,86.8,66,42.4,0.0,0.0,0.0,15,1,0,2023-2024,laliga
mikel merino,Real Sociedad,1076,76.2,711,83.5,473,76.7,132,65.9,1.9,2.8,1.1,122,27,3,2023-2024,laliga
omenuke mfulu,Las Palmas,53,88.3,28,92.9,26,96.2,3,0.0,0.0,0.0,0.0,3,0,0,2023-2024,laliga
miguel,Alavés,7,46.7,6,50.0,4,50.0,1,0.0,0.0,0.0,0.0,0,0,0,2023-2024,laliga
eder militao,Real Madrid,297,90.3,114,96.5,165,94.5,40,70.0,0.0,0.0,0.0,13,0,0,2023-2024,laliga
luis milla,Getafe,1011,79.4,490,90.4,468,83.5,250,60.8,1.7,2.1,-0.7,140,10,6,2023-2024,laliga
marko milovanovic,Almería,43,63.2,41,73.2,15,60.0,2,0.0,0.1,0.1,-0.1,3,1,0,2023-2024,laliga
oscar mingueza,Celta Vigo,1478,75.1,875,88.9,699,76.7,277,45.1,3.9,6.2,-1.9,169,55,17,2023-2024,laliga
ignasi miquel,Granada,1265,81.7,447,88.6,790,90.5,284,51.1,1.2,0.8,-0.2,72,5,0,2023-2024,laliga
rafa mir,Sevilla,61,69.3,41,78.0,30,80.0,5,40.0,0.3,0.1,-0.3,1,1,1,2023-2024,laliga
juan miranda,Betis,913,78.3,467,89.1,488,78.3,149,57.7,1.9,2.4,-0.9,64,32,9,2023-2024,laliga
stefan mitrovic,Getafe,191,76.1,69,82.6,115,81.7,66,60.6,0.3,0.3,-0.3,16,1,0,2023-2024,laliga
luka modric,Real Madrid,1452,87.0,835,94.6,513,89.5,226,66.4,5.5,4.8,0.5,162,42,4,2023-2024,laliga
johan mojica,Osasuna,865,72.5,513,89.7,416,75.7,185,42.2,2.6,3.2,0.4,58,36,25,2023-2024,laliga
alberto moleiro,Las Palmas,581,79.0,402,86.8,225,84.0,28,42.9,2.7,2.7,0.3,44,26,2,2023-2024,laliga
nahuel molina,Atlético Madrid,957,73.4,641,89.1,415,70.4,159,41.5,2.9,2.2,0.1,48,30,12,2023-2024,laliga
jon moncayola,Osasuna,786,76.7,387,87.9,401,82.0,198,53.5,2.3,2.5,0.7,95,15,5,2023-2024,laliga
cesar montes,Almería,750,77.1,266,84.2,487,88.3,196,43.9,0.2,0.4,-0.2,51,7,1,2023-2024,laliga
alvaro morata,Atlético Madrid,267,69.5,213,76.5,92,72.8,30,63.3,1.7,1.6,1.3,17,7,2,2023-2024,laliga
alberto moreno,Villarreal,586,79.9,307,88.6,291,84.5,104,57.7,1.6,1.8,0.4,35,23,9,2023-2024,laliga
gerard moreno,Villarreal,779,77.8,491,85.9,335,82.1,106,66.0,5.3,4.6,0.7,82,43,6,2023-2024,laliga
jorge moreno,Osasuna,2,28.6,1,0.0,3,66.7,2,0.0,0.0,0.0,0.0,0,0,0,2023-2024,laliga
ilaix moriba,Getafe,150,73.5,115,77.4,58,77.6,16,62.5,0.6,0.4,1.4,11,4,0,2023-2024,laliga
manu morlanes,Mallorca,669,82.7,395,89.1,269,87.7,85,63.5,2.0,2.0,0.0,74,14,3,2023-2024,laliga
cristhian mosquera,Valencia,1454,88.3,543,92.1,859,94.1,211,63.5,0.0,0.2,0.0,45,0,0,2023-2024,laliga
yerson mosquera,Villarreal,628,85.6,246,91.5,373,93.8,89,50.6,0.3,0.5,0.7,32,3,2,2023-2024,laliga
abdul mumin,Rayo Vallecano,617,79.8,203,88.2,393,90.3,163,46.6,0.3,0.1,-0.3,34,4,0,2023-2024,laliga
iker muniain,Athletic Club,345,84.1,216,90.7,132,85.6,42,52.4,0.4,1.3,-0.4,37,10,0,2023-2024,laliga
aihen munoz,Real Sociedad,504,71.8,240,90.0,315,74.3,112,42.9,2.0,0.9,0.0,35,11,10,2023-2024,laliga
iker munoz,Osasuna,739,74.6,360,83.6,442,79.2,144,51.4,0.2,0.5,-0.2,85,4,0,2023-2024,laliga
javier munoz,Las Palmas,1018,79.2,682,87.4,393,85.5,98,41.8,1.4,1.8,1.6,102,24,7,2023-2024,laliga
vedat muriqi,Mallorca,411,62.3,338,66.6,196,66.3,41,63.4,2.6,1.8,-0.6,42,13,2,2023-2024,laliga
nacho,Real Madrid,1183,92.3,598,96.0,561,94.8,98,66.3,1.2,0.9,-0.2,47,3,1,2023-2024,laliga
matija nastasic,Mallorca,788,79.4,277,88.8,480,85.6,215,57.2,0.6,0.7,-0.6,60,8,2,2023-2024,laliga
roberto navarro,Cádiz,531,72.0,387,86.8,186,71.0,88,35.2,3.1,2.4,-2.1,47,26,11,2023-2024,laliga
jesus navas,Sevilla,922,72.6,523,87.6,437,74.6,214,50.0,1.9,2.8,0.1,74,37,21,2023-2024,laliga
alvaro negredo,Cádiz,10,45.5,10,50.0,3,100.0,4,25.0,0.1,0.1,-0.1,0,1,1,2023-2024,laliga
carlos neva,Granada,1291,75.9,763,90.3,610,80.2,224,43.3,3.2,1.4,-1.2,70,27,18,2023-2024,laliga
tanguy nianzou,Sevilla,137,87.8,50,86.0,87,92.0,15,80.0,0.0,0.0,0.0,14,0,0,2023-2024,laliga
saul niguez,Atlético Madrid,549,80.5,383,88.3,199,82.4,48,50.0,3.2,2.1,0.8,44,9,5,2023-2024,laliga
peru nolaskoain,Athletic Club,5,62.5,1,100.0,5,80.0,1,0.0,0.0,0.0,0.0,1,0,0,2023-2024,laliga
randy nteka,Rayo Vallecano,129,71.7,104,78.8,48,72.9,4,100.0,0.9,0.9,0.1,9,5,0,2023-2024,laliga
unai nunez,Celta Vigo,1303,79.7,472,86.9,807,88.2,314,53.5,0.8,1.0,-0.8,97,2,0,2023-2024,laliga
rjan nyland,Sevilla,486,61.8,78,100.0,196,98.0,506,41.9,0.4,0.0,-0.4,16,0,0,2023-2024,laliga
jan oblak,Atlético Madrid,773,75.4,136,100.0,419,98.8,463,47.1,0.0,0.0,0.0,7,0,0,2023-2024,laliga
brian ocampo,Cádiz,83,62.9,66,77.3,25,60.0,22,54.5,0.1,0.2,-0.1,3,7,2,2023-2024,laliga
lucas ocampos,Sevilla,837,67.1,591,80.2,378,68.5,170,40.6,4.5,4.1,-1.5,52,40,20,2023-2024,laliga
alvaro odriozola,Real Sociedad,212,86.9,112,91.1,105,90.5,13,69.2,0.2,0.2,-0.2,10,3,3,2023-2024,laliga
aingeru olabarrieta,Athletic Club,2,40.0,2,100.0,1,0.0,0,,0.0,0.0,0.0,0,0,0,2023-2024,laliga
olasagasti,Real Sociedad,127,73.8,94,83.0,48,79.2,12,41.7,0.3,0.2,-0.3,10,3,0,2023-2024,laliga
samu omorodion,Alavés,232,72.0,180,78.9,93,73.1,13,61.5,1.3,0.6,-0.3,11,5,0,2023-2024,laliga
samu omorodion,Granada,10,66.7,5,60.0,4,100.0,2,100.0,0.0,0.0,0.0,0,0,0,2023-2024,laliga
aimar oroz,Osasuna,839,81.1,560,86.6,329,87.5,63,65.1,1.6,2.2,-0.6,68,18,0,2023-2024,laliga
eneko ortiz,Alavés,3,75.0,2,100.0,1,100.0,0,,0.0,0.0,0.0,0,1,0,2023-2024,laliga
asier osambela,Osasuna,2,40.0,3,66.7,1,0.0,0,,0.0,0.0,0.0,1,0,0,2023-2024,laliga
milutin osmajic,Cádiz,2,66.7,1,100.0,1,100.0,0,,0.0,0.0,0.0,0,0,0,2023-2024,laliga
aiham ousou,Cádiz,142,78.5,60,80.0,83,90.4,31,54.8,0.0,0.2,0.0,6,2,0,2023-2024,laliga
jesus owono,Alavés,77,64.7,10,100.0,28,96.4,81,49.4,0.0,0.0,0.0,7,0,0,2023-2024,laliga
mikel oyarzabal,Real Sociedad,373,73.6,283,81.3,137,77.4,23,56.5,1.7,1.3,1.3,22,13,0,2023-2024,laliga
cenk ozkacar,Valencia,698,81.2,295,89.8,398,91.5,135,43.0,0.1,0.3,-0.1,48,3,0,2023-2024,laliga
jon pacheco,Real Sociedad,1019,86.9,347,90.8,635,94.2,173,59.0,0.2,0.3,0.8,50,1,1,2023-2024,laliga
isaac palazon camacho,Rayo Vallecano,825,68.6,525,83.4,372,72.6,209,39.2,1.9,2.2,-0.9,94,17,3,2023-2024,laliga
joaquin panichelli,Alavés,29,63.0,21,76.2,15,73.3,3,0.0,0.1,0.1,-0.1,4,1,0,2023-2024,laliga
sokratis papastathopoulos,Betis,507,88.3,204,94.6,284,92.6,73,61.6,0.0,0.1,0.0,6,0,0,2023-2024,laliga
victor parada,Alavés,0,,0,,0,,0,,0.0,0.0,0.0,0,0,0,2023-2024,laliga
aitor paredes,Athletic Club,1331,85.5,432,89.1,843,93.1,247,59.1,0.2,0.4,-0.2,68,6,0,2023-2024,laliga
daniel parejo,Villarreal,1624,87.9,708,92.9,786,94.3,282,70.9,3.0,4.0,2.0,177,28,5,2023-2024,laliga
pascu,Villarreal,4,80.0,1,100.0,1,100.0,2,50.0,0.0,0.0,0.0,1,0,0,2023-2024,laliga
gabriel paulista,Atlético Madrid,240,87.6,82,93.9,159,91.2,30,56.7,0.1,0.0,-0.1,3,0,0,2023-2024,laliga
gabriel paulista,Valencia,699,85.7,222,84.2,449,94.0,129,63.6,0.2,0.3,-0.2,40,3,0,2023-2024,laliga
nicolas paz,Real Madrid,18,75.0,12,75.0,7,85.7,2,50.0,0.0,0.0,0.0,3,1,0,2023-2024,laliga
alfonso pedraza,Villarreal,459,76.8,278,90.3,221,80.1,60,45.0,3.6,2.3,-0.6,17,24,14,2023-2024,laliga
pedri,Barcelona,1035,87.0,555,89.5,478,91.0,95,82.1,4.2,4.1,-2.2,83,37,4,2023-2024,laliga
adria pedrosa,Sevilla,681,73.1,442,87.1,315,76.2,122,38.5,3.2,2.0,0.8,42,18,13,2023-2024,laliga
pejino,Las Palmas,166,71.6,110,88.2,72,66.7,33,42.4,0.6,0.5,-0.6,7,6,1,2023-2024,laliga
facundo pellistri,Granada,213,69.8,159,82.4,87,72.4,12,50.0,1.2,1.1,-0.2,3,14,5,2023-2024,laliga
inaki pena,Barcelona,259,87.2,76,100.0,146,99.3,74,50.0,0.0,0.0,0.0,0,0,0,2023-2024,laliga
marcos pena,Almería,188,86.6,108,88.9,85,91.8,16,62.5,0.0,0.0,0.0,8,0,0,2023-2024,laliga
ruben pena,Osasuna,626,65.5,368,80.7,376,69.9,129,40.3,2.6,3.0,-0.6,55,33,18,2023-2024,laliga
alberto perea,Granada,6,85.7,5,100.0,2,50.0,0,,0.1,0.0,-0.1,0,1,0,2023-2024,laliga
ayoze perez,Betis,572,77.5,433,87.1,177,78.5,26,57.7,3.9,3.0,-2.9,46,22,0,2023-2024,laliga
carles perez,Celta Vigo,201,77.6,129,85.3,81,86.4,27,44.4,1.3,0.8,-0.3,10,9,2,2023-2024,laliga
francisco perez,Valencia,436,74.7,337,84.0,155,72.3,37,51.4,2.6,2.1,1.4,24,18,7,2023-2024,laliga
kike perez,Rayo Vallecano,279,75.8,143,89.5,151,74.8,45,57.8,0.6,0.9,-0.6,33,6,0,2023-2024,laliga
maximo perrone,Las Palmas,1181,90.1,728,93.1,464,91.4,55,67.3,0.5,1.2,-0.5,97,8,0,2023-2024,laliga
njegos petrovic,Granada,67,82.7,41,87.8,29,89.7,8,50.0,0.1,0.1,-0.1,7,1,0,2023-2024,laliga
german pezzella,Betis,1277,86.0,475,93.3,811,89.3,168,56.0,0.3,0.3,-0.3,49,4,1,2023-2024,laliga
kamil piatkowski,Granada,197,85.7,70,95.7,118,94.1,37,48.6,0.1,0.1,-0.1,8,1,1,2023-2024,laliga
yeremi pino,Villarreal,137,80.1,95,85.3,48,87.5,17,64.7,0.2,0.5,-0.2,3,6,1,2023-2024,laliga
portu,Getafe,17,73.9,10,80.0,6,83.3,1,100.0,0.2,0.3,-0.2,1,2,0,2023-2024,laliga
portu,Girona,232,75.3,154,83.1,99,83.8,19,36.8,3.5,2.2,1.5,13,9,2,2023-2024,laliga
jose pozo,Rayo Vallecano,11,100.0,7,100.0,4,100.0,0,,0.0,0.0,0.0,1,0,0,2023-2024,laliga
alejandro pozo pozo,Almería,443,74.1,272,87.5,211,74.4,77,48.1,0.6,0.8,-0.6,36,15,8,2023-2024,laliga
benat prados,Athletic Club,667,82.2,394,89.1,329,83.0,46,56.5,0.5,1.0,-0.5,69,10,2,2023-2024,laliga
abdon prats,Mallorca,132,55.0,110,66.4,71,59.2,23,52.2,2.4,1.2,-1.4,12,8,0,2023-2024,laliga
marc pubill,Almería,686,71.6,416,86.3,361,73.7,119,35.3,1.5,1.2,1.5,39,11,10,2023-2024,laliga
antonio puertas,Granada,154,72.0,103,77.7,68,70.6,20,55.0,0.6,0.6,1.4,13,8,3,2023-2024,laliga
arnau puigmal,Almería,65,69.9,46,91.3,22,72.7,17,29.4,0.3,0.2,-0.3,6,4,1,2023-2024,laliga
nemanja radonjic,Mallorca,78,65.5,55,74.5,34,73.5,21,42.9,0.6,0.7,-0.6,9,5,4,2023-2024,laliga
aleksandar radovanovic,Almería,181,91.9,51,96.1,110,97.3,30,70.0,0.0,0.0,0.0,1,0,0,2023-2024,laliga
abdellah raihani,Atlético Madrid,0,,0,,0,,0,,0.0,0.0,0.0,0,0,0,2023-2024,laliga
antonio raillo,Mallorca,990,85.4,384,87.8,598,91.0,150,68.7,2.0,0.8,0.0,61,2,0,2023-2024,laliga
predrag rajkovic,Mallorca,735,58.8,74,100.0,258,97.3,911,44.7,0.2,0.1,-0.2,50,1,0,2023-2024,laliga
ivan rakitic,Sevilla,821,75.0,406,86.7,374,80.7,259,56.0,3.0,4.1,-2.0,111,26,16,2023-2024,laliga
largie ramazani,Almería,203,59.7,150,72.7,108,59.3,43,44.2,5.7,2.4,-0.7,26,16,2,2023-2024,laliga
benito ramirez,Las Palmas,136,69.4,109,90.8,37,62.2,29,27.6,0.5,0.4,0.5,8,5,3,2023-2024,laliga
sandro ramirez,Las Palmas,516,74.8,353,85.6,178,83.1,92,51.1,2.6,3.0,0.4,18,25,4,2023-2024,laliga
chris ramos,Cádiz,274,56.4,275,65.8,129,50.4,16,43.8,1.7,1.4,-0.7,13,9,1,2023-2024,laliga
sergio ramos,Sevilla,1356,89.0,420,92.1,754,94.4,325,76.3,0.1,0.4,-0.1,103,3,0,2023-2024,laliga
raphinha,Barcelona,522,75.3,313,83.4,222,82.0,114,55.3,5.7,5.0,3.3,39,32,8,2023-2024,laliga
andrei ratiu,Rayo Vallecano,245,78.3,159,84.9,108,83.3,27,59.3,0.6,0.6,-0.6,15,5,3,2023-2024,laliga
raul,Osasuna,191,62.4,190,67.4,68,67.6,10,60.0,0.6,0.8,0.4,14,6,0,2023-2024,laliga
abderrahman rebbach,Alavés,124,55.1,84,75.0,67,59.7,45,37.8,1.8,1.7,-1.8,12,6,3,2023-2024,laliga
pepe reina,Villarreal,57,82.6,11,100.0,32,100.0,26,53.8,0.0,0.0,0.0,2,0,0,2023-2024,laliga
alex remiro,Real Sociedad,965,76.7,165,100.0,495,98.8,592,52.4,0.0,0.1,0.0,19,0,0,2023-2024,laliga
chadi riad,Betis,1074,89.6,451,93.8,600,94.7,111,55.9,0.2,0.2,-0.2,20,0,0,2023-2024,laliga
diego rico,Getafe,993,66.4,570,84.6,566,67.8,267,39.0,3.8,3.4,3.2,106,40,32,2023-2024,laliga
luis rioja,Alavés,551,64.4,351,79.8,279,69.2,133,42.1,3.9,4.2,0.1,25,38,19,2023-2024,laliga
rodrigo riquelme,Atlético Madrid,501,74.4,367,86.4,179,74.9,59,44.1,3.1,3.7,1.9,25,30,8,2023-2024,laliga
alberto risco,Getafe,39,83.0,27,92.6,18,77.8,0,,0.3,0.2,-0.3,2,2,0,2023-2024,laliga
mihailo ristic,Celta Vigo,371,72.3,233,88.0,172,79.7,71,29.6,0.1,0.5,-0.1,31,3,3,2023-2024,laliga
gorka rivera alonso,Getafe,4,66.7,2,100.0,1,100.0,3,33.3,0.0,0.0,0.0,1,0,0,2023-2024,laliga
sergi roberto,Barcelona,582,89.0,364,93.7,211,91.0,34,67.6,0.8,0.8,1.2,57,3,1,2023-2024,laliga
lucas robertone,Almería,1107,81.2,594,90.4,498,84.9,209,58.4,2.5,2.2,2.5,115,19,9,2023-2024,laliga
marc roca,Betis,997,83.6,522,90.6,442,87.6,166,59.6,1.4,1.7,0.6,120,17,0,2023-2024,laliga
sergio rodelas,Granada,27,81.8,17,94.1,10,80.0,2,50.0,1.1,0.8,-0.1,0,1,1,2023-2024,laliga
rodri,Betis,449,78.8,286,90.2,183,78.7,48,56.3,1.2,2.2,-1.2,36,32,6,2023-2024,laliga
alvaro rodriguez,Real Madrid,0,,0,,0,,0,,0.0,0.0,0.0,0,0,0,2023-2024,laliga
oscar rodriguez arnaiz,Getafe,333,75.3,210,82.9,129,79.1,67,68.7,2.1,1.4,-1.1,39,11,1,2023-2024,laliga
damian rodriguez,Celta Vigo,191,89.7,92,96.7,89,94.4,21,47.6,0.8,0.8,1.2,17,0,0,2023-2024,laliga
dani rodriguez,Mallorca,693,68.6,389,84.3,340,73.5,199,42.2,4.1,5.2,-0.1,71,27,11,2023-2024,laliga
guido rodriguez,Betis,888,85.2,466,91.8,375,88.8,131,67.2,0.8,0.8,-0.8,73,1,0,2023-2024,laliga
kirian rodriguez,Las Palmas,2705,88.3,1587,93.1,1096,91.3,224,66.1,1.6,2.8,0.4,278,41,4,2023-2024,laliga
miguel rodriguez,Celta Vigo,82,70.7,55,87.3,43,60.5,6,16.7,0.2,0.2,-0.2,3,4,0,2023-2024,laliga
rodrygo,Real Madrid,883,87.7,683,93.6,202,82.2,33,57.6,4.0,4.2,1.0,42,44,4,2023-2024,laliga
carlos romero,Villarreal,113,68.9,74,81.1,62,72.6,19,36.8,0.0,0.2,0.0,5,1,0,2023-2024,laliga
isaac romero,Sevilla,146,69.9,105,79.0,64,71.9,12,41.7,1.7,1.0,2.3,9,9,1,2023-2024,laliga
luka romero,Almería,137,92.6,98,94.9,40,92.5,1,100.0,0.1,0.1,-0.1,7,2,1,2023-2024,laliga
oriol romeu,Barcelona,717,89.0,399,93.2,319,91.2,59,64.4,1.3,0.9,-0.3,80,8,1,2023-2024,laliga
unai ropero,Alavés,4,80.0,3,100.0,1,100.0,0,,0.0,0.0,0.0,0,0,0,2023-2024,laliga
vitor roque,Barcelona,49,73.1,41,82.9,15,73.3,1,100.0,0.0,0.0,0.0,3,0,0,2023-2024,laliga
antonio rudiger,Real Madrid,1630,89.8,654,95.6,908,94.7,219,59.4,1.2,1.0,-1.2,90,11,2,2023-2024,laliga
javier rueda garcia,Celta Vigo,14,87.5,5,80.0,8,87.5,2,100.0,0.0,0.0,0.0,1,0,0,2023-2024,laliga
aitor ruibal,Betis,445,75.9,280,90.0,190,77.9,79,46.8,1.3,0.8,-0.3,37,14,3,2023-2024,laliga
sergio ruiz,Granada,1080,84.2,541,90.6,517,90.1,151,63.6,1.3,1.8,2.7,68,23,3,2023-2024,laliga
youssouf sabaly,Betis,540,82.3,352,89.2,223,86.1,38,42.1,0.5,0.7,0.5,33,10,1,2023-2024,laliga
umar sadiq,Real Sociedad,131,68.2,96,77.1,58,72.4,12,50.0,1.1,0.9,-0.1,8,4,1,2023-2024,laliga
pablo saenz,Granada,5,71.4,1,100.0,4,75.0,1,100.0,0.0,0.0,0.0,0,2,1,2023-2024,laliga
kike salas,Sevilla,794,78.7,421,87.2,433,84.8,118,39.8,0.5,0.8,-0.5,54,6,2,2023-2024,laliga
salvi,Rayo Vallecano,10,83.3,4,100.0,5,80.0,2,50.0,0.0,0.0,0.0,0,0,0,2023-2024,laliga
diadie samassekou,Cádiz,45,95.7,23,100.0,13,92.3,8,100.0,0.0,0.0,0.0,8,0,0,2023-2024,laliga
fede san emeterio,Cádiz,43,82.7,15,86.7,23,91.3,8,87.5,0.1,0.2,-0.1,3,1,1,2023-2024,laliga
oihan sancet,Athletic Club,641,79.9,432,85.6,266,82.3,37,70.3,4.7,2.9,0.3,80,34,4,2023-2024,laliga
ricard sanchez,Granada,820,75.2,510,86.9,367,77.7,139,51.1,1.9,2.7,-1.9,63,29,18,2023-2024,laliga
antonio sanchez,Mallorca,378,69.4,236,81.8,182,78.0,63,47.6,0.8,1.8,0.2,32,14,6,2023-2024,laliga
juanlu sanchez,Sevilla,577,79.0,389,88.2,249,81.9,50,42.0,1.1,1.1,0.9,37,20,10,2023-2024,laliga
manu sanchez,Celta Vigo,656,75.8,411,86.9,307,79.5,84,46.4,2.7,3.0,2.3,51,25,14,2023-2024,laliga
jesus santiago,Getafe,144,76.2,96,83.3,67,83.6,15,46.7,0.4,0.2,-0.4,18,4,0,2023-2024,laliga
paco sanz,Almería,7,70.0,3,66.7,5,80.0,2,50.0,0.0,0.0,0.0,0,0,0,2023-2024,laliga
stefan savic,Atlético Madrid,820,82.9,364,92.0,443,90.7,141,48.2,0.1,0.6,-0.1,59,7,2,2023-2024,laliga
savio,Girona,812,76.3,529,88.7,345,76.8,78,53.8,7.9,9.9,2.1,28,60,14,2023-2024,laliga
aleksandar sedlar,Alavés,343,84.7,129,89.1,201,88.6,67,68.7,0.1,0.1,-0.1,31,0,0,2023-2024,laliga
andre silva,Real Sociedad,134,81.2,99,91.9,40,85.0,2,100.0,0.3,0.2,-0.3,5,1,0,2023-2024,laliga
rui silva,Betis,669,69.8,124,100.0,327,99.1,501,43.5,0.0,0.0,0.0,8,0,0,2023-2024,laliga
giuliano simeone,Alavés,114,67.5,93,75.3,45,75.6,7,42.9,2.0,1.2,0.0,9,12,1,2023-2024,laliga
unai simon,Athletic Club,728,59.3,111,98.2,344,98.3,765,36.7,0.0,0.1,0.0,25,0,0,2023-2024,laliga
daley sinkgraven,Las Palmas,237,85.9,165,95.2,77,80.5,16,50.0,0.0,0.1,0.0,19,3,0,2023-2024,laliga
jailson siqueira,Celta Vigo,406,83.2,197,90.9,213,87.3,51,56.9,0.5,0.4,0.5,48,4,1,2023-2024,laliga
antonio sivera,Alavés,651,58.9,107,100.0,208,98.6,784,42.9,0.1,0.1,-0.1,41,2,0,2023-2024,laliga
ruben sobrino,Cádiz,387,73.6,303,87.8,125,66.4,31,54.8,2.3,1.7,-1.3,31,8,3,2023-2024,laliga
alex sola,Alavés,269,62.6,154,85.1,155,65.2,82,40.2,2.3,2.1,0.7,23,19,9,2023-2024,laliga
alex sola,Real Sociedad,12,75.0,5,100.0,10,70.0,0,,0.0,0.0,0.0,1,0,0,2023-2024,laliga
jhon solis,Girona,191,84.9,134,86.6,69,87.0,6,83.3,0.3,0.2,-0.3,21,2,0,2023-2024,laliga
david soria,Getafe,687,53.1,42,97.6,242,96.3,1004,41.0,0.0,0.1,0.0,44,1,0,2023-2024,laliga
alberto soro,Granada,3,100.0,3,100.0,0,,0,,0.0,0.0,0.0,0,0,0,2023-2024,laliga
hugo sotelo,Celta Vigo,516,87.6,296,95.3,192,89.6,78,65.4,1.6,1.1,-0.6,53,6,1,2023-2024,laliga
boubakary soumare,Sevilla,1109,90.0,578,91.3,508,93.7,95,82.1,0.9,0.7,0.1,115,3,1,2023-2024,laliga
djibril sow,Sevilla,582,85.3,310,88.7,277,91.0,54,70.4,0.8,1.1,0.2,57,7,2,2023-2024,laliga
caglar soyuncu,Atlético Madrid,71,87.7,31,93.5,43,90.7,5,40.0,0.0,0.0,0.0,4,1,0,2023-2024,laliga
carl starfelt,Celta Vigo,907,87.6,368,90.8,551,92.2,93,60.2,0.2,0.1,-0.2,31,1,0,2023-2024,laliga
jrgen strand larsen,Celta Vigo,423,68.4,370,77.3,132,64.4,23,65.2,2.5,2.1,0.5,21,15,3,2023-2024,laliga
cristhian stuani,Girona,84,73.0,68,77.9,28,75.0,5,40.0,1.9,0.5,1.1,0,1,0,2023-2024,laliga
alex suarez,Las Palmas,1396,86.5,733,92.8,649,89.4,169,56.8,0.2,0.6,-0.2,102,8,3,2023-2024,laliga
damian suarez,Getafe,436,68.3,256,86.3,212,71.2,135,41.5,0.8,1.1,1.2,50,13,8,2023-2024,laliga
denis suarez,Villarreal,79,84.0,43,88.4,38,89.5,8,62.5,0.3,0.6,-0.3,11,2,1,2023-2024,laliga
suso,Sevilla,702,77.4,406,90.4,285,79.6,158,57.6,3.9,4.9,0.1,74,38,14,2023-2024,laliga
max svensson,Osasuna,0,,0,,0,,0,,0.0,0.0,0.0,0,0,0,2023-2024,laliga
williot swedberg,Celta Vigo,80,74.1,56,80.4,28,75.0,6,66.7,0.2,0.7,-0.2,7,3,1,2023-2024,laliga
mamadou sylla,Alavés,3,42.9,4,25.0,1,100.0,1,100.0,0.0,0.0,0.0,2,0,0,2023-2024,laliga
alexander srloth,Villarreal,357,75.0,271,84.1,142,75.4,20,55.0,4.4,3.0,1.6,19,15,1,2023-2024,laliga
yassin tallal,Getafe,0,0.0,1,0.0,0,,1,0.0,0.0,0.0,0.0,0,0,0,2023-2024,laliga
renato tapia,Celta Vigo,541,75.7,283,88.0,247,81.0,141,54.6,0.6,0.7,-0.6,64,11,2,2023-2024,laliga
cesar tarrega,Valencia,5,100.0,1,100.0,4,100.0,0,,0.0,0.0,0.0,0,0,0,2023-2024,laliga
marciano tchami,Almería,14,58.3,16,75.0,4,50.0,2,0.0,0.0,0.0,0.0,0,0,0,2023-2024,laliga
aurelien tchouameni,Real Madrid,1377,90.6,729,94.4,639,92.6,113,72.6,0.9,1.4,0.1,154,13,4,2023-2024,laliga
nahuel tenaglia,Alavés,330,72.7,144,84.0,203,81.8,84,46.4,0.5,0.7,-0.5,33,6,3,2023-2024,laliga
marcandre ter stegen,Barcelona,927,89.5,183,99.5,501,97.8,344,73.0,0.1,0.1,-0.1,9,1,0,2023-2024,laliga
ramon terrats,Villarreal,375,81.2,213,89.7,179,89.4,46,45.7,1.6,1.2,0.4,28,6,2,2023-2024,laliga
kieran tierney,Real Sociedad,690,76.3,326,89.6,390,84.4,150,41.3,0.6,1.1,1.4,73,12,4,2023-2024,laliga
raul de tomas,Rayo Vallecano,207,76.1,132,83.3,75,81.3,29,72.4,1.3,0.4,0.7,14,3,0,2023-2024,laliga
pablo torre,Girona,356,83.0,218,88.5,145,86.9,40,67.5,0.9,1.5,1.1,42,17,0,2023-2024,laliga
raul torrente,Granada,605,79.2,204,91.7,381,89.2,170,44.1,0.4,0.3,-0.4,39,1,0,2023-2024,laliga
ferran torres,Barcelona,351,78.0,241,84.2,127,80.3,38,81.6,2.7,1.9,-0.7,26,22,5,2023-2024,laliga
oliver torres,Sevilla,714,80.9,439,91.6,284,82.0,108,50.0,2.2,2.5,-1.2,75,18,8,2023-2024,laliga
lucas torro,Osasuna,604,75.7,368,81.0,310,80.6,71,56.3,0.6,0.6,-0.6,56,6,0,2023-2024,laliga
bertrand traore,Villarreal,167,78.4,108,81.5,68,80.9,26,65.4,0.4,0.7,-0.4,13,12,2,2023-2024,laliga
hamari traore,Real Sociedad,1204,79.8,585,87.5,664,82.5,202,58.4,1.5,2.2,0.5,112,31,10,2023-2024,laliga
oscar trejo,Rayo Vallecano,646,82.6,455,89.9,201,84.6,56,53.6,1.3,2.1,-1.3,74,25,0,2023-2024,laliga
manu trigueros,Villarreal,141,83.9,76,89.5,62,90.3,15,73.3,0.2,0.2,-0.2,16,4,0,2023-2024,laliga
viktor tsyhankov,Girona,726,78.9,518,87.3,252,80.2,72,54.2,5.9,6.5,1.1,44,49,8,2023-2024,laliga
benat turrientes,Real Sociedad,598,84.6,320,91.3,260,91.9,86,62.8,0.5,0.6,0.5,47,3,0,2023-2024,laliga
enes unal,Getafe,24,68.6,22,72.7,6,66.7,2,50.0,0.4,0.4,0.6,1,0,0,2023-2024,laliga
myrto uzuni,Granada,234,77.7,163,86.5,91,81.3,22,59.1,2.6,3.0,-1.6,10,10,2,2023-2024,laliga
oscar valentin,Rayo Vallecano,1005,81.2,556,87.4,502,84.5,127,59.8,0.6,0.7,-0.6,121,6,1,2023-2024,laliga
martin valjent,Mallorca,847,79.4,374,91.7,468,85.5,178,47.2,0.9,1.0,0.1,60,5,3,2023-2024,laliga
jesus vallejo,Granada,78,91.8,31,96.8,37,97.3,15,66.7,0.0,0.0,0.0,4,0,0,2023-2024,laliga
alvaro valles,Las Palmas,1546,80.3,496,99.8,770,97.4,641,46.2,0.0,0.1,0.0,14,0,0,2023-2024,laliga
federico valverde,Real Madrid,1901,89.8,1169,94.9,675,90.7,185,68.1,5.8,3.4,1.2,229,41,4,2023-2024,laliga
siebe van der heyden,Mallorca,70,69.3,35,97.1,36,77.8,26,30.8,0.0,0.1,0.0,1,0,0,2023-2024,laliga
jose luis garcia vaya,Valencia,1671,78.4,835,85.7,815,84.5,375,56.8,3.2,4.5,-2.2,216,38,14,2023-2024,laliga
borja vazquez,Cádiz,1,50.0,0,,1,100.0,1,0.0,0.1,0.0,-0.1,0,1,0,2023-2024,laliga
jesus vazquez,Valencia,173,66.0,121,85.1,77,66.2,27,37.0,0.1,0.2,-0.1,9,7,4,2023-2024,laliga
kevin vazquez,Celta Vigo,287,75.7,171,86.5,146,82.2,36,47.2,0.2,0.4,-0.2,23,7,3,2023-2024,laliga
lucas vazquez,Real Madrid,930,85.7,605,92.4,353,88.1,73,42.5,3.8,3.6,2.2,27,30,8,2023-2024,laliga
gabriel veiga,Celta Vigo,3,60.0,3,66.7,0,,1,0.0,0.0,0.0,0.0,0,0,0,2023-2024,laliga
alejo veliz,Sevilla,4,66.7,4,50.0,1,100.0,0,,0.0,0.0,0.0,0,0,0,2023-2024,laliga
arthur vermeeren,Atlético Madrid,75,82.4,47,89.4,32,90.6,5,20.0,0.1,0.1,-0.1,3,2,0,2023-2024,laliga
mikel vesga,Athletic Club,639,77.1,377,85.1,302,81.1,108,59.3,1.2,1.2,-0.2,68,13,2,2023-2024,laliga
carlos vicente,Alavés,201,56.3,140,69.3,108,62.0,66,40.9,3.7,2.9,0.3,11,18,14,2023-2024,laliga
nacho vidal,Osasuna,27,67.5,13,61.5,15,93.3,8,50.0,0.0,0.0,0.0,1,0,0,2023-2024,laliga
nacho vidal,Mallorca,151,74.8,105,92.4,60,71.7,19,26.3,0.2,0.3,-0.2,5,4,2,2023-2024,laliga
fran vieites,Betis,76,63.9,9,100.0,42,92.9,65,41.5,0.0,0.0,0.0,1,0,0,2023-2024,laliga
jonathan viera,Las Palmas,456,88.9,296,93.9,158,89.2,18,50.0,1.0,1.2,0.0,35,16,1,2023-2024,laliga
jonathan viera,Almería,468,85.9,315,91.7,158,86.7,35,54.3,2.7,1.3,0.3,37,14,1,2023-2024,laliga
toni villa,Girona,7,77.8,2,100.0,5,80.0,1,100.0,0.0,0.0,0.0,0,0,0,2023-2024,laliga
asier villalibre,Athletic Club,88,71.0,79,77.2,25,68.0,4,75.0,1.0,0.7,0.0,7,5,0,2023-2024,laliga
gonzalo villar,Granada,775,82.7,457,90.8,319,84.3,103,64.1,2.2,2.2,0.8,71,15,3,2023-2024,laliga
ivan villar,Celta Vigo,213,65.7,44,100.0,100,100.0,176,39.2,0.1,0.0,-0.1,4,0,0,2023-2024,laliga
ricardo visus,Betis,50,82.0,17,88.2,29,93.1,15,53.3,0.0,0.0,0.0,2,0,0,2023-2024,laliga
daniel vivian,Athletic Club,1442,83.9,510,90.0,895,90.3,276,60.5,0.7,0.6,-0.7,105,5,1,2023-2024,laliga
shon weissman,Granada,10,76.9,4,75.0,5,80.0,1,100.0,0.0,0.0,0.0,0,1,1,2023-2024,laliga
inaki williams,Athletic Club,668,67.1,557,79.7,285,67.0,55,32.7,6.3,5.8,-3.3,29,53,17,2023-2024,laliga
nico williams,Athletic Club,579,69.9,374,85.8,265,74.0,101,42.6,5.7,7.5,5.3,26,48,22,2023-2024,laliga
axel witsel,Atlético Madrid,1687,91.9,753,94.3,888,93.9,144,77.1,0.3,0.2,-0.3,72,0,0,2023-2024,laliga
xeber,Alavés,68,68.0,53,86.8,23,73.9,10,40.0,0.6,0.5,-0.6,3,1,0,2023-2024,laliga
antal yaakobishvili,Girona,37,88.1,17,88.2,14,100.0,10,70.0,0.3,0.1,-0.3,1,0,0,2023-2024,laliga
lamine yamal,Barcelona,903,79.8,650,88.0,337,77.7,77,57.1,6.2,6.5,-1.2,39,52,16,2023-2024,laliga
roman yaremchuk,Valencia,142,67.6,130,75.4,43,69.8,6,100.0,0.1,0.2,-0.1,13,4,0,2023-2024,laliga
arsen zakharyan,Real Sociedad,379,69.9,256,86.3,156,72.4,85,40.0,2.1,2.3,-0.1,31,13,2,2023-2024,laliga
joseba zaldua,Cádiz,182,72.5,107,88.8,97,75.3,34,29.4,0.5,0.9,-0.5,11,7,4,2023-2024,laliga
bryan zaragoza,Granada,248,55.9,176,78.4,142,52.8,73,30.1,3.3,4.2,-1.3,12,29,16,2023-2024,laliga
igor zubeldia,Real Sociedad,1476,84.5,450,86.0,989,92.3,267,62.5,1.1,0.8,0.9,99,4,0,2023-2024,laliga
martin zubimendi,Real Sociedad,1321,85.7,677,89.7,677,89.7,126,68.3,1.5,2.0,-0.5,136,15,1,2023-2024,laliga
