nombre,club_actual,altura,valor,temporada,liga
josep martinez,inter milan,1.91,12000000.0,2024-2025,serie-a
yann sommer,inter milan,1.83,4000000.0,2024-2025,serie-a
alessandro calligaris,inter milan,,350000.0,2024-2025,serie-a
raffaele di gennaro,inter milan,1.88,300000.0,2024-2025,serie-a
alain taho,inter milan,,,2024-2025,serie-a
alessandro bastoni,inter milan,1.9,80000000.0,2024-2025,serie-a
yann bisseck,inter milan,1.96,35000000.0,2024-2025,serie-a
benjamin pavard,inter milan,1.86,25000000.0,2024-2025,serie-a
stefan de vrij,inter milan,1.89,5000000.0,2024-2025,serie-a
tomas palacios,inter milan,1.96,4000000.0,2024-2025,serie-a
francesco acerbi,inter milan,1.92,3000000.0,2024-2025,serie-a
christos alexiou,inter milan,1.86,800000.0,2024-2025,serie-a
alessandro fontanarosa,inter milan,1.85,700000.0,2024-2025,serie-a
gabriele re cecconi,inter milan,,700000.0,2024-2025,serie-a
federico dimarco,inter milan,1.75,50000000.0,2024-2025,serie-a
carlos augusto,inter milan,1.84,26000000.0,2024-2025,serie-a
matteo cocchi,inter milan,1.79,1500000.0,2024-2025,serie-a
matteo motta,inter milan,,200000.0,2024-2025,serie-a
denzel dumfries,inter milan,1.88,35000000.0,2024-2025,serie-a
matteo darmian,inter milan,1.83,2500000.0,2024-2025,serie-a
mike aidoo,inter milan,1.7,500000.0,2024-2025,serie-a
hakan calhanoglu,inter milan,1.78,30000000.0,2024-2025,serie-a
petar sucic,inter milan,1.83,14000000.0,2024-2025,serie-a
kristjan asllani,inter milan,1.79,13000000.0,2024-2025,serie-a
mattia zanchetta,inter milan,,450000.0,2024-2025,serie-a
nicolo barella,inter milan,1.75,75000000.0,2024-2025,serie-a
davide frattesi,inter milan,1.78,35000000.0,2024-2025,serie-a
piotr zielinski,inter milan,1.8,10000000.0,2024-2025,serie-a
henrikh mkhitaryan,inter milan,1.77,4000000.0,2024-2025,serie-a
thomas berenbruch,inter milan,1.77,1500000.0,2024-2025,serie-a
luka topalovic,inter milan,1.87,1500000.0,2024-2025,serie-a
luis henrique,inter milan,1.81,25000000.0,2024-2025,serie-a
tajon buchanan,inter milan,1.83,6000000.0,2024-2025,serie-a
nicola zalewski,inter milan,1.75,12000000.0,2024-2025,serie-a
valentin carboni,inter milan,1.85,12000000.0,2024-2025,serie-a
daniele quieto,inter milan,1.7,250000.0,2024-2025,serie-a
giacomo de pieri,inter milan,1.74,1500000.0,2024-2025,serie-a
sebastiano esposito,inter milan,1.83,8500000.0,2024-2025,serie-a
joaquin correa,inter milan,1.88,3000000.0,2024-2025,serie-a
lautaro martinez,inter milan,1.74,95000000.0,2024-2025,serie-a
marcus thuram,inter milan,1.92,75000000.0,2024-2025,serie-a
pio esposito,inter milan,1.91,25000000.0,2024-2025,serie-a
mehdi taremi,inter milan,1.85,3500000.0,2024-2025,serie-a
marko arnautovic,inter milan,1.92,3000000.0,2024-2025,serie-a
matteo spinacce,inter milan,,750000.0,2024-2025,serie-a
matteo lavelli,inter milan,,350000.0,2024-2025,serie-a
michele di gregorio,juventus fc,1.87,18000000.0,2024-2025,serie-a
mattia perin,juventus fc,1.88,2500000.0,2024-2025,serie-a
giovanni daffara,juventus fc,1.94,500000.0,2024-2025,serie-a
carlo pinsoglio,juventus fc,1.94,200000.0,2024-2025,serie-a
giovanni garofani,juventus fc,1.88,75000.0,2024-2025,serie-a
bremer,juventus fc,1.88,50000000.0,2024-2025,serie-a
pierre kalulu,juventus fc,1.82,28000000.0,2024-2025,serie-a
renato veiga,juventus fc,1.9,25000000.0,2024-2025,serie-a
federico gatti,juventus fc,1.9,24000000.0,2024-2025,serie-a
lloyd kelly,juventus fc,1.89,16000000.0,2024-2025,serie-a
danilo,juventus fc,1.84,3500000.0,2024-2025,serie-a
daniele rugani,juventus fc,1.9,3000000.0,2024-2025,serie-a
javier gil,juventus fc,1.92,1200000.0,2024-2025,serie-a
niccolo rizzo,juventus fc,1.92,,2024-2025,serie-a
alfonso montero,juventus fc,1.85,,2024-2025,serie-a
andrea cambiaso,juventus fc,1.82,35000000.0,2024-2025,serie-a
juan cabal,juventus fc,1.86,9000000.0,2024-2025,serie-a
jonas rouhi,juventus fc,1.83,2000000.0,2024-2025,serie-a
riccardo turicchia,juventus fc,1.8,700000.0,2024-2025,serie-a
nicolo savona,juventus fc,1.92,12000000.0,2024-2025,serie-a
alberto costa,juventus fc,1.86,10000000.0,2024-2025,serie-a
manuel locatelli,juventus fc,1.85,30000000.0,2024-2025,serie-a
khephren thuram,juventus fc,1.92,40000000.0,2024-2025,serie-a
douglas luiz,juventus fc,1.77,30000000.0,2024-2025,serie-a
weston mckennie,juventus fc,1.85,22000000.0,2024-2025,serie-a
nicolo fagioli,juventus fc,1.78,18000000.0,2024-2025,serie-a
augusto owusu,juventus fc,,700000.0,2024-2025,serie-a
filip kostic,juventus fc,1.84,5000000.0,2024-2025,serie-a
filippo pagnucco,juventus fc,1.8,850000.0,2024-2025,serie-a
teun koopmeiners,juventus fc,1.84,35000000.0,2024-2025,serie-a
vasilije adzic,juventus fc,1.85,4000000.0,2024-2025,serie-a
christos papadopoulos,juventus fc,1.88,700000.0,2024-2025,serie-a
kenan yldz,juventus fc,1.87,50000000.0,2024-2025,serie-a
samuel mbangula,juventus fc,1.79,14000000.0,2024-2025,serie-a
francisco conceicao,juventus fc,1.7,28000000.0,2024-2025,serie-a
nico gonzalez,juventus fc,1.8,24000000.0,2024-2025,serie-a
timothy weah,juventus fc,1.83,17000000.0,2024-2025,serie-a
alessandro pietrelli,juventus fc,1.94,800000.0,2024-2025,serie-a
lorenzo anghele,juventus fc,,700000.0,2024-2025,serie-a
dusan vlahovic,juventus fc,1.9,35000000.0,2024-2025,serie-a
randal kolo muani,juventus fc,1.87,30000000.0,2024-2025,serie-a
arkadiusz milik,juventus fc,1.86,2000000.0,2024-2025,serie-a
diego pugno,juventus fc,,300000.0,2024-2025,serie-a
marco carnesecchi,atalanta bc,1.91,25000000.0,2024-2025,serie-a
juan musso,atalanta bc,1.91,3500000.0,2024-2025,serie-a
rui patricio,atalanta bc,1.9,800000.0,2024-2025,serie-a
paolo vismara,atalanta bc,1.95,700000.0,2024-2025,serie-a
matevz dajcar,atalanta bc,1.9,100000.0,2024-2025,serie-a
francesco rossi,atalanta bc,1.93,100000.0,2024-2025,serie-a
giorgio scalvini,atalanta bc,1.94,35000000.0,2024-2025,serie-a
isak hien,atalanta bc,1.91,30000000.0,2024-2025,serie-a
odilon kossounou,atalanta bc,1.91,25000000.0,2024-2025,serie-a
stefan posch,atalanta bc,1.9,8000000.0,2024-2025,serie-a
sead kolasinac,atalanta bc,1.83,7000000.0,2024-2025,serie-a
ben godfrey,atalanta bc,1.84,6000000.0,2024-2025,serie-a
berat djimsiti,atalanta bc,1.9,6000000.0,2024-2025,serie-a
rafael toloi,atalanta bc,1.85,1400000.0,2024-2025,serie-a
relja obric,atalanta bc,1.94,800000.0,2024-2025,serie-a
tommaso del lungo,atalanta bc,1.86,500000.0,2024-2025,serie-a
pietro comi,atalanta bc,,250000.0,2024-2025,serie-a
pietro tornaghi,atalanta bc,,200000.0,2024-2025,serie-a
matteo ruggeri,atalanta bc,1.87,16000000.0,2024-2025,serie-a
mitchel bakker,atalanta bc,1.89,7000000.0,2024-2025,serie-a
ibrahim sulemana,atalanta bc,1.8,7000000.0,2024-2025,serie-a
marten de roon,atalanta bc,1.85,5000000.0,2024-2025,serie-a
ederson,atalanta bc,1.83,50000000.0,2024-2025,serie-a
mario pasalic,atalanta bc,1.88,10000000.0,2024-2025,serie-a
marco brescianini,atalanta bc,1.88,8000000.0,2024-2025,serie-a
lorenzo riccio,atalanta bc,1.87,950000.0,2024-2025,serie-a
alberto manzoni,atalanta bc,1.78,900000.0,2024-2025,serie-a
federico steffanoni,atalanta bc,1.8,,2024-2025,serie-a
raoul bellanova,atalanta bc,1.88,24000000.0,2024-2025,serie-a
davide zappacosta,atalanta bc,1.82,5000000.0,2024-2025,serie-a
marco palestra,atalanta bc,1.86,3500000.0,2024-2025,serie-a
juan cuadrado,atalanta bc,1.76,1000000.0,2024-2025,serie-a
javison idele,atalanta bc,,400000.0,2024-2025,serie-a
lorenzo bernasconi,atalanta bc,1.9,800000.0,2024-2025,serie-a
charles de ketelaere,atalanta bc,1.92,35000000.0,2024-2025,serie-a
lazar samardzic,atalanta bc,1.84,17000000.0,2024-2025,serie-a
nicolo zaniolo,atalanta bc,1.9,12000000.0,2024-2025,serie-a
daniel maldini,atalanta bc,1.88,10000000.0,2024-2025,serie-a
federico cassa,atalanta bc,,800000.0,2024-2025,serie-a
ademola lookman,atalanta bc,1.74,60000000.0,2024-2025,serie-a
dominic vavassori,atalanta bc,1.77,1500000.0,2024-2025,serie-a
mateo retegui,atalanta bc,1.86,45000000.0,2024-2025,serie-a
gianluca scamacca,atalanta bc,1.95,24000000.0,2024-2025,serie-a
vanja vlahovic,atalanta bc,1.84,6000000.0,2024-2025,serie-a
alex meret,ssc napoli,1.9,18000000.0,2024-2025,serie-a
elia caprile,ssc napoli,1.91,9000000.0,2024-2025,serie-a
simone scuffet,ssc napoli,1.93,2000000.0,2024-2025,serie-a
nikita contini,ssc napoli,1.9,400000.0,2024-2025,serie-a
claudio turi,ssc napoli,1.87,150000.0,2024-2025,serie-a
alessandro buongiorno,ssc napoli,1.9,50000000.0,2024-2025,serie-a
amir rrahmani,ssc napoli,1.92,12000000.0,2024-2025,serie-a
natan,ssc napoli,1.88,9000000.0,2024-2025,serie-a
rafa marin,ssc napoli,1.91,7000000.0,2024-2025,serie-a
juan jesus,ssc napoli,1.85,1500000.0,2024-2025,serie-a
mattia esposito,ssc napoli,,75000.0,2024-2025,serie-a
mathias olivera,ssc napoli,1.85,20000000.0,2024-2025,serie-a
leonardo spinazzola,ssc napoli,1.86,3500000.0,2024-2025,serie-a
giovanni di lorenzo,ssc napoli,1.83,12000000.0,2024-2025,serie-a
pasquale mazzocchi,ssc napoli,1.83,2500000.0,2024-2025,serie-a
francesco mezzoni,ssc napoli,1.81,200000.0,2024-2025,serie-a
stanislav lobotka,ssc napoli,1.68,25000000.0,2024-2025,serie-a
billy gilmour,ssc napoli,1.7,20000000.0,2024-2025,serie-a
francesco gioielli,ssc napoli,,75000.0,2024-2025,serie-a
scott mctominay,ssc napoli,1.91,50000000.0,2024-2025,serie-a
frank anguissa,ssc napoli,1.84,27000000.0,2024-2025,serie-a
philip billing,ssc napoli,1.93,10000000.0,2024-2025,serie-a
michael folorunsho,ssc napoli,1.9,6000000.0,2024-2025,serie-a
luis hasa,ssc napoli,1.72,1000000.0,2024-2025,serie-a
gennaro iaccarino,ssc napoli,1.75,300000.0,2024-2025,serie-a
coli saco,ssc napoli,1.97,250000.0,2024-2025,serie-a
gianluca gaetano,ssc napoli,1.83,4000000.0,2024-2025,serie-a
khvicha kvaratskhelia,ssc napoli,1.83,90000000.0,2024-2025,serie-a
noah okafor,ssc napoli,1.85,13000000.0,2024-2025,serie-a
alessio zerbin,ssc napoli,1.82,4000000.0,2024-2025,serie-a
david neres,ssc napoli,1.76,30000000.0,2024-2025,serie-a
matteo politano,ssc napoli,1.71,10000000.0,2024-2025,serie-a
cyril ngonge,ssc napoli,1.8,8000000.0,2024-2025,serie-a
giacomo raspadori,ssc napoli,1.72,25000000.0,2024-2025,serie-a
romelu lukaku,ssc napoli,1.91,22000000.0,2024-2025,serie-a
giovanni simeone,ssc napoli,1.8,5000000.0,2024-2025,serie-a
walid cheddira,ssc napoli,1.87,2500000.0,2024-2025,serie-a
mile svilar,as roma,1.89,25000000.0,2024-2025,serie-a
mathew ryan,as roma,1.84,2500000.0,2024-2025,serie-a
pierluigi gollini,as roma,1.94,1000000.0,2024-2025,serie-a
renato marin,as roma,1.93,500000.0,2024-2025,serie-a
giorgio de marzi,as roma,,,2024-2025,serie-a
alessio marcaccini,as roma,,,2024-2025,serie-a
evan ndicka,as roma,1.92,30000000.0,2024-2025,serie-a
gianluca mancini,as roma,1.9,15000000.0,2024-2025,serie-a
victor nelsson,as roma,1.85,10000000.0,2024-2025,serie-a
mario hermoso,as roma,1.84,7000000.0,2024-2025,serie-a
mats hummels,as roma,1.91,2000000.0,2024-2025,serie-a
chris smalling,as roma,1.94,1500000.0,2024-2025,serie-a
federico nardin,as roma,,,2024-2025,serie-a
angelino,as roma,1.71,20000000.0,2024-2025,serie-a
anass salaheddine,as roma,1.81,8000000.0,2024-2025,serie-a
samuel dahl,as roma,1.74,7000000.0,2024-2025,serie-a
devyne rensch,as roma,1.81,10000000.0,2024-2025,serie-a
zeki celik,as roma,1.8,6000000.0,2024-2025,serie-a
saud abdulhamid,as roma,1.75,3000000.0,2024-2025,serie-a
buba sangare,as roma,1.83,1000000.0,2024-2025,serie-a
lucas gournadouath,as roma,1.85,8000000.0,2024-2025,serie-a
bryan cristante,as roma,1.86,7000000.0,2024-2025,serie-a
leandro paredes,as roma,1.8,5000000.0,2024-2025,serie-a
alessandro romano,as roma,,500000.0,2024-2025,serie-a
manu kone,as roma,1.85,40000000.0,2024-2025,serie-a
enzo le fee,as roma,1.73,18000000.0,2024-2025,serie-a
niccolo pisilli,as roma,1.8,13000000.0,2024-2025,serie-a
edoardo bove,as roma,1.81,5000000.0,2024-2025,serie-a
nicola zalewski,as roma,1.75,12000000.0,2024-2025,serie-a
tommaso baldanzi,as roma,1.7,12000000.0,2024-2025,serie-a
lorenzo pellegrini,as roma,1.86,9000000.0,2024-2025,serie-a
stephan el shaarawy,as roma,1.78,3500000.0,2024-2025,serie-a
matias soule,as roma,1.82,30000000.0,2024-2025,serie-a
alexis saelemaekers,as roma,1.8,17000000.0,2024-2025,serie-a
joao costa,as roma,1.78,2800000.0,2024-2025,serie-a
paulo dybala,as roma,1.77,8000000.0,2024-2025,serie-a
artem dovbyk,as roma,1.89,30000000.0,2024-2025,serie-a
tammy abraham,as roma,1.94,15000000.0,2024-2025,serie-a
eldor shomurodov,as roma,1.9,5000000.0,2024-2025,serie-a
david de gea,acf fiorentina,1.92,5000000.0,2024-2025,serie-a
tommaso martinelli,acf fiorentina,1.94,1800000.0,2024-2025,serie-a
pietro terracciano,acf fiorentina,1.93,1000000.0,2024-2025,serie-a
pietro leonardelli,acf fiorentina,,125000.0,2024-2025,serie-a
pietro comuzzo,acf fiorentina,1.85,25000000.0,2024-2025,serie-a
luca ranieri,acf fiorentina,1.87,12000000.0,2024-2025,serie-a
marin pongracic,acf fiorentina,1.93,10000000.0,2024-2025,serie-a
lucas martinez quarta,acf fiorentina,1.83,7000000.0,2024-2025,serie-a
nicolas valentini,acf fiorentina,1.87,6000000.0,2024-2025,serie-a
pablo mari,acf fiorentina,1.93,3500000.0,2024-2025,serie-a
matias moreno,acf fiorentina,1.93,3400000.0,2024-2025,serie-a
eddy kouadio,acf fiorentina,1.91,275000.0,2024-2025,serie-a
leonardo baroncelli,acf fiorentina,1.9,200000.0,2024-2025,serie-a
lorenzo romani,acf fiorentina,,125000.0,2024-2025,serie-a
niccolo fortini,acf fiorentina,1.85,8500000.0,2024-2025,serie-a
robin gosens,acf fiorentina,1.83,8000000.0,2024-2025,serie-a
fabiano parisi,acf fiorentina,1.78,6000000.0,2024-2025,serie-a
cristiano biraghi,acf fiorentina,1.85,1800000.0,2024-2025,serie-a
dodo,acf fiorentina,1.66,24000000.0,2024-2025,serie-a
michael kayode,acf fiorentina,1.79,18000000.0,2024-2025,serie-a
sofyan amrabat,acf fiorentina,1.85,17000000.0,2024-2025,serie-a
rolando mandragora,acf fiorentina,1.83,12000000.0,2024-2025,serie-a
yacine adli,acf fiorentina,1.86,11000000.0,2024-2025,serie-a
danilo cataldi,acf fiorentina,1.8,3500000.0,2024-2025,serie-a
nicolo fagioli,acf fiorentina,1.78,18000000.0,2024-2025,serie-a
amir richardson,acf fiorentina,1.97,8500000.0,2024-2025,serie-a
michael folorunsho,acf fiorentina,1.9,6000000.0,2024-2025,serie-a
alessandro bianco,acf fiorentina,1.73,5000000.0,2024-2025,serie-a
edoardo bove,acf fiorentina,1.81,5000000.0,2024-2025,serie-a
cher ndour,acf fiorentina,1.9,5000000.0,2024-2025,serie-a
gino infantino,acf fiorentina,1.78,2000000.0,2024-2025,serie-a
jonas harder,acf fiorentina,1.78,900000.0,2024-2025,serie-a
lucas beltran,acf fiorentina,1.76,18000000.0,2024-2025,serie-a
nicolo zaniolo,acf fiorentina,1.9,12000000.0,2024-2025,serie-a
andrea colpani,acf fiorentina,1.84,9500000.0,2024-2025,serie-a
antonin barak,acf fiorentina,1.9,2500000.0,2024-2025,serie-a
tommaso rubino,acf fiorentina,1.79,1200000.0,2024-2025,serie-a
riccardo sottil,acf fiorentina,1.8,5000000.0,2024-2025,serie-a
josip brekalo,acf fiorentina,1.75,3300000.0,2024-2025,serie-a
maat daniel caprini,acf fiorentina,1.8,2000000.0,2024-2025,serie-a
jonathan ikone,acf fiorentina,1.75,7000000.0,2024-2025,serie-a
albert gudmundsson,acf fiorentina,1.77,18000000.0,2024-2025,serie-a
moise kean,acf fiorentina,1.83,50000000.0,2024-2025,serie-a
christian kouame,acf fiorentina,1.85,4000000.0,2024-2025,serie-a
lukasz skorupski,bologna fc,1.88,2500000.0,2024-2025,serie-a
federico ravaglia,bologna fc,1.96,1500000.0,2024-2025,serie-a
nicola bagnolini,bologna fc,1.94,200000.0,2024-2025,serie-a
massimo pessina,bologna fc,,,2024-2025,serie-a
sam beukema,bologna fc,1.88,28000000.0,2024-2025,serie-a
jhon lucumi,bologna fc,1.87,22000000.0,2024-2025,serie-a
stefan posch,bologna fc,1.9,8000000.0,2024-2025,serie-a
nicolo casale,bologna fc,1.91,6000000.0,2024-2025,serie-a
martin erlic,bologna fc,1.93,4000000.0,2024-2025,serie-a
mihajlo ilic,bologna fc,1.92,3500000.0,2024-2025,serie-a
juan miranda,bologna fc,1.85,15000000.0,2024-2025,serie-a
tommaso corazza,bologna fc,1.74,1500000.0,2024-2025,serie-a
charalampos lykogiannis,bologna fc,1.91,1500000.0,2024-2025,serie-a
emil holm,bologna fc,1.91,8000000.0,2024-2025,serie-a
davide calabria,bologna fc,1.76,4500000.0,2024-2025,serie-a
lorenzo de silvestri,bologna fc,1.87,800000.0,2024-2025,serie-a
nikola moro,bologna fc,1.84,4500000.0,2024-2025,serie-a
oussama el azzouzi,bologna fc,1.89,1400000.0,2024-2025,serie-a
lewis ferguson,bologna fc,1.81,28000000.0,2024-2025,serie-a
tommaso pobega,bologna fc,1.88,9000000.0,2024-2025,serie-a
michel aebischer,bologna fc,1.83,7500000.0,2024-2025,serie-a
kacper urbanski,bologna fc,1.83,6000000.0,2024-2025,serie-a
remo freuler,bologna fc,1.8,5000000.0,2024-2025,serie-a
andri fannar baldursson,bologna fc,1.87,600000.0,2024-2025,serie-a
naim byar,bologna fc,1.82,500000.0,2024-2025,serie-a
jens odgaard,bologna fc,1.88,12000000.0,2024-2025,serie-a
giovanni fabbian,bologna fc,1.86,12000000.0,2024-2025,serie-a
benja dominguez,bologna fc,1.72,15000000.0,2024-2025,serie-a
samuel ilingjunior,bologna fc,1.82,10000000.0,2024-2025,serie-a
nicolo cambiaghi,bologna fc,1.73,8500000.0,2024-2025,serie-a
jesper karlsson,bologna fc,1.79,4000000.0,2024-2025,serie-a
estanis pedrola,bologna fc,1.85,1800000.0,2024-2025,serie-a
flavio ferrari,bologna fc,,200000.0,2024-2025,serie-a
dan ndoye,bologna fc,1.84,35000000.0,2024-2025,serie-a
riccardo orsolini,bologna fc,1.83,25000000.0,2024-2025,serie-a
santiago castro,bologna fc,1.79,35000000.0,2024-2025,serie-a
thijs dallinga,bologna fc,1.9,12000000.0,2024-2025,serie-a
tommaso ravaglioli,bologna fc,,650000.0,2024-2025,serie-a
christos mandas,ss lazio,1.89,10000000.0,2024-2025,serie-a
ivan provedel,ss lazio,1.94,3000000.0,2024-2025,serie-a
davide renzetti,ss lazio,1.94,100000.0,2024-2025,serie-a
alessio furlanetto,ss lazio,1.91,50000.0,2024-2025,serie-a
mario gila,ss lazio,1.85,30000000.0,2024-2025,serie-a
alessio romagnoli,ss lazio,1.85,7000000.0,2024-2025,serie-a
nicolo casale,ss lazio,1.91,6000000.0,2024-2025,serie-a
oliver provstgaard,ss lazio,1.94,3500000.0,2024-2025,serie-a
samuel gigot,ss lazio,1.87,3000000.0,2024-2025,serie-a
patric,ss lazio,1.84,2500000.0,2024-2025,serie-a
filipe bordon,ss lazio,1.93,800000.0,2024-2025,serie-a
matteo zazza,ss lazio,,375000.0,2024-2025,serie-a
nuno tavares,ss lazio,1.83,25000000.0,2024-2025,serie-a
luca pellegrini,ss lazio,1.78,3000000.0,2024-2025,serie-a
alessandro milani,ss lazio,1.78,250000.0,2024-2025,serie-a
adam marusic,ss lazio,1.85,3500000.0,2024-2025,serie-a
elseid hysaj,ss lazio,1.82,1500000.0,2024-2025,serie-a
nicolo rovella,ss lazio,1.79,30000000.0,2024-2025,serie-a
reda belahyane,ss lazio,1.73,10000000.0,2024-2025,serie-a
danilo cataldi,ss lazio,1.8,3500000.0,2024-2025,serie-a
marco nazzaro,ss lazio,1.84,125000.0,2024-2025,serie-a
matteo guendouzi,ss lazio,1.85,32000000.0,2024-2025,serie-a
matias vecino,ss lazio,1.87,2000000.0,2024-2025,serie-a
gaetano castrovilli,ss lazio,1.87,1500000.0,2024-2025,serie-a
toma basic,ss lazio,1.9,800000.0,2024-2025,serie-a
jeandaniel akpa akpro,ss lazio,1.8,500000.0,2024-2025,serie-a
manuel lazzari,ss lazio,1.74,3500000.0,2024-2025,serie-a
leonardo di tommaso,ss lazio,1.93,225000.0,2024-2025,serie-a
fisayo delebashiru,ss lazio,1.86,7500000.0,2024-2025,serie-a
arijon ibrahimovic,ss lazio,1.78,4000000.0,2024-2025,serie-a
cristo munoz,ss lazio,1.79,250000.0,2024-2025,serie-a
andre anderson,ss lazio,1.8,150000.0,2024-2025,serie-a
mattia zaccagni,ss lazio,1.77,20000000.0,2024-2025,serie-a
gustav isaksen,ss lazio,1.81,20000000.0,2024-2025,serie-a
loum tchaouna,ss lazio,1.8,10000000.0,2024-2025,serie-a
tijjani noslin,ss lazio,1.78,7500000.0,2024-2025,serie-a
pedro,ss lazio,1.67,1000000.0,2024-2025,serie-a
taty castellanos,ss lazio,1.78,25000000.0,2024-2025,serie-a
boulaye dia,ss lazio,1.8,15000000.0,2024-2025,serie-a
federico serra,ss lazio,,450000.0,2024-2025,serie-a
mahamadou balde,ss lazio,1.83,325000.0,2024-2025,serie-a
vanja milinkovicsavic,torino fc,2.02,16000000.0,2024-2025,serie-a
mihai popa,torino fc,1.9,650000.0,2024-2025,serie-a
alberto paleari,torino fc,1.93,500000.0,2024-2025,serie-a
francesco plaia,torino fc,1.93,200000.0,2024-2025,serie-a
antonio donnarumma,torino fc,1.92,200000.0,2024-2025,serie-a
saul coco,torino fc,1.87,10000000.0,2024-2025,serie-a
perr schuurs,torino fc,1.91,5000000.0,2024-2025,serie-a
sebastian walukiewicz,torino fc,1.88,4500000.0,2024-2025,serie-a
guillermo maripan,torino fc,1.93,4000000.0,2024-2025,serie-a
alessandro dellavalle,torino fc,1.89,3000000.0,2024-2025,serie-a
saba sazonov,torino fc,1.94,2000000.0,2024-2025,serie-a
adam masina,torino fc,1.91,1500000.0,2024-2025,serie-a
senan mullen,torino fc,,175000.0,2024-2025,serie-a
borna sosa,torino fc,1.87,4500000.0,2024-2025,serie-a
cristiano biraghi,torino fc,1.85,1800000.0,2024-2025,serie-a
mergim vojvoda,torino fc,1.87,3000000.0,2024-2025,serie-a
come bianay balcot,torino fc,1.88,175000.0,2024-2025,serie-a
samuele ricci,torino fc,1.81,30000000.0,2024-2025,serie-a
adrien tameze,torino fc,1.82,2000000.0,2024-2025,serie-a
ivan ilic,torino fc,1.86,16000000.0,2024-2025,serie-a
cesare casadei,torino fc,1.92,15000000.0,2024-2025,serie-a
gvidas gineitis,torino fc,1.91,6000000.0,2024-2025,serie-a
karol linetty,torino fc,1.75,1800000.0,2024-2025,serie-a
emirhan ilkhan,torino fc,1.75,1700000.0,2024-2025,serie-a
aaron ciammaglichella,torino fc,1.8,700000.0,2024-2025,serie-a
marco dalla vecchia,torino fc,,250000.0,2024-2025,serie-a
raoul bellanova,torino fc,1.88,24000000.0,2024-2025,serie-a
marcus pedersen,torino fc,1.84,3000000.0,2024-2025,serie-a
ali dembele,torino fc,1.89,900000.0,2024-2025,serie-a
brian bayeye,torino fc,1.82,300000.0,2024-2025,serie-a
edoardo zaia,torino fc,,100000.0,2024-2025,serie-a
valentino lazaro,torino fc,1.81,4500000.0,2024-2025,serie-a
nikola vlasic,torino fc,1.79,8000000.0,2024-2025,serie-a
sergiu perciun,torino fc,1.76,1500000.0,2024-2025,serie-a
krisztofer horvath,torino fc,1.85,1000000.0,2024-2025,serie-a
eljif elmas,torino fc,1.84,14000000.0,2024-2025,serie-a
alieu njie,torino fc,1.85,2500000.0,2024-2025,serie-a
yann karamoh,torino fc,1.84,1800000.0,2024-2025,serie-a
alessio cacciamani,torino fc,,500000.0,2024-2025,serie-a
zanos savva,torino fc,1.91,900000.0,2024-2025,serie-a
demyan yesin,torino fc,1.88,,2024-2025,serie-a
che adams,torino fc,1.79,15000000.0,2024-2025,serie-a
duvan zapata,torino fc,1.88,3500000.0,2024-2025,serie-a
antonio sanabria,torino fc,1.8,2800000.0,2024-2025,serie-a
pietro pellegri,torino fc,1.89,2000000.0,2024-2025,serie-a
amine salama,torino fc,1.92,1500000.0,2024-2025,serie-a
tommaso gabellini,torino fc,,800000.0,2024-2025,serie-a
alessio raballo,torino fc,1.86,25000.0,2024-2025,serie-a
jean butez,como,1.89,3500000.0,2024-2025,serie-a
emil audero,como,1.92,3200000.0,2024-2025,serie-a
pepe reina,como,1.88,500000.0,2024-2025,serie-a
mauro vigorito,como,1.87,150000.0,2024-2025,serie-a
pierre bolchini,como,2.0,50000.0,2024-2025,serie-a
alberto dossena,como,1.95,8000000.0,2024-2025,serie-a
marc oliver kempf,como,1.86,3000000.0,2024-2025,serie-a
edoardo goldaniga,como,1.93,3000000.0,2024-2025,serie-a
fellipe jack,como,1.87,1400000.0,2024-2025,serie-a
federico barba,como,1.87,500000.0,2024-2025,serie-a
alessio chiesa,como,,75000.0,2024-2025,serie-a
sven lesjak,como,1.9,50000.0,2024-2025,serie-a
raphael varane,como,1.91,,2024-2025,serie-a
alex valle,como,1.78,6000000.0,2024-2025,serie-a
alberto moreno,como,1.71,1500000.0,2024-2025,serie-a
marco sala,como,1.82,900000.0,2024-2025,serie-a
ignace van der brempt,como,1.87,4000000.0,2024-2025,serie-a
mergim vojvoda,como,1.87,3000000.0,2024-2025,serie-a
ivan smolcic,como,1.81,1800000.0,2024-2025,serie-a
tommaso cassandro,como,1.85,700000.0,2024-2025,serie-a
william feola,como,1.82,75000.0,2024-2025,serie-a
maximo perrone,como,1.77,12000000.0,2024-2025,serie-a
yannik engelhardt,como,1.84,6000000.0,2024-2025,serie-a
oliver abildgaard,como,1.92,1000000.0,2024-2025,serie-a
francesco andrealli,como,1.79,,2024-2025,serie-a
maxence caqueret,como,1.74,16000000.0,2024-2025,serie-a
lucas da cunha,como,1.74,10000000.0,2024-2025,serie-a
luca mazzitelli,como,1.84,1500000.0,2024-2025,serie-a
sergi roberto,como,1.78,1500000.0,2024-2025,serie-a
matthias braunoder,como,1.74,1400000.0,2024-2025,serie-a
ben lhassine kone,como,1.72,500000.0,2024-2025,serie-a
daniele baselli,como,1.82,300000.0,2024-2025,serie-a
giuseppe mazzaglia,como,1.8,250000.0,2024-2025,serie-a
alessio iovine,como,1.74,400000.0,2024-2025,serie-a
nico paz,como,1.86,35000000.0,2024-2025,serie-a
dele alli,como,1.88,2000000.0,2024-2025,serie-a
simone verdi,como,1.74,1500000.0,2024-2025,serie-a
naj razi,como,1.75,300000.0,2024-2025,serie-a
assane diao,como,1.85,30000000.0,2024-2025,serie-a
alieu fadera,como,1.82,4500000.0,2024-2025,serie-a
ali jasim,como,1.78,550000.0,2024-2025,serie-a
jonathan ikone,como,1.75,7000000.0,2024-2025,serie-a
gabriel strefezza,como,1.68,6000000.0,2024-2025,serie-a
anastasios douvikas,como,1.86,10000000.0,2024-2025,serie-a
patrick cutrone,como,1.83,6000000.0,2024-2025,serie-a
ivan azon,como,1.82,3000000.0,2024-2025,serie-a
andrea belotti,como,1.81,2000000.0,2024-2025,serie-a
nicholas gioacchini,como,1.83,1300000.0,2024-2025,serie-a
alberto cerri,como,1.94,1000000.0,2024-2025,serie-a
alessandro gabrielloni,como,1.78,850000.0,2024-2025,serie-a
federico chinetti,como,,175000.0,2024-2025,serie-a
maduka okoye,udinese calcio,1.98,7500000.0,2024-2025,serie-a
razvan sava,udinese calcio,1.97,2500000.0,2024-2025,serie-a
egil selvik,udinese calcio,1.93,1500000.0,2024-2025,serie-a
marco silvestri,udinese calcio,1.91,500000.0,2024-2025,serie-a
daniele padelli,udinese calcio,1.91,150000.0,2024-2025,serie-a
edoardo piana,udinese calcio,1.98,50000.0,2024-2025,serie-a
marco cassin,udinese calcio,1.88,,2024-2025,serie-a
oumar solet,udinese calcio,1.92,18000000.0,2024-2025,serie-a
jaka bijol,udinese calcio,1.9,18000000.0,2024-2025,serie-a
nehuen perez,udinese calcio,1.86,13000000.0,2024-2025,serie-a
isaak toure,udinese calcio,2.06,7000000.0,2024-2025,serie-a
thomas kristensen,udinese calcio,1.98,6000000.0,2024-2025,serie-a
enzo ebosse,udinese calcio,1.85,2000000.0,2024-2025,serie-a
lautaro giannetti,udinese calcio,1.85,2000000.0,2024-2025,serie-a
james abankwah,udinese calcio,1.88,1000000.0,2024-2025,serie-a
matteo palma,udinese calcio,1.94,1000000.0,2024-2025,serie-a
christian kabasele,udinese calcio,1.87,700000.0,2024-2025,serie-a
axel guessand,udinese calcio,1.92,400000.0,2024-2025,serie-a
jordan zemura,udinese calcio,1.73,4500000.0,2024-2025,serie-a
hassane kamara,udinese calcio,1.7,3500000.0,2024-2025,serie-a
festy ebosele,udinese calcio,1.8,4600000.0,2024-2025,serie-a
kingsley ehizibue,udinese calcio,1.89,2400000.0,2024-2025,serie-a
goncalo esteves,udinese calcio,1.76,500000.0,2024-2025,serie-a
jesper karlstrom,udinese calcio,1.85,4000000.0,2024-2025,serie-a
sandi lovric,udinese calcio,1.8,8500000.0,2024-2025,serie-a
arthur atta,udinese calcio,1.89,8000000.0,2024-2025,serie-a
jurgen ekkelenkamp,udinese calcio,1.88,7000000.0,2024-2025,serie-a
martin payero,udinese calcio,1.82,5500000.0,2024-2025,serie-a
oier zarraga,udinese calcio,1.75,2000000.0,2024-2025,serie-a
rui modesto,udinese calcio,1.81,2000000.0,2024-2025,serie-a
lazar samardzic,udinese calcio,1.84,17000000.0,2024-2025,serie-a
simone pafundi,udinese calcio,1.66,5000000.0,2024-2025,serie-a
david pejicic,udinese calcio,,1000000.0,2024-2025,serie-a
florian thauvin,udinese calcio,1.81,5000000.0,2024-2025,serie-a
lorenzo lucca,udinese calcio,2.01,22000000.0,2024-2025,serie-a
brenner,udinese calcio,1.75,4000000.0,2024-2025,serie-a
keinan davis,udinese calcio,1.89,3400000.0,2024-2025,serie-a
damian pizarro,udinese calcio,1.87,3200000.0,2024-2025,serie-a
iker bravo,udinese calcio,1.82,3000000.0,2024-2025,serie-a
alexis sanchez,udinese calcio,1.69,1500000.0,2024-2025,serie-a
nicola leali,genoa cfc,1.93,1500000.0,2024-2025,serie-a
pierluigi gollini,genoa cfc,1.94,1000000.0,2024-2025,serie-a
benjamin siegrist,genoa cfc,1.96,650000.0,2024-2025,serie-a
franz stolz,genoa cfc,1.93,250000.0,2024-2025,serie-a
daniele sommariva,genoa cfc,1.85,100000.0,2024-2025,serie-a
koni de winter,genoa cfc,1.91,22000000.0,2024-2025,serie-a
johan vasquez,genoa cfc,1.85,14000000.0,2024-2025,serie-a
alan matturro,genoa cfc,1.89,7000000.0,2024-2025,serie-a
alessandro vogliacco,genoa cfc,1.86,2800000.0,2024-2025,serie-a
alessandro marcandalli,genoa cfc,1.9,2000000.0,2024-2025,serie-a
sebastian otoa,genoa cfc,1.98,2000000.0,2024-2025,serie-a
mattia bani,genoa cfc,1.88,1800000.0,2024-2025,serie-a
matteo barbini,genoa cfc,1.98,500000.0,2024-2025,serie-a
tommaso pittino,genoa cfc,1.89,150000.0,2024-2025,serie-a
aaron martin,genoa cfc,1.78,6500000.0,2024-2025,serie-a
honest ahanor,genoa cfc,1.84,5000000.0,2024-2025,serie-a
alessandro zanoli,genoa cfc,1.88,6000000.0,2024-2025,serie-a
brooke nortoncuffy,genoa cfc,1.81,3500000.0,2024-2025,serie-a
stefano sabelli,genoa cfc,1.76,1400000.0,2024-2025,serie-a
jean onana,genoa cfc,1.89,1800000.0,2024-2025,serie-a
emil bohinen,genoa cfc,1.89,1500000.0,2024-2025,serie-a
lior kassa,genoa cfc,1.85,1500000.0,2024-2025,serie-a
milan badelj,genoa cfc,1.86,800000.0,2024-2025,serie-a
morten frendrup,genoa cfc,1.78,20000000.0,2024-2025,serie-a
fabio miretti,genoa cfc,1.8,14000000.0,2024-2025,serie-a
patrizio masini,genoa cfc,1.82,6000000.0,2024-2025,serie-a
morten thorsby,genoa cfc,1.88,3000000.0,2024-2025,serie-a
filippo melegoni,genoa cfc,1.86,700000.0,2024-2025,serie-a
ruslan malinovskyi,genoa cfc,1.81,2500000.0,2024-2025,serie-a
christos papadopoulos,genoa cfc,1.88,700000.0,2024-2025,serie-a
gaston pereiro,genoa cfc,1.88,500000.0,2024-2025,serie-a
hugo cuenca,genoa cfc,1.83,300000.0,2024-2025,serie-a
filippo carbone,genoa cfc,,200000.0,2024-2025,serie-a
roberto scaglione,genoa cfc,,,2024-2025,serie-a
maxwel cornet,genoa cfc,1.79,8000000.0,2024-2025,serie-a
federico accornero,genoa cfc,,400000.0,2024-2025,serie-a
lysandros papastylianou,genoa cfc,1.87,50000.0,2024-2025,serie-a
junior messias,genoa cfc,1.74,1500000.0,2024-2025,serie-a
lorenzo venturino,genoa cfc,1.84,1500000.0,2024-2025,serie-a
seydou fini,genoa cfc,1.78,1300000.0,2024-2025,serie-a
andrea pinamonti,genoa cfc,1.85,15000000.0,2024-2025,serie-a
vitinha,genoa cfc,1.78,8000000.0,2024-2025,serie-a
jeff ekhator,genoa cfc,1.88,5000000.0,2024-2025,serie-a
caleb ekuban,genoa cfc,1.82,1300000.0,2024-2025,serie-a
david ankeye,genoa cfc,1.91,850000.0,2024-2025,serie-a
mario balotelli,genoa cfc,1.89,500000.0,2024-2025,serie-a
ifenna dorgu,genoa cfc,,300000.0,2024-2025,serie-a
joi nuredini,genoa cfc,1.88,,2024-2025,serie-a
zion suzuki,parma calcio,1.9,20000000.0,2024-2025,serie-a
edoardo corvi,parma calcio,1.87,350000.0,2024-2025,serie-a
leandro chichizola,parma calcio,1.85,250000.0,2024-2025,serie-a
richard marcone,parma calcio,1.84,250000.0,2024-2025,serie-a
manuel moretta,parma calcio,,10000.0,2024-2025,serie-a
giovanni leoni,parma calcio,1.96,18000000.0,2024-2025,serie-a
alessandro circati,parma calcio,1.9,8000000.0,2024-2025,serie-a
alessandro vogliacco,parma calcio,1.86,2800000.0,2024-2025,serie-a
botond balogh,parma calcio,1.89,2400000.0,2024-2025,serie-a
yordan osorio,parma calcio,1.89,1500000.0,2024-2025,serie-a
lautaro valenti,parma calcio,1.88,1500000.0,2024-2025,serie-a
nicolas trabucchi,parma calcio,,,2024-2025,serie-a
mathias lvik,parma calcio,1.83,5000000.0,2024-2025,serie-a
emanuele valeri,parma calcio,1.8,3000000.0,2024-2025,serie-a
gianluca di chiara,parma calcio,1.86,250000.0,2024-2025,serie-a
enrico delprato,parma calcio,1.83,6500000.0,2024-2025,serie-a
woyo coulibaly,parma calcio,1.82,2000000.0,2024-2025,serie-a
antoine hainaut,parma calcio,1.87,1000000.0,2024-2025,serie-a
mandela keita,parma calcio,1.8,12000000.0,2024-2025,serie-a
nahuel estevez,parma calcio,1.81,2000000.0,2024-2025,serie-a
adrian bernabe,parma calcio,1.74,15000000.0,2024-2025,serie-a
simon sohm,parma calcio,1.88,5000000.0,2024-2025,serie-a
hernani,parma calcio,1.88,1600000.0,2024-2025,serie-a
drissa camara,parma calcio,1.79,1500000.0,2024-2025,serie-a
wylan cyprien,parma calcio,1.8,300000.0,2024-2025,serie-a
elia plicco,parma calcio,,,2024-2025,serie-a
jacob ondrejka,parma calcio,1.79,8000000.0,2024-2025,serie-a
adrian benedyczak,parma calcio,1.91,4500000.0,2024-2025,serie-a
valentin mihaila,parma calcio,1.8,3000000.0,2024-2025,serie-a
dennis man,parma calcio,1.83,10000000.0,2024-2025,serie-a
matteo cancellieri,parma calcio,1.85,4500000.0,2024-2025,serie-a
pontus almqvist,parma calcio,1.83,2500000.0,2024-2025,serie-a
anas haj mohamed,parma calcio,1.74,1800000.0,2024-2025,serie-a
anthony partipilo,parma calcio,1.81,500000.0,2024-2025,serie-a
mateusz kowalski,parma calcio,1.97,300000.0,2024-2025,serie-a
angeyoan bonny,parma calcio,1.89,20000000.0,2024-2025,serie-a
mateo pellegrino,parma calcio,1.92,6000000.0,2024-2025,serie-a
milan djuric,parma calcio,1.99,1500000.0,2024-2025,serie-a
gabriel charpentier,parma calcio,1.88,1300000.0,2024-2025,serie-a
daniel mikolajewski,parma calcio,1.84,500000.0,2024-2025,serie-a
wladimiro falcone,us lecce,1.95,3500000.0,2024-2025,serie-a
christian fruchtl,us lecce,1.93,1300000.0,2024-2025,serie-a
alexandru borbei,us lecce,1.91,100000.0,2024-2025,serie-a
jasper samooja,us lecce,1.93,75000.0,2024-2025,serie-a
federico baschirotto,us lecce,1.87,3600000.0,2024-2025,serie-a
kialonda gaspar,us lecce,1.93,3500000.0,2024-2025,serie-a
gaby jean,us lecce,1.91,2000000.0,2024-2025,serie-a
tiago gabriel,us lecce,1.94,1000000.0,2024-2025,serie-a
kevin bonifazi,us lecce,1.87,750000.0,2024-2025,serie-a
elijah scott,us lecce,,300000.0,2024-2025,serie-a
cristian pehlivanov,us lecce,1.97,200000.0,2024-2025,serie-a
sebastian esposito,us lecce,1.91,200000.0,2024-2025,serie-a
patrick dorgu,us lecce,1.85,25000000.0,2024-2025,serie-a
antonino gallo,us lecce,1.83,4300000.0,2024-2025,serie-a
marco sala,us lecce,1.82,900000.0,2024-2025,serie-a
vernon addo,us lecce,1.88,200000.0,2024-2025,serie-a
valentin gendrey,us lecce,1.79,7000000.0,2024-2025,serie-a
frederic guilbert,us lecce,1.78,2500000.0,2024-2025,serie-a
andy pelmard,us lecce,1.8,2000000.0,2024-2025,serie-a
danilo veiga,us lecce,1.83,1000000.0,2024-2025,serie-a
ylber ramadani,us lecce,1.85,1800000.0,2024-2025,serie-a
balthazar pierret,us lecce,1.86,1700000.0,2024-2025,serie-a
thorir johann helgason,us lecce,1.87,3000000.0,2024-2025,serie-a
lassana coulibaly,us lecce,1.83,2500000.0,2024-2025,serie-a
mohamed kaba,us lecce,1.85,2000000.0,2024-2025,serie-a
medon berisha,us lecce,1.86,1500000.0,2024-2025,serie-a
hamza rafia,us lecce,1.81,1400000.0,2024-2025,serie-a
luis hasa,us lecce,1.72,1000000.0,2024-2025,serie-a
joan gonzalez,us lecce,1.9,800000.0,2024-2025,serie-a
ed mcjannet,us lecce,1.83,150000.0,2024-2025,serie-a
filip marchwinski,us lecce,1.87,3000000.0,2024-2025,serie-a
remi oudin,us lecce,1.86,1500000.0,2024-2025,serie-a
lameck banda,us lecce,1.69,4500000.0,2024-2025,serie-a
jesper karlsson,us lecce,1.79,4000000.0,2024-2025,serie-a
tete morente,us lecce,1.84,2000000.0,2024-2025,serie-a
ante rebic,us lecce,1.85,1000000.0,2024-2025,serie-a
nicola sansone,us lecce,1.74,400000.0,2024-2025,serie-a
santiago pierotti,us lecce,1.89,4000000.0,2024-2025,serie-a
konan ndri,us lecce,1.74,1400000.0,2024-2025,serie-a
jeppe corfitzen,us lecce,1.79,250000.0,2024-2025,serie-a
dario daka,us lecce,1.73,100000.0,2024-2025,serie-a
nikola krstovic,us lecce,1.85,15000000.0,2024-2025,serie-a
rares burnete,us lecce,1.85,700000.0,2024-2025,serie-a
joel voelkerling persson,us lecce,1.94,300000.0,2024-2025,serie-a
lorenzo montipo,hellas verona,1.91,2000000.0,2024-2025,serie-a
simone perilli,hellas verona,1.96,400000.0,2024-2025,serie-a
federico magro,hellas verona,1.9,300000.0,2024-2025,serie-a
alessandro berardi,hellas verona,1.85,50000.0,2024-2025,serie-a
diego coppola,hellas verona,1.93,10000000.0,2024-2025,serie-a
nicolas valentini,hellas verona,1.87,6000000.0,2024-2025,serie-a
daniele ghilardi,hellas verona,1.89,5000000.0,2024-2025,serie-a
flavius daniliuc,hellas verona,1.88,2700000.0,2024-2025,serie-a
pawe dawidowicz,hellas verona,1.89,2500000.0,2024-2025,serie-a
tobias slotsager,hellas verona,1.9,2000000.0,2024-2025,serie-a
giangiacomo magnani,hellas verona,1.92,1800000.0,2024-2025,serie-a
luan patrick,hellas verona,1.9,1000000.0,2024-2025,serie-a
yllan okou,hellas verona,1.89,800000.0,2024-2025,serie-a
christian corradi,hellas verona,,700000.0,2024-2025,serie-a
federico ceccherini,hellas verona,1.87,400000.0,2024-2025,serie-a
karlson nwanege,hellas verona,,200000.0,2024-2025,serie-a
domagoj bradaric,hellas verona,1.78,4000000.0,2024-2025,serie-a
martin frese,hellas verona,1.79,2000000.0,2024-2025,serie-a
jackson tchatchoua,hellas verona,1.8,8000000.0,2024-2025,serie-a
davide faraoni,hellas verona,1.8,800000.0,2024-2025,serie-a
daniel oyegoke,hellas verona,1.88,500000.0,2024-2025,serie-a
reda belahyane,hellas verona,1.73,10000000.0,2024-2025,serie-a
dani silva,hellas verona,1.8,2500000.0,2024-2025,serie-a
cheikh niasse,hellas verona,1.88,2500000.0,2024-2025,serie-a
suat serdar,hellas verona,1.84,4500000.0,2024-2025,serie-a
ondrej duda,hellas verona,1.8,3500000.0,2024-2025,serie-a
antoine bernede,hellas verona,1.78,2500000.0,2024-2025,serie-a
abdou harroui,hellas verona,1.82,1800000.0,2024-2025,serie-a
darko lazovic,hellas verona,1.81,800000.0,2024-2025,serie-a
tomas suslov,hellas verona,1.74,6000000.0,2024-2025,serie-a
ayanda sishuba,hellas verona,1.69,1500000.0,2024-2025,serie-a
grigoris kastanos,hellas verona,1.79,1500000.0,2024-2025,serie-a
alphadjo cisse,hellas verona,1.81,1000000.0,2024-2025,serie-a
stefan mitrovic,hellas verona,1.82,1500000.0,2024-2025,serie-a
faride alidou,hellas verona,1.86,1000000.0,2024-2025,serie-a
elayis tavsan,hellas verona,1.83,1200000.0,2024-2025,serie-a
casper tengstedt,hellas verona,1.84,6000000.0,2024-2025,serie-a
amin sarr,hellas verona,1.88,5000000.0,2024-2025,serie-a
daniel mosquera,hellas verona,1.8,1500000.0,2024-2025,serie-a
mathis lambourde,hellas verona,1.79,800000.0,2024-2025,serie-a
dailon rocha livramento,hellas verona,1.85,800000.0,2024-2025,serie-a
junior ajayi,hellas verona,1.85,300000.0,2024-2025,serie-a
elia caprile,cagliari calcio,1.91,9000000.0,2024-2025,serie-a
simone scuffet,cagliari calcio,1.93,2000000.0,2024-2025,serie-a
alen sherri,cagliari calcio,1.97,1000000.0,2024-2025,serie-a
velizariliya iliev,cagliari calcio,1.94,200000.0,2024-2025,serie-a
giuseppe ciocci,cagliari calcio,1.93,100000.0,2024-2025,serie-a
henrijs auseklis,cagliari calcio,1.96,75000.0,2024-2025,serie-a
sebastiano luperto,cagliari calcio,1.91,4000000.0,2024-2025,serie-a
pantelis hatzidiakos,cagliari calcio,1.85,3200000.0,2024-2025,serie-a
yerry mina,cagliari calcio,1.95,3000000.0,2024-2025,serie-a
adam obert,cagliari calcio,1.88,3000000.0,2024-2025,serie-a
mateusz wieteska,cagliari calcio,1.87,2000000.0,2024-2025,serie-a
jose luis palomino,cagliari calcio,1.88,700000.0,2024-2025,serie-a
nicola pintus,cagliari calcio,1.89,400000.0,2024-2025,serie-a
andrea cogoni,cagliari calcio,,400000.0,2024-2025,serie-a
tommaso augello,cagliari calcio,1.8,1800000.0,2024-2025,serie-a
paulo azzi,cagliari calcio,1.88,800000.0,2024-2025,serie-a
gabriele zappa,cagliari calcio,1.87,4000000.0,2024-2025,serie-a
alessandro di pardo,cagliari calcio,1.82,800000.0,2024-2025,serie-a
matteo prati,cagliari calcio,1.85,6000000.0,2024-2025,serie-a
razvan marin,cagliari calcio,1.78,3500000.0,2024-2025,serie-a
antoine makoumbou,cagliari calcio,1.87,3500000.0,2024-2025,serie-a
michel adopo,cagliari calcio,1.87,4000000.0,2024-2025,serie-a
alessandro deiola,cagliari calcio,1.9,1600000.0,2024-2025,serie-a
nadir zortea,cagliari calcio,1.87,5000000.0,2024-2025,serie-a
jakub jankto,cagliari calcio,1.84,800000.0,2024-2025,serie-a
gianluca gaetano,cagliari calcio,1.83,4000000.0,2024-2025,serie-a
nicolas viola,cagliari calcio,1.8,1000000.0,2024-2025,serie-a
gaston pereiro,cagliari calcio,1.88,500000.0,2024-2025,serie-a
florinel coman,cagliari calcio,1.82,5000000.0,2024-2025,serie-a
mattia felici,cagliari calcio,1.82,2800000.0,2024-2025,serie-a
alessandro vinciguerra,cagliari calcio,1.67,400000.0,2024-2025,serie-a
roberto piccoli,cagliari calcio,1.9,12000000.0,2024-2025,serie-a
zito luvumbo,cagliari calcio,1.71,5000000.0,2024-2025,serie-a
gianluca lapadula,cagliari calcio,1.78,750000.0,2024-2025,serie-a
leonardo pavoletti,cagliari calcio,1.88,700000.0,2024-2025,serie-a
kingstone mutandwa,cagliari calcio,1.8,600000.0,2024-2025,serie-a
