Player,Squad,Touch_Def_3rd,Touch_Mid_3rd,Touch_Att_3rd,Touch_Att_Pen,touch_Live,drib_Att,drib_Succ%,Tckl_Drib,Tckl_Drib%,PrgDist,Carries_Att_3rd,Carries_Att_Pen,fail_To_Gain_Control,Loss_Control_Tackle,Season,Competition
keyliane abdallah,Marseille,0,1,0,0,1,0,,0,,0,0,0,0,0,2023-2024,ligue-1
yunis abdelhamid,Reims,976,1119,114,35,2184,15,53.3,7,46.7,4921,19,0,23,4,2023-2024,ligue-1
salis abdul samed,Lens,168,647,218,7,1022,19,36.8,11,57.9,1683,33,0,23,11,2023-2024,ligue-1
laurent abergel,Lorient,553,1289,349,10,2165,65,67.7,18,27.7,3885,49,3,32,30,2023-2024,ligue-1
matthis abline,Nantes,36,153,209,65,386,33,57.6,14,42.4,906,24,14,50,14,2023-2024,ligue-1
zakaria aboukhlal,Toulouse,27,123,161,38,304,31,25.8,22,71.0,745,13,8,22,12,2023-2024,ligue-1
akor adams,Montpellier,61,266,323,118,638,44,31.8,26,59.1,1004,23,22,68,30,2023-2024,ligue-1
nathaniel adjei,Lorient,374,397,46,10,811,5,80.0,1,20.0,1609,12,0,12,5,2023-2024,ligue-1
adryelson,Lyon,9,0,0,0,9,0,,0,,9,0,0,0,0,2023-2024,ligue-1
adson,Nantes,18,81,68,10,163,8,62.5,3,37.5,451,9,4,4,4,2023-2024,ligue-1
emmanuel agbadou,Reims,820,1233,165,32,2198,31,48.4,16,51.6,5460,26,2,24,23,2023-2024,ligue-1
ruben aguilar,Lens,326,699,518,38,1533,20,30.0,12,60.0,2333,37,2,31,10,2023-2024,ligue-1
tosin aiyegun,Lorient,54,120,123,21,291,26,46.2,13,50.0,686,10,6,18,13,2023-2024,ligue-1
sergio akieme,Reims,135,195,119,11,443,18,44.4,9,50.0,742,12,3,12,8,2023-2024,ligue-1
maghnes akliouche,Monaco,101,457,513,79,1055,52,51.9,22,42.3,1866,45,14,41,40,2023-2024,ligue-1
paul akouokou,Lyon,52,142,37,1,231,4,75.0,0,0.0,179,4,0,4,1,2023-2024,ligue-1
aboubacar ali,Strasbourg,4,19,35,7,56,3,33.3,2,66.7,79,1,1,4,2,2023-2024,ligue-1
mohamed ali cho,Nice,41,145,194,36,371,38,42.1,19,50.0,1236,29,15,19,16,2023-2024,ligue-1
nabil alioui,Le Havre,50,224,221,33,485,38,39.5,21,55.3,846,20,7,23,17,2023-2024,ligue-1
jim allevinah,Clermont Foot,223,443,360,67,1008,67,41.8,35,52.2,2680,55,13,54,26,2023-2024,ligue-1
skelly alvero,Lyon,43,143,58,6,242,7,57.1,2,28.6,321,4,0,8,7,2023-2024,ligue-1
papa amadou diallo,Metz,97,177,146,24,405,43,37.2,25,58.1,806,18,5,28,9,2023-2024,ligue-1
jordan amavi,Brest,18,42,8,0,67,2,50.0,1,50.0,75,1,0,1,1,2023-2024,ligue-1
kelvin amian,Nantes,130,193,107,4,430,7,42.9,4,57.1,609,10,0,11,7,2023-2024,ligue-1
michael amir murillo,Marseille,184,359,169,17,703,19,63.2,7,36.8,805,11,3,9,8,2023-2024,ligue-1
benjamin andre,Lille,496,1461,293,32,2242,23,43.5,13,56.5,3343,40,1,29,22,2023-2024,ligue-1
komnen andric,Clermont Foot,3,44,36,3,83,5,40.0,3,60.0,42,4,1,8,6,2023-2024,ligue-1
angelo,Strasbourg,76,261,282,27,593,56,53.6,23,41.1,1883,48,6,44,24,2023-2024,ligue-1
stredair appuah,Nantes,7,20,15,3,42,6,66.7,2,33.3,92,1,1,4,1,2023-2024,ligue-1
yoel armougom,Clermont Foot,26,72,50,1,148,3,33.3,1,33.3,358,5,0,2,0,2023-2024,ligue-1
hakon arnar haraldsson,Lille,81,353,240,38,664,36,41.7,17,47.2,1338,27,9,27,15,2023-2024,ligue-1
mohamed el arouch,Lyon,1,2,0,0,2,1,100.0,0,0.0,6,0,0,0,0,2023-2024,ligue-1
marco asensio,Paris S-G,74,323,358,38,747,22,45.5,10,45.5,1413,36,6,13,9,2023-2024,ligue-1
joel asoro,Metz,59,111,101,11,263,35,34.3,19,54.3,475,13,0,26,17,2023-2024,ligue-1
lorenz assignon,Rennes,158,323,237,21,712,23,43.5,13,56.5,1380,19,7,13,5,2023-2024,ligue-1
youcef atal,Nice,68,169,57,3,286,21,52.4,8,38.1,701,14,1,5,3,2023-2024,ligue-1
valentin atangana edoa,Reims,69,136,65,11,264,8,25.0,5,62.5,424,11,2,12,3,2023-2024,ligue-1
arthur atta,Metz,138,291,121,16,544,29,41.4,16,55.2,921,15,2,17,16,2023-2024,ligue-1
pierreemerick aubameyang,Marseille,85,377,512,163,956,34,52.9,14,41.2,1628,34,38,42,21,2023-2024,ligue-1
andre ayew,Le Havre,45,181,168,49,389,28,57.1,10,35.7,501,10,5,25,20,2023-2024,ligue-1
neil el aynaoui,Lens,169,526,193,39,877,39,38.5,16,41.0,1271,21,1,27,16,2023-2024,ligue-1
abdellah baallal,Clermont Foot,2,2,1,0,5,0,,0,,6,0,0,0,0,2023-2024,ligue-1
shavy babicka,Toulouse,17,63,104,12,182,15,40.0,9,60.0,379,4,6,13,3,2023-2024,ligue-1
aliou badara balde,Nice,5,19,36,5,58,10,30.0,6,60.0,161,5,1,2,0,2023-2024,ligue-1
tiemoue bakayoko,Lorient,209,491,94,15,785,15,33.3,10,66.7,1265,21,1,23,15,2023-2024,ligue-1
dilane bakwa,Strasbourg,127,487,577,75,1158,121,43.0,62,51.2,2906,76,25,49,38,2023-2024,ligue-1
carlos baleba,Lille,8,39,12,0,59,0,,0,,69,1,0,0,2,2023-2024,ligue-1
leonardo balerdi,Marseille,845,1036,73,18,1936,18,50.0,6,33.3,4056,23,0,17,10,2023-2024,ligue-1
folarin balogun,Monaco,30,248,345,140,617,41,26.8,28,68.3,793,18,29,80,42,2023-2024,ligue-1
mohamed bamba,Lorient,32,195,187,76,404,29,37.9,17,58.6,762,22,13,31,25,2023-2024,ligue-1
mamady bangre,Toulouse,14,33,50,13,97,5,20.0,4,80.0,312,5,2,4,4,2023-2024,ligue-1
bradley barcola,Lyon,10,56,64,19,129,18,44.4,10,55.6,303,6,8,7,2,2023-2024,ligue-1
bradley barcola,Paris S-G,97,251,476,103,803,94,48.9,43,45.7,2545,50,50,45,11,2023-2024,ligue-1
melvin bard,Nice,686,1010,449,22,2106,73,50.7,31,42.5,3915,87,7,41,14,2023-2024,ligue-1
steven baseya,Strasbourg,9,6,0,0,15,0,,0,,7,0,0,0,0,2023-2024,ligue-1
mohamed bechikh,Strasbourg,0,9,1,0,10,2,0.0,2,100.0,24,0,0,1,0,2023-2024,ligue-1
yanis begraoui,Toulouse,20,69,65,15,149,9,77.8,2,22.2,266,6,2,12,6,2023-2024,ligue-1
jeremie bela,Clermont Foot,7,59,58,3,121,7,57.1,3,42.9,340,9,0,4,3,2023-2024,ligue-1
reda belahyane,Nice,1,12,5,0,18,1,100.0,0,0.0,63,0,0,0,0,2023-2024,ligue-1
alaa bellaarouch,Strasbourg,540,3,0,0,542,0,,0,,1282,1,1,0,0,2023-2024,ligue-1
jeanricner bellegarde,Strasbourg,27,68,44,5,135,15,53.3,5,33.3,275,7,1,6,13,2023-2024,ligue-1
jeanuel belocian,Rennes,385,492,129,5,1001,8,62.5,2,25.0,2252,24,0,8,4,2023-2024,ligue-1
eliesse ben seghir,Monaco,25,128,144,24,291,26,23.1,17,65.4,682,19,6,8,8,2023-2024,ligue-1
wissam ben yedder,Monaco,33,411,523,154,957,46,37.0,27,58.7,1391,31,23,49,39,2023-2024,ligue-1
said benrahma,Lyon,47,141,266,36,447,35,51.4,16,45.7,1178,15,15,23,24,2023-2024,ligue-1
nabil bentaleb,Lille,406,1120,155,6,1667,19,73.7,4,21.1,2066,28,1,27,18,2023-2024,ligue-1
lucas beraldo,Paris S-G,410,592,58,5,1056,4,75.0,1,25.0,2168,22,0,2,2,2023-2024,ligue-1
dimitry bertaud,Montpellier,152,0,0,0,152,0,,0,,307,0,0,0,0,2023-2024,ligue-1
marco bizot,Brest,1177,8,0,0,1185,0,,0,,1789,0,0,1,0,2023-2024,ligue-1
ruben blanco,Marseille,52,2,0,0,54,0,,0,,122,0,0,0,0,2023-2024,ligue-1
ludovic blas,Rennes,92,296,366,59,734,69,36.2,39,56.5,1737,37,8,40,29,2023-2024,ligue-1
myron boadu,Monaco,0,8,21,8,29,2,0.0,2,100.0,37,1,2,7,2,2023-2024,ligue-1
jeremie boga,Nice,119,398,488,87,976,113,55.8,46,40.7,3369,93,39,42,27,2023-2024,ligue-1
adama bojang,Reims,5,16,22,10,42,1,100.0,0,0.0,56,1,1,4,1,2023-2024,ligue-1
neto borges,Clermont Foot,597,749,420,49,1743,54,51.9,21,38.9,3464,45,17,31,11,2023-2024,ligue-1
saimon bouabre,Monaco,2,15,7,0,24,1,100.0,0,0.0,41,1,0,1,3,2023-2024,ligue-1
ayyoub bouaddi,Lille,34,87,17,1,135,1,100.0,0,0.0,261,4,0,7,3,2023-2024,ligue-1
badredine bouanani,Nice,9,36,59,10,104,11,36.4,6,54.5,221,10,1,5,2,2023-2024,ligue-1
badredine bouanani,Lorient,27,96,117,15,231,14,57.1,5,35.7,761,22,5,13,11,2023-2024,ligue-1
mohamed bouchenna,Clermont Foot,5,11,6,2,20,5,40.0,3,60.0,38,1,1,3,0,2023-2024,ligue-1
hicham boudaoui,Nice,185,521,218,45,909,43,51.2,17,39.5,1641,26,8,31,12,2023-2024,ligue-1
benjamin bourigeaud,Rennes,292,868,659,66,1796,24,41.7,14,58.3,2388,39,4,31,12,2023-2024,ligue-1
bilal boutobba,Clermont Foot,64,256,226,38,536,46,34.8,25,54.3,1191,29,11,26,15,2023-2024,ligue-1
hugo boutsingkham,Nantes,3,0,0,0,3,1,0.0,1,100.0,0,0,0,0,0,2023-2024,ligue-1
bilal brahimi,Nice,0,4,11,1,15,1,0.0,1,100.0,23,0,1,1,1,2023-2024,ligue-1
bilal brahimi,Brest,16,45,100,13,158,16,56.3,6,37.5,441,10,5,5,7,2023-2024,ligue-1
lilian brassier,Brest,1054,966,56,21,2062,16,75.0,4,25.0,5302,12,2,15,2,2023-2024,ligue-1
maxime busi,Reims,38,49,31,6,116,4,75.0,1,25.0,175,2,3,2,3,2023-2024,ligue-1
marcin buka,Nice,1285,4,3,2,1292,2,100.0,0,0.0,2229,0,0,0,0,2023-2024,ligue-1
remy cabella,Lille,109,497,520,80,1111,48,43.8,24,50.0,2393,52,22,28,16,2023-2024,ligue-1
duje caletacar,Lyon,793,586,31,21,1404,2,50.0,1,50.0,2358,2,0,3,1,2023-2024,ligue-1
lamine camara,Metz,278,744,321,10,1307,58,39.7,31,53.4,2315,35,3,56,28,2023-2024,ligue-1
mahdi camara,Brest,141,614,372,72,1115,43,39.5,21,48.8,1756,39,7,39,23,2023-2024,ligue-1
mohamed camara,Monaco,144,593,157,9,887,22,40.9,10,45.5,1441,25,0,15,15,2023-2024,ligue-1
axel camblan,Brest,4,12,28,3,43,8,37.5,5,62.5,117,4,0,3,2,2023-2024,ligue-1
fali cande,Metz,583,404,58,9,1036,11,63.6,3,27.3,1619,12,1,9,2,2023-2024,ligue-1
gino caoki,Lorient,2,2,0,0,4,0,,0,,21,0,0,0,0,2023-2024,ligue-1
maxence caqueret,Lyon,484,1283,622,48,2357,85,61.2,28,32.9,4269,63,12,55,45,2023-2024,ligue-1
igor carioca,Lorient,61,95,45,4,199,9,44.4,4,44.4,264,3,2,4,1,2023-2024,ligue-1
antonin cartillier,Monaco,1,4,1,0,6,0,,0,,15,1,0,0,1,2023-2024,ligue-1
josue casimir,Le Havre,219,437,391,49,1022,64,35.9,37,57.8,1870,35,22,43,25,2023-2024,ligue-1
cristian casseres jr,Toulouse,296,776,220,26,1274,17,70.6,5,29.4,1836,26,1,22,13,2023-2024,ligue-1
jeancharles castelletto,Nantes,659,758,150,22,1560,14,57.1,6,42.9,2885,22,1,15,7,2023-2024,ligue-1
maximiliano caufriez,Clermont Foot,498,522,76,7,1087,14,50.0,4,28.6,2184,27,0,11,11,2023-2024,ligue-1
ivan cavaleiro,Lille,41,161,166,31,366,18,55.6,8,44.4,541,14,5,25,11,2023-2024,ligue-1
fabien centonze,Nantes,14,31,20,1,63,3,0.0,3,100.0,131,4,0,0,0,2023-2024,ligue-1
fares chaibi,Toulouse,4,23,23,0,50,2,0.0,2,100.0,91,1,0,4,0,2023-2024,ligue-1
muhammed cham,Clermont Foot,208,846,576,69,1604,65,52.3,28,43.1,3240,77,13,57,42,2023-2024,ligue-1
brendan chardonnet,Brest,1105,1017,81,30,2188,8,25.0,4,50.0,5074,14,0,15,4,2023-2024,ligue-1
jhoanner chavez,Lens,87,111,71,9,266,1,0.0,1,100.0,309,6,3,13,5,2023-2024,ligue-1
rayan cherki,Lyon,108,585,665,117,1325,141,57.4,48,34.0,3685,73,33,51,43,2023-2024,ligue-1
lucas chevalier,Lille,1249,6,0,0,1255,0,,0,,2712,0,0,1,2,2023-2024,ligue-1
pedro chirivella,Nantes,373,1260,310,26,1935,8,62.5,2,25.0,2446,23,4,23,14,2023-2024,ligue-1
joris chotard,Montpellier,483,809,201,18,1481,14,21.4,9,64.3,1727,18,2,22,13,2023-2024,ligue-1
djaoui cisse,Rennes,0,4,1,0,5,0,,0,,9,0,0,0,0,2023-2024,ligue-1
ibrahim cissoko,Toulouse,14,40,104,27,156,30,56.7,12,40.0,482,9,13,9,3,2023-2024,ligue-1
alexis claudemaurice,Nice,46,157,135,14,330,24,66.7,8,33.3,735,20,1,11,11,2023-2024,ligue-1
jonathan clauss,Marseille,353,772,663,36,1768,35,54.3,14,40.0,2812,62,7,37,7,2023-2024,ligue-1
marcus coco,Nantes,208,401,231,14,831,31,38.7,12,38.7,1306,31,1,26,11,2023-2024,ligue-1
maxime colin,Metz,360,543,237,8,1130,23,47.8,11,47.8,1353,13,3,18,12,2023-2024,ligue-1
eray comert,Nantes,680,581,32,9,1280,2,50.0,1,50.0,2354,6,0,5,1,2023-2024,ligue-1
alois confais,Le Havre,1,9,1,0,11,0,,0,,12,0,0,0,0,2023-2024,ligue-1
joaquin correa,Marseille,26,89,100,17,214,15,33.3,9,60.0,370,10,2,8,10,2023-2024,ligue-1
oscar cortes,Lens,1,14,20,5,35,0,,0,,42,0,0,6,2,2023-2024,ligue-1
david costa,Lens,123,393,383,43,883,39,51.3,18,46.2,1844,44,10,28,22,2023-2024,ligue-1
logan costa,Toulouse,932,1001,138,30,2059,10,60.0,4,40.0,3931,30,2,18,3,2023-2024,ligue-1
gregoire coudert,Brest,81,0,0,0,81,0,,0,,203,0,0,0,0,2023-2024,ligue-1
mamadou coulibaly,Monaco,9,56,35,1,99,3,33.3,2,66.7,178,8,0,10,3,2023-2024,ligue-1
tanguy coulibaly,Montpellier,61,116,125,36,289,26,65.4,7,26.9,871,24,14,31,15,2023-2024,ligue-1
nicolas cozza,Nantes,164,214,113,11,485,10,20.0,4,40.0,588,9,2,10,8,2023-2024,ligue-1
trevis dago,Lille,1,4,5,2,9,1,100.0,0,0.0,22,1,0,0,0,2023-2024,ligue-1
thijs dallinga,Toulouse,81,409,398,124,875,38,52.6,14,36.8,1132,24,9,46,29,2023-2024,ligue-1
kevin danso,Lens,836,1093,98,22,2010,16,68.8,2,12.5,5038,29,0,24,8,2023-2024,ligue-1
dante,Nice,1402,1592,87,20,3067,5,80.0,1,20.0,6060,20,1,14,5,2023-2024,ligue-1
raimane daou,Marseille,8,8,1,0,17,1,0.0,1,100.0,7,0,0,0,0,2023-2024,ligue-1
mohamed daramy,Reims,67,255,410,84,717,94,55.3,37,39.4,2276,46,32,46,19,2023-2024,ligue-1
achraf dari,Brest,54,46,3,1,103,0,,0,,155,0,0,2,0,2023-2024,ligue-1
jonathan david,Lille,60,454,404,128,905,39,38.5,19,48.7,1494,33,22,55,44,2023-2024,ligue-1
thibault de smet,Reims,375,613,276,10,1255,15,33.3,9,60.0,1984,30,1,14,7,2023-2024,ligue-1
romain del castillo,Brest,122,780,936,71,1797,160,46.9,77,48.1,3294,95,21,65,52,2023-2024,ligue-1
thomas delaine,Strasbourg,304,415,386,26,1097,33,57.6,14,42.4,2041,45,5,33,11,2023-2024,ligue-1
sacha delaye,Montpellier,8,24,41,9,72,3,66.7,1,33.3,132,4,1,6,0,2023-2024,ligue-1
karamoko dembele,Brest,0,3,10,1,13,0,,0,,32,2,0,2,2,2023-2024,ligue-1
ousmane dembele,Paris S-G,56,500,726,97,1256,139,46.8,67,48.2,4413,105,53,37,24,2023-2024,ligue-1
jessy deminguet,Strasbourg,67,199,75,8,334,7,28.6,4,57.1,440,10,1,11,5,2023-2024,ligue-1
remy descamps,Nantes,237,0,0,0,237,0,,0,,511,0,0,0,0,2023-2024,ligue-1
mikkel desler,Toulouse,274,533,320,37,1119,24,58.3,8,33.3,1657,27,9,18,10,2023-2024,ligue-1
arthur desmas,Le Havre,1014,6,0,0,1020,0,,0,,2466,0,0,1,0,2023-2024,ligue-1
lamine diack,Nantes,0,0,0,0,0,0,,0,,0,0,0,0,0,2023-2024,ligue-1
mamadou diakhon,Reims,17,33,40,5,87,20,30.0,10,50.0,278,2,5,7,2,2023-2024,ligue-1
bafode diakite,Lille,502,846,123,31,1464,8,62.5,3,37.5,2977,15,2,8,5,2023-2024,ligue-1
ibrahim diakite,Reims,30,40,31,2,100,5,40.0,3,60.0,192,5,1,1,0,2023-2024,ligue-1
oumar diakite,Reims,55,233,271,89,545,62,40.3,34,54.8,789,21,21,69,28,2023-2024,ligue-1
habib diarra,Strasbourg,202,623,308,30,1106,60,55.0,20,33.3,2388,62,10,37,28,2023-2024,ligue-1
moussa diarra,Toulouse,312,429,123,10,857,9,55.6,3,33.3,1283,18,2,22,6,2023-2024,ligue-1
krepin diatta,Monaco,154,478,330,21,947,45,64.4,14,31.1,1707,30,10,24,20,2023-2024,ligue-1
mory diaw,Clermont Foot,1316,37,0,0,1352,4,75.0,1,25.0,3362,0,0,2,0,2023-2024,ligue-1
mahamadou diawara,Lyon,32,104,60,12,194,6,66.7,1,16.7,522,13,2,7,7,2023-2024,ligue-1
bamba dieng,Lorient,14,95,79,31,188,11,27.3,7,63.6,183,2,3,20,10,2023-2024,ligue-1
guillaume dietsch,Metz,28,0,0,0,28,0,,0,,49,0,0,0,0,2023-2024,ligue-1
sinaly diomande,Lyon,292,334,35,7,654,4,25.0,1,25.0,1321,8,1,6,2,2023-2024,ligue-1
edan diop,Monaco,37,54,33,3,122,2,50.0,1,50.0,157,3,0,3,1,2023-2024,ligue-1
sofiane diop,Nice,42,100,118,16,249,22,27.3,16,72.7,589,18,6,15,9,2023-2024,ligue-1
andy diouf,Lens,114,478,336,23,908,58,51.7,26,44.8,2511,48,8,29,30,2023-2024,ligue-1
yehvann diouf,Reims,1354,19,0,0,1372,3,100.0,0,0.0,2703,0,0,1,0,2023-2024,ligue-1
chaim el djebali,Lyon,0,5,5,0,10,1,0.0,1,100.0,35,1,0,0,0,2023-2024,ligue-1
jeremy doku,Rennes,6,17,44,12,61,9,100.0,0,0.0,342,6,7,2,2,2023-2024,ligue-1
gianluigi donnarumma,Paris S-G,838,4,0,0,842,1,100.0,0,0.0,1432,0,0,1,0,2023-2024,ligue-1
sirine doucoure,Lorient,10,83,89,35,181,25,52.0,11,44.0,315,7,12,30,10,2023-2024,ligue-1
desire doue,Rennes,124,442,512,70,1056,106,60.4,31,29.2,2891,73,29,58,44,2023-2024,ligue-1
guela doue,Rennes,270,338,246,24,843,29,69.0,7,24.1,1708,41,9,19,15,2023-2024,ligue-1
douglas,Nantes,310,757,195,14,1248,8,25.0,4,50.0,1756,16,1,16,8,2023-2024,ligue-1
ismael doukoure,Strasbourg,273,585,72,2,919,31,71.0,9,29.0,1720,16,0,11,24,2023-2024,ligue-1
kamory doumbia,Brest,76,357,220,37,641,29,44.8,15,51.7,1049,22,6,32,18,2023-2024,ligue-1
jeankevin duverne,Nantes,324,444,133,6,894,15,60.0,6,40.0,1644,28,1,21,8,2023-2024,ligue-1
aron dnnum,Toulouse,108,343,341,48,774,74,41.9,34,45.9,2001,37,21,46,23,2023-2024,ligue-1
simon ebonog,Le Havre,5,18,1,0,24,0,,0,,20,0,0,0,0,2023-2024,ligue-1
hugo ekitike,Paris S-G,0,1,10,2,11,0,,0,,6,0,1,2,1,2023-2024,ligue-1
simon elisor,Metz,28,121,117,33,259,18,27.8,12,66.7,193,8,5,28,23,2023-2024,ligue-1
breel embolo,Monaco,8,31,40,18,79,7,57.1,3,42.9,150,5,6,8,7,2023-2024,ligue-1
emanuel emegha,Strasbourg,44,238,232,88,504,34,29.4,22,64.7,598,19,13,46,29,2023-2024,ligue-1
maxime esteve,Montpellier,256,218,26,9,493,5,40.0,3,60.0,699,4,1,5,1,2023-2024,ligue-1
oscar estupinan,Metz,6,52,30,9,88,2,50.0,1,50.0,105,3,0,3,4,2023-2024,ligue-1
romain faivre,Lorient,117,365,335,40,798,93,47.3,43,46.2,2142,48,11,37,17,2023-2024,ligue-1
ilhan fakili,Clermont Foot,3,19,23,4,45,6,16.7,5,83.3,73,1,2,5,2,2023-2024,ligue-1
khalil fayad,Montpellier,95,242,139,24,473,23,43.5,11,47.8,832,14,4,15,14,2023-2024,ligue-1
ichem ferrah,Lille,0,2,1,0,3,0,,0,,0,0,0,1,0,2023-2024,ligue-1
jordan ferri,Montpellier,347,877,320,18,1525,36,47.2,19,52.8,2900,43,5,45,33,2023-2024,ligue-1
malick fofana,Lyon,37,84,133,21,244,15,53.3,7,46.7,836,18,10,16,11,2023-2024,ligue-1
youssouf fofana,Monaco,357,1329,458,49,2113,67,58.2,26,38.8,4247,83,8,49,33,2023-2024,ligue-1
thomas foket,Reims,374,569,314,19,1250,12,58.3,5,41.7,1848,24,1,27,10,2023-2024,ligue-1
tiago fonseca morais,Lille,2,14,8,2,23,3,0.0,3,100.0,49,0,1,1,0,2023-2024,ligue-1
przemysaw frankowski,Lens,299,646,647,55,1582,30,40.0,18,60.0,2415,42,6,36,15,2023-2024,ligue-1
angelo fulgini,Lens,97,439,471,48,996,42,42.9,22,52.4,1415,42,7,33,36,2023-2024,ligue-1
kevin gameiro,Strasbourg,51,272,256,46,569,13,53.8,5,38.5,909,25,10,25,15,2023-2024,ligue-1
ignatius ganago,Nantes,4,24,51,10,77,1,0.0,1,100.0,109,2,3,4,3,2023-2024,ligue-1
ulisses garcia,Marseille,140,309,215,8,658,18,55.6,6,33.3,1157,18,2,9,14,2023-2024,ligue-1
johan gastien,Clermont Foot,475,1199,257,9,1918,25,32.0,14,56.0,2842,27,0,29,9,2023-2024,ligue-1
yann gboho,Toulouse,48,183,261,68,473,63,47.6,29,46.0,1626,42,27,39,28,2023-2024,ligue-1
gelabert,Toulouse,77,231,156,32,456,29,44.8,15,51.7,691,17,11,23,12,2023-2024,ligue-1
denis genreau,Toulouse,67,135,76,9,273,12,33.3,7,58.3,329,5,2,11,4,2023-2024,ligue-1
samuel gigot,Marseille,560,543,90,37,1189,5,60.0,2,40.0,2453,17,2,9,2,2023-2024,ligue-1
aleksandr golovin,Monaco,161,637,688,49,1473,44,54.5,17,38.6,2489,47,18,42,23,2023-2024,ligue-1
angel gomes,Lille,299,1231,424,38,1940,35,62.9,12,34.3,3733,56,7,26,15,2023-2024,ligue-1
maxime gonalons,Clermont Foot,196,652,84,10,921,17,47.1,7,41.2,1158,14,2,18,13,2023-2024,ligue-1
mathieu gorgelin,Le Havre,21,0,0,0,21,0,,0,,38,0,0,0,0,2023-2024,ligue-1
amine gouiri,Rennes,109,435,524,132,1049,86,53.5,40,46.5,2120,50,28,41,40,2023-2024,ligue-1
jonathan gradit,Lens,482,965,145,6,1582,8,50.0,2,25.0,3507,50,0,11,7,2023-2024,ligue-1
samuel grandsir,Le Havre,39,141,197,24,373,24,29.2,16,66.7,743,23,8,12,10,2023-2024,ligue-1
adrian grbic,Lorient,1,9,6,1,16,0,,0,,10,0,0,1,0,2023-2024,ligue-1
gabriel gudmundsson,Lille,177,332,216,39,711,32,28.1,18,56.3,1373,19,13,25,17,2023-2024,ligue-1
axel gueguin,Montpellier,30,24,14,2,68,2,50.0,1,50.0,86,2,1,3,3,2023-2024,ligue-1
matteo guendouzi,Marseille,3,6,8,2,16,0,,0,,98,2,0,0,1,2023-2024,ligue-1
evann guessand,Nice,59,233,285,103,563,64,37.5,36,56.3,1104,29,14,82,50,2023-2024,ligue-1
pape gueye,Marseille,108,389,110,8,602,9,11.1,5,55.6,1076,13,0,11,8,2023-2024,ligue-1
morgan guilavogui,Lens,34,128,166,45,326,10,50.0,5,50.0,384,8,7,23,17,2023-2024,ligue-1
frederic guilbert,Strasbourg,652,830,379,17,1842,34,55.9,14,41.2,2506,35,3,26,13,2023-2024,ligue-1
jaouen hadjam,Nantes,25,57,39,2,120,0,,0,,301,3,0,4,3,2023-2024,ligue-1
massadio haidara,Lens,165,233,118,9,513,4,0.0,4,100.0,832,14,2,6,5,2023-2024,ligue-1
oualid el hajjam,Le Havre,96,133,64,10,289,5,80.0,1,20.0,460,5,0,8,1,2023-2024,ligue-1
achraf hakimi,Paris S-G,425,976,835,67,2217,57,47.4,30,52.6,4942,78,22,33,33,2023-2024,ligue-1
amine harit,Marseille,113,573,515,64,1184,75,52.0,27,36.0,2888,69,11,43,37,2023-2024,ligue-1
silvan hefti,Montpellier,128,162,107,10,391,10,70.0,2,20.0,736,9,1,5,6,2023-2024,ligue-1
henrique,Lyon,100,217,140,12,452,7,28.6,4,57.1,958,14,2,4,2,2023-2024,ligue-1
luis henrique,Marseille,71,185,227,25,472,25,52.0,11,44.0,1158,26,9,16,9,2023-2024,ligue-1
christophe herelle,Metz,377,388,20,4,776,9,55.6,3,33.3,1397,3,0,9,1,2023-2024,ligue-1
lucas hernandez,Paris S-G,578,1247,234,19,2041,16,56.3,5,31.3,3507,33,4,16,5,2023-2024,ligue-1
andrej ilic,Lille,0,1,0,0,1,0,,0,,1,0,0,0,0,2023-2024,ligue-1
bonke innocent,Lorient,24,80,16,2,120,0,,0,,92,2,0,2,1,2023-2024,ligue-1
ismaily,Lille,500,960,373,38,1811,57,45.6,29,50.9,3775,58,14,32,18,2023-2024,ligue-1
yanis issoufou,Montpellier,1,1,2,0,3,1,0.0,1,100.0,0,1,0,0,1,2023-2024,ligue-1
junya ito,Reims,134,538,776,100,1428,108,50.0,46,42.6,3389,76,35,72,37,2023-2024,ligue-1
jeremy jacquet,Rennes,3,4,0,0,7,0,,0,,36,0,0,0,0,2023-2024,ligue-1
jeremy jacquet,Clermont Foot,49,77,32,2,157,2,50.0,1,50.0,268,3,1,2,2,2023-2024,ligue-1
ismail jakobs,Monaco,230,446,410,46,1078,14,71.4,3,21.4,1345,32,13,29,6,2023-2024,ligue-1
ablie jallow,Metz,56,226,151,15,418,38,42.1,21,55.3,1153,27,3,21,14,2023-2024,ligue-1
danley jeanjacques,Metz,262,578,205,29,1029,27,51.9,12,44.4,1481,28,8,31,13,2023-2024,ligue-1
jeffinho,Lyon,13,66,122,21,198,38,36.8,21,55.3,449,13,5,10,13,2023-2024,ligue-1
antoine joujou,Le Havre,53,128,228,41,399,53,35.8,31,58.5,1090,21,16,24,26,2023-2024,ligue-1
christopher jullien,Montpellier,402,275,13,10,688,2,50.0,0,0.0,931,1,0,7,0,2023-2024,ligue-1
eli junior kroupi,Lorient,40,168,174,51,377,20,60.0,6,30.0,428,13,5,24,10,2023-2024,ligue-1
abdoul kader bamba,Nantes,46,177,204,26,423,31,32.3,14,45.2,1179,25,13,17,13,2023-2024,ligue-1
yaya kader fofana,Reims,4,12,15,4,31,2,100.0,0,0.0,35,2,0,1,0,2023-2024,ligue-1
tino kadewere,Lyon,19,70,61,13,148,5,60.0,2,40.0,185,2,3,6,9,2023-2024,ligue-1
tino kadewere,Nantes,36,159,125,30,314,24,37.5,12,50.0,407,5,6,26,19,2023-2024,ligue-1
arnaud kalimuendo,Rennes,37,347,339,107,715,46,37.0,25,54.3,1046,18,13,52,35,2023-2024,ligue-1
gedeon kalulu,Lorient,212,285,157,19,644,12,25.0,9,75.0,1003,11,3,9,7,2023-2024,ligue-1
warren kamanzi,Toulouse,203,354,195,22,749,8,25.0,5,62.5,1323,19,8,18,13,2023-2024,ligue-1
lee kangin,Paris S-G,114,486,559,41,1149,49,51.0,20,40.8,2178,50,17,15,17,2023-2024,ligue-1
yann karamoh,Montpellier,11,57,68,8,134,12,50.0,6,50.0,257,8,0,14,9,2023-2024,ligue-1
ayman kari,Lorient,103,244,174,23,508,30,53.3,12,40.0,1060,23,3,21,14,2023-2024,ligue-1
panos katseris,Lorient,137,212,233,36,574,37,35.1,23,62.2,923,17,5,37,14,2023-2024,ligue-1
kevin keben biakolo,Toulouse,139,150,33,3,318,7,42.9,4,57.1,559,7,0,11,1,2023-2024,ligue-1
yassine kechta,Le Havre,226,667,305,27,1180,35,28.6,22,62.9,2233,42,7,24,19,2023-2024,ligue-1
thilo kehrer,Monaco,412,635,81,20,1120,4,75.0,0,0.0,2303,11,0,3,2,2023-2024,ligue-1
habib keita,Clermont Foot,215,509,159,7,878,24,58.3,10,41.7,1402,21,3,23,15,2023-2024,ligue-1
reda khadra,Reims,83,199,297,41,556,60,46.7,31,51.7,1166,33,14,41,35,2023-2024,ligue-1
wahbi khazri,Montpellier,67,233,192,52,483,38,36.8,23,60.5,1031,22,10,31,14,2023-2024,ligue-1
abdukodir khusanov,Lens,275,234,29,3,535,2,50.0,1,50.0,757,4,0,6,0,2023-2024,ligue-1
philipp kohn,Monaco,704,2,0,0,706,1,100.0,0,0.0,1432,0,0,0,0,2023-2024,ligue-1
randal kolo muani,Paris S-G,56,205,293,73,545,72,38.9,40,55.6,1105,18,16,52,21,2023-2024,ligue-1
cheick konate,Clermont Foot,128,310,202,20,631,43,51.2,20,46.5,1113,19,8,19,13,2023-2024,ligue-1
geoffrey kondogbia,Marseille,229,744,153,13,1119,13,69.2,2,15.4,1544,13,0,20,14,2023-2024,ligue-1
abdoul kone,Reims,55,54,9,1,115,3,66.7,1,33.3,116,1,1,4,0,2023-2024,ligue-1
amadou kone,Reims,97,199,32,2,322,3,66.7,1,33.3,443,5,0,9,4,2023-2024,ligue-1
ibrahima kone,Lorient,0,7,0,0,7,0,,0,,17,0,0,2,1,2023-2024,ligue-1
nguessan kouadio,Metz,4,42,15,1,59,4,75.0,0,0.0,88,2,0,1,2,2023-2024,ligue-1
koffi kouao,Metz,188,231,100,8,511,10,80.0,2,20.0,705,11,3,17,3,2023-2024,ligue-1
therence koudou,Reims,52,91,64,1,204,3,100.0,0,0.0,309,3,1,3,4,2023-2024,ligue-1
boubakar kouyate,Montpellier,630,490,36,21,1155,3,100.0,0,0.0,1773,3,1,15,2,2023-2024,ligue-1
sael kumbedi,Lyon,183,356,196,16,727,20,35.0,13,65.0,1384,22,4,20,7,2023-2024,ligue-1
layvin kurzawa,Paris S-G,6,6,2,0,14,1,0.0,1,100.0,27,0,0,0,0,2023-2024,ligue-1
daler kuzyaev,Le Havre,252,602,398,51,1246,23,52.2,8,34.8,1656,32,6,31,15,2023-2024,ligue-1
grejohn kyei,Clermont Foot,18,204,185,57,405,30,33.3,20,66.7,493,11,3,38,19,2023-2024,ligue-1
gaetan laborde,Nice,77,333,377,101,778,50,34.0,33,66.0,1068,24,16,27,26,2023-2024,ligue-1
alexandre lacazette,Lyon,89,358,372,127,807,42,52.4,17,40.5,910,20,10,55,37,2023-2024,ligue-1
alban lafont,Nantes,1075,6,0,0,1081,1,0.0,0,0.0,1792,0,0,1,0,2023-2024,ligue-1
kenny lala,Brest,687,1276,545,14,2471,38,50.0,18,47.4,3750,51,3,21,12,2023-2024,ligue-1
mathis lambourde,Rennes,3,3,3,0,9,0,,0,,10,0,0,1,0,2023-2024,ligue-1
mohamed lamine bayo,Le Havre,31,205,245,77,477,39,43.6,20,51.3,585,16,14,35,24,2023-2024,ligue-1
didier lamkel ze,Metz,45,134,89,15,262,17,35.3,11,64.7,542,19,4,11,7,2023-2024,ligue-1
julien laporte,Lorient,656,550,32,16,1234,2,50.0,1,50.0,2433,3,1,1,2,2023-2024,ligue-1
theo le bris,Lorient,248,320,317,34,876,35,45.7,17,48.6,1724,38,8,30,7,2023-2024,ligue-1
julien le cardinal,Brest,160,157,28,7,343,5,60.0,2,40.0,646,4,0,5,1,2023-2024,ligue-1
julien le cardinal,Lens,16,20,5,0,40,1,100.0,0,0.0,43,0,0,0,0,2023-2024,ligue-1
jeremy le douaron,Brest,72,227,334,83,626,60,26.7,35,58.3,1227,31,15,53,24,2023-2024,ligue-1
enzo le fee,Rennes,227,691,344,19,1239,53,54.7,22,41.5,2446,48,7,33,24,2023-2024,ligue-1
vincent le goff,Lorient,130,128,118,9,372,4,100.0,0,0.0,720,10,1,4,2,2023-2024,ligue-1
adrien lebeau,Brest,8,19,16,2,42,1,0.0,1,100.0,54,2,1,2,1,2023-2024,ligue-1
jeanlouis leca,Lens,28,0,0,0,28,0,,0,,46,0,0,0,0,2023-2024,ligue-1
benjamin lecomte,Montpellier,1067,16,0,0,1082,0,,0,,2923,0,0,0,0,2023-2024,ligue-1
pierre leesmelou,Brest,606,1158,368,43,2091,44,65.9,14,31.8,3989,56,13,43,12,2023-2024,ligue-1
johann lepenant,Lyon,39,129,43,4,210,4,75.0,1,25.0,372,7,3,5,0,2023-2024,ligue-1
leo leroy,Montpellier,98,130,48,6,270,14,35.7,9,64.3,408,5,1,8,5,2023-2024,ligue-1
gautier lloris,Le Havre,915,752,75,34,1733,10,40.0,5,50.0,2971,14,0,9,2,2023-2024,ligue-1
abou lo,Metz,49,42,8,2,99,3,66.7,1,33.3,79,2,0,2,0,2023-2024,ligue-1
bradley locko,Brest,666,1101,544,21,2269,118,47.5,52,44.1,4389,62,4,68,28,2023-2024,ligue-1
renan lodi,Marseille,247,390,243,19,874,8,25.0,5,62.5,1376,30,2,15,2,2023-2024,ligue-1
elysee logbo,Le Havre,9,36,35,12,79,5,80.0,1,20.0,57,0,1,16,7,2023-2024,ligue-1
anthony lopes,Lyon,1093,17,0,0,1110,0,,0,,2904,0,0,0,0,2023-2024,ligue-1
pau lopez,Marseille,1216,42,0,0,1258,0,,0,,3149,0,0,1,0,2023-2024,ligue-1
jordan lotomba,Nice,356,588,250,22,1169,42,45.2,19,45.2,2071,33,2,23,20,2023-2024,ligue-1
tom louchet,Nice,73,128,108,5,307,7,14.3,6,85.7,552,8,0,7,6,2023-2024,ligue-1
imran louza,Lorient,96,401,183,17,672,18,55.6,7,38.9,1186,21,2,14,10,2023-2024,ligue-1
dejan lovren,Lyon,247,248,28,7,521,0,,0,,735,8,0,1,2,2023-2024,ligue-1
joshua mbahia,Clermont Foot,6,4,5,0,15,0,,0,,51,0,0,0,1,2023-2024,ligue-1
othmane maamma,Montpellier,9,23,22,5,49,10,60.0,4,40.0,138,6,3,5,5,2023-2024,ligue-1
deiver machado,Lens,124,274,223,25,613,24,29.2,10,41.7,866,15,4,18,16,2023-2024,ligue-1
soungoutou magassa,Monaco,401,719,68,9,1177,16,50.0,4,25.0,1934,13,1,23,8,2023-2024,ligue-1
hugo magnetti,Brest,240,812,333,23,1366,39,66.7,11,28.2,2046,43,5,31,18,2023-2024,ligue-1
yohann magnin,Clermont Foot,249,641,186,28,1066,11,27.3,7,63.6,1227,15,2,36,12,2023-2024,ligue-1
frank magri,Toulouse,57,210,262,63,520,37,35.1,20,54.1,891,17,11,38,25,2023-2024,ligue-1
adel mahamoud,Nantes,0,3,2,0,5,1,100.0,0,0.0,4,0,0,1,0,2023-2024,ligue-1
habib maiga,Metz,26,44,14,2,82,0,,0,,111,2,0,2,2,2023-2024,ligue-1
ainsley maitlandniles,Lyon,269,400,293,41,948,33,48.5,14,42.4,1645,25,6,15,11,2023-2024,ligue-1
radosaw majecki,Monaco,399,2,0,0,401,0,,0,,879,0,0,0,0,2023-2024,ligue-1
lovro majer,Rennes,6,9,6,2,20,1,100.0,0,0.0,58,0,1,1,0,2023-2024,ligue-1
jeanvictor makengo,Lorient,75,189,80,3,339,14,35.7,8,57.1,744,7,0,8,11,2023-2024,ligue-1
aaron malouda,Lille,0,0,0,0,0,0,,0,,0,0,0,0,0,2023-2024,ligue-1
hianga mananga mbock,Brest,0,5,5,1,10,0,,0,,65,2,0,0,0,2023-2024,ligue-1
steve mandanda,Rennes,1267,19,0,0,1286,1,100.0,0,0.0,2525,1,1,1,0,2023-2024,ligue-1
orel mangala,Lyon,34,132,63,7,228,7,42.9,2,28.6,382,6,0,9,5,2023-2024,ligue-1
vito mannone,Lille,41,0,0,0,41,0,,0,,59,0,0,0,0,2023-2024,ligue-1
faitout maouassa,Lens,11,11,20,4,42,2,50.0,1,50.0,62,0,2,0,4,2023-2024,ligue-1
guillermo maripan,Monaco,615,635,32,13,1274,1,100.0,0,0.0,1648,1,1,9,1,2023-2024,ligue-1
marquinhos,Nantes,17,42,40,8,99,7,57.1,3,42.9,115,2,1,2,6,2023-2024,ligue-1
marquinhos,Paris S-G,669,1175,124,9,1957,1,100.0,0,0.0,5226,25,0,8,2,2023-2024,ligue-1
jonas martin,Brest,221,719,170,17,1099,11,45.5,6,54.5,1930,23,2,13,12,2023-2024,ligue-1
clinton mata,Lyon,650,803,349,13,1785,38,60.5,11,28.9,2926,27,2,29,19,2023-2024,ligue-1
eliot matazo,Monaco,20,41,17,1,76,3,66.7,1,33.3,129,4,1,2,1,2023-2024,ligue-1
nemanja matic,Rennes,244,549,147,7,923,21,76.2,3,14.3,2164,37,0,11,15,2023-2024,ligue-1
nemanja matic,Lyon,306,608,198,22,1100,20,60.0,8,40.0,2354,36,8,11,10,2023-2024,ligue-1
chrislain matsima,Clermont Foot,391,397,20,5,807,5,40.0,1,20.0,1799,4,1,6,4,2023-2024,ligue-1
chrislain matsima,Monaco,73,169,19,2,259,2,0.0,1,50.0,715,7,0,3,1,2023-2024,ligue-1
azor matusiwa,Reims,216,558,164,10,929,13,69.2,3,23.1,1296,20,2,15,10,2023-2024,ligue-1
azor matusiwa,Rennes,108,317,108,8,530,4,50.0,1,25.0,800,19,0,6,6,2023-2024,ligue-1
aiman maurer,Clermont Foot,5,9,24,4,38,3,66.7,1,33.3,43,1,1,3,1,2023-2024,ligue-1
christian mawissa,Toulouse,325,371,97,13,784,42,57.1,15,35.7,1628,25,4,14,5,2023-2024,ligue-1
noam mayokatika,Marseille,0,1,0,0,1,0,,0,,0,0,0,0,0,2023-2024,ligue-1
senny mayulu,Paris S-G,20,91,111,17,221,10,50.0,5,50.0,367,3,3,14,3,2023-2024,ligue-1
youssef maziz,Metz,9,30,15,2,53,3,66.7,1,33.3,102,3,0,3,1,2023-2024,ligue-1
ethan mbappe,Paris S-G,8,24,17,2,49,0,,0,,64,3,1,0,0,2023-2024,ligue-1
kylian mbappe,Paris S-G,31,441,801,207,1256,133,45.9,62,46.6,3207,69,66,56,35,2023-2024,ligue-1
malick mbaye,Metz,5,40,37,4,78,1,100.0,0,0.0,159,5,2,5,2,2023-2024,ligue-1
chancel mbemba,Marseille,618,925,98,25,1631,11,63.6,3,27.3,4035,29,2,17,5,2023-2024,ligue-1
nolan mbemba,Le Havre,4,26,10,0,40,0,,0,,93,1,0,1,0,2023-2024,ligue-1
christ mbondi,Reims,1,1,1,0,3,0,,0,,2,0,0,0,0,2023-2024,ligue-1
facundo medina,Lens,776,1382,239,17,2367,32,56.3,14,43.8,6030,53,4,30,15,2023-2024,ligue-1
bamo meite,Marseille,241,327,42,2,605,9,55.6,2,22.2,1280,14,1,5,4,2023-2024,ligue-1
bamo meite,Lorient,60,19,1,0,80,0,,0,,107,0,0,2,1,2023-2024,ligue-1
birger meling,Rennes,4,2,4,1,10,0,,0,,4,0,0,0,0,2023-2024,ligue-1
nuno mendes,Paris S-G,48,126,72,10,245,10,60.0,4,40.0,530,11,2,2,3,2023-2024,ligue-1
antoine mendy,Nice,142,125,27,3,291,9,66.7,3,33.3,505,3,0,1,0,2023-2024,ligue-1
benjamin mendy,Lorient,87,226,238,15,543,18,50.0,9,50.0,937,28,1,12,5,2023-2024,ligue-1
formose mendy,Lorient,371,479,67,11,900,11,54.5,5,45.5,1569,9,1,14,8,2023-2024,ligue-1
nampalys mendy,Lens,132,510,138,2,769,9,33.3,6,66.7,1377,30,1,11,4,2023-2024,ligue-1
quentin merlin,Marseille,119,268,139,8,525,9,44.4,4,44.4,796,6,4,7,6,2023-2024,ligue-1
quentin merlin,Nantes,245,452,297,19,984,19,52.6,9,47.4,1787,38,5,17,6,2023-2024,ligue-1
bastien meupiyou,Nantes,4,3,1,0,7,0,,0,,5,0,0,1,0,2023-2024,ligue-1
lucas michal,Monaco,0,1,0,0,1,0,,0,,31,0,0,0,0,2023-2024,ligue-1
georges mikautadze,Metz,44,343,304,78,666,98,42.9,52,53.1,1583,35,24,44,25,2023-2024,ligue-1
takumi minamino,Monaco,116,530,527,110,1150,42,35.7,23,54.8,1959,44,19,60,22,2023-2024,ligue-1
lucas mincarelli,Montpellier,190,253,135,10,572,22,36.4,13,59.1,998,27,1,11,15,2023-2024,ligue-1
ignacio miramon,Lille,5,28,6,0,37,0,,0,,76,1,0,1,0,2023-2024,ligue-1
terem moffi,Nice,44,282,256,92,569,33,57.6,13,39.4,995,23,12,57,34,2023-2024,ligue-1
mostafa mohamed,Nantes,85,322,280,103,670,35,42.9,18,51.4,740,18,10,82,37,2023-2024,ligue-1
florent mollet,Nantes,170,628,508,58,1298,35,37.1,20,57.1,1549,31,9,40,15,2023-2024,ligue-1
enzo mongo,Nantes,3,2,0,0,5,0,,0,,0,0,0,0,0,2023-2024,ligue-1
diego moreira,Lyon,24,74,51,9,148,9,22.2,7,77.8,355,5,3,13,6,2023-2024,ligue-1
lebo mothiba,Strasbourg,17,64,103,37,183,5,80.0,1,20.0,280,6,5,16,11,2023-2024,ligue-1
steve mounie,Brest,39,322,316,119,673,18,61.1,7,38.9,717,23,6,58,17,2023-2024,ligue-1
samuel moutoussamy,Nantes,144,361,134,21,634,12,41.7,6,50.0,1197,17,2,19,9,2023-2024,ligue-1
loris mouyokolo,Lorient,51,14,1,0,66,0,,0,,110,0,0,0,0,2023-2024,ligue-1
francois mughe,Marseille,9,16,48,4,73,8,25.0,6,75.0,232,8,1,10,1,2023-2024,ligue-1
nordi mukiele,Paris S-G,278,296,107,15,676,11,72.7,1,9.1,996,6,3,15,11,2023-2024,ligue-1
marshall munetsi,Reims,161,433,253,72,836,33,30.3,21,63.6,935,17,1,51,17,2023-2024,ligue-1
yvon mvogo,Lorient,1235,4,0,0,1239,1,100.0,0,0.0,2834,0,0,0,0,2023-2024,ligue-1
joel mvuka,Lorient,12,27,38,2,75,13,23.1,8,61.5,94,3,0,2,2,2023-2024,ligue-1
junior mwanga,Strasbourg,188,369,168,25,713,46,60.9,15,32.6,1427,20,6,32,24,2023-2024,ligue-1
kevin ndoram,Metz,226,470,83,8,771,12,33.3,6,50.0,1006,11,0,15,8,2023-2024,ligue-1
bilal nadir,Marseille,6,39,15,3,59,2,50.0,0,0.0,122,3,1,3,0,2023-2024,ligue-1
mahamadou nagida,Rennes,15,30,39,6,82,5,60.0,1,20.0,251,6,2,2,1,2023-2024,ligue-1
keito nakamura,Reims,78,227,280,66,570,32,59.4,13,40.6,1412,24,17,34,28,2023-2024,ligue-1
keylor navas,Paris S-G,102,1,0,0,103,0,,0,,123,0,0,0,0,2023-2024,ligue-1
youssouf ndayishimiye,Nice,435,981,110,18,1516,15,73.3,3,20.0,2546,17,1,14,14,2023-2024,ligue-1
bassirou ndiaye,Lorient,11,39,23,3,69,7,28.6,5,71.4,75,2,0,12,5,2023-2024,ligue-1
iliman ndiaye,Marseille,78,302,411,73,771,79,55.7,30,38.0,1500,32,15,42,41,2023-2024,ligue-1
massamba ndiaye,Clermont Foot,185,3,0,0,188,0,,0,,375,0,0,0,0,2023-2024,ligue-1
rassoul ndiaye,Le Havre,81,188,65,2,328,14,57.1,6,42.9,502,8,0,8,6,2023-2024,ligue-1
cher ndour,Paris S-G,4,21,6,0,30,1,100.0,0,0.0,20,0,0,2,0,2023-2024,ligue-1
joseph nduquidi,Metz,82,172,43,7,289,5,20.0,4,80.0,542,12,1,12,4,2023-2024,ligue-1
loic nego,Le Havre,149,367,281,30,784,33,39.4,18,54.5,1344,36,4,15,9,2023-2024,ligue-1
steve ngoura,Le Havre,6,37,41,12,83,4,75.0,1,25.0,100,3,1,12,2,2023-2024,ligue-1
shamar nicholson,Clermont Foot,39,279,223,74,534,26,30.8,17,65.4,646,16,14,33,18,2023-2024,ligue-1
rasmus nicolaisen,Toulouse,980,989,64,44,2027,4,75.0,1,25.0,3528,5,0,10,2,2023-2024,ligue-1
arnaud nordin,Montpellier,66,227,271,66,551,55,60.0,15,27.3,1667,48,25,42,19,2023-2024,ligue-1
ernest nuamah,Lyon,128,324,561,108,983,122,41.8,63,51.6,2990,66,38,68,31,2023-2024,ligue-1
gerzino nyamsi,Strasbourg,416,314,13,10,739,3,100.0,0,0.0,1185,1,0,5,1,2023-2024,ligue-1
rabby nzingoula,Strasbourg,16,31,23,2,68,4,50.0,2,50.0,125,3,1,3,2,2023-2024,ligue-1
jake obrien,Lyon,856,724,63,28,1631,9,77.8,1,11.1,3451,8,0,7,5,2023-2024,ligue-1
florent ogier,Clermont Foot,354,246,19,12,616,1,100.0,0,0.0,957,3,0,3,0,2023-2024,ligue-1
joseph okumu,Reims,765,755,34,15,1542,10,70.0,1,10.0,3561,16,1,13,5,2023-2024,ligue-1
warmed omari,Rennes,664,791,55,8,1499,8,75.0,2,25.0,4341,17,1,11,7,2023-2024,ligue-1
becir omeragic,Montpellier,614,616,69,19,1283,9,66.7,3,33.3,3032,13,2,9,3,2023-2024,ligue-1
jean onana,Marseille,122,355,61,2,534,6,33.3,3,50.0,1123,14,0,8,3,2023-2024,ligue-1
royce openda owaga,Lorient,1,3,1,1,5,2,50.0,1,50.0,16,0,0,1,0,2023-2024,ligue-1
christopher operi,Le Havre,589,763,527,15,1864,55,52.7,21,38.2,2139,49,2,30,23,2023-2024,ligue-1
gift orban,Lyon,12,70,80,25,159,13,38.5,7,53.8,194,4,8,21,7,2023-2024,ligue-1
kassoum ouattara,Monaco,94,174,180,21,440,19,42.1,9,47.4,736,17,8,19,11,2023-2024,ligue-1
alexandre oukidja,Metz,1105,7,0,0,1112,3,100.0,0,0.0,2557,0,0,0,0,2023-2024,ligue-1
azzedine ounahi,Marseille,142,519,302,23,959,27,29.6,18,66.7,1963,41,9,21,17,2023-2024,ligue-1
adam ounas,Lille,27,102,133,15,253,25,64.0,6,24.0,616,12,8,13,16,2023-2024,ligue-1
patrick ouotro,Strasbourg,1,1,1,0,3,0,,0,,18,0,0,0,0,2023-2024,ligue-1
pablo pagis,Lorient,15,45,29,2,89,2,50.0,1,50.0,105,2,0,5,1,2023-2024,ligue-1
nicolas pallois,Nantes,521,450,42,7,1005,12,75.0,3,25.0,1623,6,0,6,3,2023-2024,ligue-1
andy pelmard,Clermont Foot,844,1011,94,4,1928,10,70.0,2,20.0,4757,24,2,10,3,2023-2024,ligue-1
aurelien pelon,Lorient,31,12,1,0,44,1,100.0,0,0.0,30,0,0,0,0,2023-2024,ligue-1
faris pemi moumbagna,Marseille,6,75,88,37,168,7,14.3,6,85.7,165,4,4,19,7,2023-2024,ligue-1
danilo pereira,Paris S-G,827,1543,70,15,2430,5,60.0,2,40.0,6336,23,0,4,1,2023-2024,ligue-1
mathias pereira lage,Brest,70,215,285,45,564,28,28.6,16,57.1,727,14,3,28,13,2023-2024,ligue-1
romain perraud,Nice,104,120,77,5,300,7,28.6,4,57.1,393,6,1,11,2,2023-2024,ligue-1
lucas perrin,Strasbourg,1141,937,58,24,2122,10,50.0,4,40.0,5263,11,2,15,4,2023-2024,ligue-1
denis petric,Nantes,8,0,0,0,8,0,,0,,16,0,0,0,0,2023-2024,ligue-1
ronael pierregabriel,Nantes,153,146,82,8,376,8,50.0,4,50.0,659,13,0,9,3,2023-2024,ligue-1
julien ponceau,Lorient,233,771,499,52,1471,85,49.4,38,44.7,3775,93,14,47,41,2023-2024,ligue-1
sanjin prcic,Strasbourg,12,33,9,0,54,0,,0,,84,0,0,1,0,2023-2024,ligue-1
goncalo ramos,Paris S-G,76,238,282,93,591,21,38.1,11,52.4,518,10,10,37,16,2023-2024,ligue-1
elba rashani,Clermont Foot,93,238,227,42,550,46,37.0,26,56.5,803,16,6,22,22,2023-2024,ligue-1
guillaume restes,Toulouse,982,8,0,0,990,1,100.0,0,0.0,1714,0,0,1,0,2023-2024,ligue-1
alexsandro ribeiro,Lille,893,1121,64,25,2069,10,40.0,3,30.0,3888,10,2,15,7,2023-2024,ligue-1
amir richardson,Reims,166,487,214,20,855,26,30.8,18,69.2,1511,28,3,23,21,2023-2024,ligue-1
fabian rieder,Rennes,25,159,76,7,255,5,40.0,3,60.0,396,6,1,8,3,2023-2024,ligue-1
remy riou,Lyon,106,1,0,0,107,0,,0,,214,0,0,0,0,2023-2024,ligue-1
valentin rongier,Marseille,135,413,143,10,685,10,50.0,5,50.0,1333,14,1,14,8,2023-2024,ligue-1
pablo rosario,Nice,425,814,164,22,1398,20,55.0,8,40.0,2214,19,2,26,15,2023-2024,ligue-1
valentin rosier,Nice,13,20,15,3,47,1,0.0,1,100.0,102,3,1,2,1,2023-2024,ligue-1
fabian ruiz pena,Paris S-G,226,558,220,20,987,20,80.0,2,10.0,1523,25,1,12,3,2023-2024,ligue-1
emmanuel sabbi,Le Havre,106,260,272,61,628,60,33.3,37,61.7,1057,16,16,44,22,2023-2024,ligue-1
falaye sacko,Montpellier,288,425,220,11,922,19,57.9,8,42.1,1612,28,5,14,7,2023-2024,ligue-1
modibo sagnan,Montpellier,342,306,31,13,676,2,100.0,0,0.0,1211,3,0,6,3,2023-2024,ligue-1
moise sahi dion,Strasbourg,35,129,109,29,268,13,30.8,9,69.2,503,10,4,22,6,2023-2024,ligue-1
wesley said,Lens,27,158,209,77,386,21,61.9,7,33.3,741,15,7,27,11,2023-2024,ligue-1
theo sainteluce,Montpellier,80,109,43,4,229,9,33.3,5,55.6,326,6,1,5,1,2023-2024,ligue-1
mamadou sakho,Montpellier,11,7,0,0,18,0,,0,,36,0,0,0,0,2023-2024,ligue-1
ibrahim salah,Rennes,59,128,159,18,341,29,37.9,18,62.1,700,17,2,18,15,2023-2024,ligue-1
amine salama,Reims,10,48,56,10,110,14,71.4,3,21.4,311,4,3,15,5,2023-2024,ligue-1
mohammed salisu,Monaco,337,540,38,7,905,6,66.7,2,33.3,1671,13,0,5,1,2023-2024,ligue-1
yoann salmier,Le Havre,413,432,88,19,926,8,62.5,3,37.5,1489,16,0,10,4,2023-2024,ligue-1
mama samba balde,Lyon,21,87,133,43,234,28,42.9,16,57.1,586,9,15,28,11,2023-2024,ligue-1
brice samba,Lens,1173,22,0,0,1194,0,,0,,2662,0,0,2,0,2023-2024,ligue-1
ibou sane,Metz,13,28,38,3,77,7,42.9,4,57.1,167,2,3,8,4,2023-2024,ligue-1
sadibou sane,Metz,239,171,34,9,441,3,100.0,0,0.0,829,3,1,4,0,2023-2024,ligue-1
arouna sangante,Le Havre,760,863,224,35,1827,17,64.7,4,23.5,2969,23,2,19,15,2023-2024,ligue-1
morgan sanson,Nice,170,505,436,46,1093,50,50.0,22,44.0,2036,51,12,61,41,2023-2024,ligue-1
baptiste santamaria,Rennes,333,906,212,18,1444,25,56.0,9,36.0,2275,28,0,27,19,2023-2024,ligue-1
andrey santos,Strasbourg,135,398,86,7,614,19,42.1,9,47.4,1018,19,0,12,10,2023-2024,ligue-1
tiago santos,Lille,371,876,494,53,1715,105,51.4,36,34.3,3810,55,22,44,26,2023-2024,ligue-1
amin sarr,Lyon,3,14,18,7,35,3,66.7,1,33.3,50,1,2,4,0,2023-2024,ligue-1
ismaila sarr,Marseille,72,252,357,89,675,45,31.1,25,55.6,1556,33,21,32,25,2023-2024,ligue-1
mamadou sarr,Lyon,1,4,0,0,5,0,,0,,5,0,0,0,0,2023-2024,ligue-1
martin satriano,Brest,79,297,347,99,714,45,46.7,24,53.3,889,22,12,67,16,2023-2024,ligue-1
teji savanier,Montpellier,434,1212,682,52,2276,108,50.9,42,38.9,3398,59,8,59,38,2023-2024,ligue-1
niklas schmidt,Toulouse,172,565,234,14,959,20,55.0,9,45.0,1630,26,1,18,9,2023-2024,ligue-1
jeremy sebas,Strasbourg,14,44,69,14,123,18,55.6,8,44.4,329,9,7,9,8,2023-2024,ligue-1
alidu seidu,Rennes,121,215,109,2,439,11,54.5,3,27.3,812,16,1,11,3,2023-2024,ligue-1
alidu seidu,Clermont Foot,372,488,55,1,905,25,44.0,12,48.0,1861,17,0,13,6,2023-2024,ligue-1
matz sels,Strasbourg,657,7,0,0,664,0,,0,,1252,0,0,0,0,2023-2024,ligue-1
marvin senaya,Strasbourg,458,693,329,27,1465,72,37.5,35,48.6,2495,43,6,37,12,2023-2024,ligue-1
sofiane sidi ali,Marseille,2,8,7,2,17,3,0.0,3,100.0,17,0,0,1,2,2023-2024,ligue-1
vincent sierro,Toulouse,314,891,396,23,1573,30,56.7,11,36.7,2250,26,4,32,24,2023-2024,ligue-1
caio henrique oliveira silva,Monaco,105,231,200,19,528,9,55.6,4,44.4,828,15,7,11,3,2023-2024,ligue-1
moses simon,Nantes,50,233,441,117,705,89,52.8,38,42.7,2905,53,55,60,37,2023-2024,ligue-1
wilfried singo,Monaco,616,961,196,27,1754,41,70.7,9,22.0,3456,48,3,18,7,2023-2024,ligue-1
ayanda sishuba,Lens,5,9,33,11,47,13,61.5,4,30.8,182,3,6,8,2,2023-2024,ligue-1
ibrahima sissoko,Strasbourg,234,550,185,29,952,21,52.4,7,33.3,1422,30,1,27,23,2023-2024,ligue-1
moussa sissoko,Nantes,175,452,211,19,823,22,45.5,11,50.0,1644,25,1,23,8,2023-2024,ligue-1
milan skriniar,Paris S-G,751,1176,38,5,1959,3,66.7,0,0.0,3525,11,0,6,1,2023-2024,ligue-1
naatan skytta,Toulouse,4,39,34,5,77,1,100.0,0,0.0,104,0,1,4,1,2023-2024,ligue-1
eduard sobol,Strasbourg,2,9,4,0,15,0,,0,,69,3,0,0,0,2023-2024,ligue-1
emran soglo,Marseille,14,30,18,4,61,2,50.0,1,50.0,57,2,1,3,1,2023-2024,ligue-1
carlos soler,Paris S-G,183,423,273,36,872,10,50.0,4,40.0,1302,23,2,14,8,2023-2024,ligue-1
florian sotoca,Lens,171,837,757,132,1745,39,51.3,15,38.5,2515,70,10,49,33,2023-2024,ligue-1
issa soumare,Le Havre,8,49,43,6,98,11,27.3,4,36.4,143,5,1,11,2,2023-2024,ligue-1
saidou sow,Strasbourg,230,202,14,6,440,6,66.7,1,16.7,1010,3,0,3,3,2023-2024,ligue-1
stijn spierings,Toulouse,256,826,189,6,1257,12,41.7,6,50.0,2124,35,0,13,15,2023-2024,ligue-1
stijn spierings,Lens,15,39,15,1,69,0,,0,,87,1,0,0,1,2023-2024,ligue-1
benjamin stambouli,Reims,46,89,25,2,158,1,100.0,0,0.0,229,1,0,2,0,2023-2024,ligue-1
gabriel suazo,Toulouse,393,797,558,53,1726,62,56.5,24,38.7,2567,50,9,33,16,2023-2024,ligue-1
abakar sylla,Strasbourg,717,729,56,18,1490,13,69.2,4,30.8,3215,11,0,14,7,2023-2024,ligue-1
dembo sylla,Lorient,6,8,14,1,28,0,,0,,12,1,0,1,1,2023-2024,ligue-1
issiaga sylla,Montpellier,289,410,212,30,899,19,52.6,9,47.4,1562,21,2,30,14,2023-2024,ligue-1
musa altaamari,Montpellier,95,331,444,92,843,115,38.3,61,53.0,2262,59,46,80,32,2023-2024,ligue-1
nicolas tagliafico,Lyon,364,688,339,35,1385,16,31.3,10,62.5,2019,27,4,13,12,2023-2024,ligue-1
montassar talbi,Lorient,760,654,52,12,1453,15,66.7,5,33.3,3816,12,0,23,4,2023-2024,ligue-1
oussama targhalline,Le Havre,197,497,135,3,813,16,43.8,7,43.8,1794,32,0,7,5,2023-2024,ligue-1
enzo tchato,Montpellier,222,332,196,10,741,5,80.0,1,20.0,1543,31,3,9,2,2023-2024,ligue-1
arnau tenas,Paris S-G,218,2,0,0,220,0,,0,,397,0,0,0,0,2023-2024,ligue-1
martin terrier,Rennes,75,288,323,87,679,39,41.0,18,46.2,1153,25,9,33,18,2023-2024,ligue-1
benjamin tetteh,Metz,11,68,34,7,112,9,44.4,5,55.6,118,4,1,15,2,2023-2024,ligue-1
teddy teuma,Reims,261,967,558,32,1760,47,57.4,16,34.0,2853,38,4,43,17,2023-2024,ligue-1
arthur theate,Rennes,810,949,135,28,1882,14,50.0,6,42.9,5220,36,3,16,3,2023-2024,ligue-1
adrien thomasson,Lens,107,330,393,75,822,14,64.3,5,35.7,1117,23,7,29,22,2023-2024,ligue-1
khephren thuram,Nice,296,842,284,43,1397,62,56.5,25,40.3,3321,67,10,37,23,2023-2024,ligue-1
cheikh tidiane sabaly,Metz,117,258,215,45,571,69,44.9,36,52.2,1300,32,14,34,19,2023-2024,ligue-1
jeanclair todibo,Nice,1258,1440,99,16,2779,27,59.3,9,33.3,6410,19,1,19,9,2023-2024,ligue-1
corentin tolisso,Lyon,314,794,351,39,1450,9,55.6,4,44.4,2509,43,2,26,22,2023-2024,ligue-1
abdoulaye toure,Le Havre,385,946,194,17,1502,42,69.0,12,28.6,2425,37,2,37,28,2023-2024,ligue-1
souleymane toure,Lorient,677,727,140,40,1538,14,78.6,3,21.4,3186,21,4,17,12,2023-2024,ligue-1
benie traore,Nantes,19,91,110,23,212,25,52.0,11,44.0,585,15,7,19,9,2023-2024,ligue-1
daouda traore,Nice,0,6,5,1,11,1,0.0,1,100.0,23,0,0,0,0,2023-2024,ligue-1
ismael traore,Metz,573,399,22,12,986,6,66.7,2,33.3,1079,2,0,9,3,2023-2024,ligue-1
adrien truffert,Rennes,388,665,545,47,1586,56,42.9,28,50.0,2732,61,8,34,24,2023-2024,ligue-1
matthieu udol,Metz,607,747,319,38,1655,40,50.0,18,45.0,2508,40,2,27,11,2023-2024,ligue-1
manuel ugarte ribeiro,Paris S-G,327,987,307,12,1597,40,52.5,15,37.5,2111,35,4,25,24,2023-2024,ligue-1
samuel umtiti,Lille,79,99,0,0,178,1,0.0,1,100.0,310,0,0,0,0,2023-2024,ligue-1
kevin van den kerkhof,Metz,156,274,381,42,782,72,43.1,40,55.6,1886,62,11,52,35,2023-2024,ligue-1
vanderson,Monaco,253,614,397,42,1247,38,44.7,21,55.3,1728,32,6,26,13,2023-2024,ligue-1
jordan veretout,Marseille,221,802,515,34,1516,21,42.9,12,57.1,2741,54,11,24,23,2023-2024,ligue-1
alan virginius,Lille,2,10,9,2,21,4,50.0,2,50.0,54,0,1,1,0,2023-2024,ligue-1
alan virginius,Clermont Foot,38,127,138,40,300,20,50.0,10,50.0,806,11,10,24,11,2023-2024,ligue-1
vitinha,Marseille,36,128,209,72,366,34,50.0,17,50.0,543,13,9,35,17,2023-2024,ligue-1
vitinha,Paris S-G,334,1093,685,50,2094,52,61.5,19,36.5,3462,68,11,31,23,2023-2024,ligue-1
elye wahi,Montpellier,0,5,6,1,10,1,100.0,0,0.0,17,1,1,3,0,2023-2024,ligue-1
elye wahi,Lens,18,196,276,115,480,44,38.6,20,45.5,1024,24,26,57,25,2023-2024,ligue-1
mateusz wieteska,Clermont Foot,73,64,3,3,139,1,0.0,1,100.0,339,0,0,0,0,2023-2024,ligue-1
josh wilsonesbrand,Reims,66,163,77,10,304,17,58.8,7,41.2,569,10,3,9,8,2023-2024,ligue-1
christopher wooh,Rennes,411,492,42,19,931,8,12.5,3,37.5,2261,3,1,10,3,2023-2024,ligue-1
yusuf yazc,Lille,74,281,287,67,636,30,43.3,17,56.7,1274,21,6,32,22,2023-2024,ligue-1
kelvin yeboah,Montpellier,23,43,61,18,126,14,57.1,4,28.6,280,6,6,13,6,2023-2024,ligue-1
bertug yldrm,Rennes,16,82,62,21,155,9,66.7,1,11.1,266,7,2,13,7,2023-2024,ligue-1
darlin yongwa,Lorient,237,291,287,33,801,58,44.8,29,50.0,1568,36,13,26,19,2023-2024,ligue-1
leny yoro,Lille,1046,1048,35,18,2118,11,72.7,2,18.2,4082,7,0,15,1,2023-2024,ligue-1
etienne youte kinkoue,Le Havre,658,491,31,13,1172,2,50.0,1,50.0,1886,2,0,8,2,2023-2024,ligue-1
yoram zague,Paris S-G,107,220,51,3,375,4,50.0,1,25.0,606,7,0,2,1,2023-2024,ligue-1
warren zaireemery,Paris S-G,261,874,524,35,1642,39,41.0,21,53.8,3098,61,12,30,34,2023-2024,ligue-1
denis zakaria,Monaco,400,851,205,21,1432,39,74.4,9,23.1,2766,39,4,30,12,2023-2024,ligue-1
mehdi zeffane,Clermont Foot,229,414,179,17,816,10,20.0,8,80.0,1112,15,2,16,4,2023-2024,ligue-1
nathan zeze,Nantes,298,273,9,3,580,0,,0,,1219,2,0,4,0,2023-2024,ligue-1
edon zhegrova,Lille,110,463,842,115,1387,174,51.7,76,43.7,3825,78,54,55,50,2023-2024,ligue-1
luck zogbe,Brest,8,2,0,0,10,1,0.0,1,100.0,18,0,0,0,0,2023-2024,ligue-1
